Date,Crop,Stage,Kc,Irrig,ETa/ETc,AbBiom,OrgBiom/Leaf,OrgBiom/Fruit,Yield,LAI,Precip,Mois_1,Mois_2,Mois_3,Mois,SOC_1,SOC_2,SOC_3,Tavg,Globrad
[],[],[1-6/7],[],[mm],[],[kgDM ha-1],[kgDM ha-1],[kgDM ha-1],[kgDM ha-1],[m2 m-2],[mm],[m3 m-3],[m3 m-3],[m3 m-3],[m3 m-3],[kgC kg-1],[kgC kg-1],[kgC kg-1],[],[]
1991-01-01,,0,0.75,0,0.97,0,0,0,0,0,0,0.231634,0.233568,0.233877,0.233026,0.007887,0.007886,0.007886,-0.6,0.52
1991-01-02,,0,0.75,0,0.97,0,0,0,0,0,0,0.226817,0.232505,0.233418,0.230913,0.007886,0.007886,0.007886,2.8,0.52
1991-01-03,,0,0.75,0,0.96,0,0,0,0,0,0,0.21884,0.230741,0.232655,0.227412,0.007886,0.007886,0.007886,7,1.63
1991-01-04,,0,0.75,0,0.96,0,0,0,0,0,0,0.209375,0.228639,0.231746,0.223253,0.007886,0.007886,0.007886,5.7,0.52
1991-01-05,,0,0.75,0,0.95,0,0,0,0,0,1,0.212187,0.227033,0.23105,0.223424,0.007886,0.007885,0.007885,5.6,0.52
1991-01-06,,0,0.75,0,0.95,0,0,0,0,0,1,0.219688,0.226477,0.230809,0.225658,0.007886,0.007885,0.007885,4,0.52
1991-01-07,,0,0.75,0,0.96,0,0,0,0,0,0,0.213397,0.225085,0.230205,0.222896,0.007885,0.007885,0.007885,4.7,0.69
1991-01-08,,0,0.75,0,0.95,0,0,0,0,0,1,0.217465,0.223767,0.229634,0.223622,0.007885,0.007885,0.007884,3.9,0.75
1991-01-09,,0,0.75,0,0.96,0,0,0,0,0,1,0.219359,0.221974,0.228855,0.223396,0.007885,0.007885,0.007884,5.7,0.52
1991-01-10,,0,0.75,0,0.96,0,0,0,0,0,0,0.216533,0.221351,0.228584,0.222156,0.007885,0.007884,0.007884,-0.1,4.79
1991-01-11,,0,0.75,0,1,0,0,0,0,0,0,0.216533,0.221351,0.228584,0.222156,0.007885,0.007884,0.007884,-3.2,3.77
1991-01-12,,0,0.75,0,0.95,0,0,0,0,0,0,0.211731,0.220289,0.228123,0.220048,0.007885,0.007884,0.007884,1,1.94
1991-01-13,,0,0.75,0,0,0,0,0,0,0,1,0.222548,0.220289,0.228123,0.223653,0.007885,0.007884,0.007884,-1,0.72
1991-01-14,,0,0.75,0,0.96,0,0,0,0,0,0,0.216538,0.218968,0.227549,0.221018,0.007885,0.007884,0.007883,3.6,0.72
1991-01-15,,0,0.75,0,0.95,0,0,0,0,0,0,0.207473,0.216969,0.226679,0.21704,0.007885,0.007884,0.007883,5.7,0.72
1991-01-16,,0,0.75,0,0.96,0,0,0,0,0,1,0.208728,0.215029,0.225835,0.216531,0.007885,0.007884,0.007883,4.6,0.72
1991-01-17,,0,0.75,0,0.95,0,0,0,0,0,0,0.201086,0.213339,0.225099,0.213174,0.007884,0.007884,0.007883,2.8,5.36
1991-01-18,,0,0.75,0,0.8,0,0,0,0,0,3,0.225371,0.213212,0.224545,0.221042,0.007884,0.007884,0.007883,2.8,0.72
1991-01-19,,0,0.75,0,0.96,0,0,0,0,0,12,0.240786,0.244531,0.244599,0.243305,0.007884,0.007883,0.007883,4.4,0.72
1991-01-20,,0,0.75,0,0.97,0,0,0,0,0,0,0.234143,0.239685,0.241165,0.238331,0.007884,0.007883,0.007883,-0.4,1.03
1991-01-21,,0,0.75,0,0.97,0,0,0,0,0,0,0.233272,0.237877,0.23933,0.236826,0.007884,0.007883,0.007883,-6.2,2.6
1991-01-22,,0,0.75,0,0.97,0,0,0,0,0,0,0.23206,0.23761,0.237771,0.235814,0.007884,0.007883,0.007883,-7.5,5.79
1991-01-23,,0,0.75,0,0.91,0,0,0,0,0,0,0.229372,0.237018,0.236972,0.234454,0.007884,0.007883,0.007882,-8.2,3.68
1991-01-24,,0,0.75,0,0.97,0,0,0,0,0,0,0.227283,0.236556,0.236773,0.233537,0.007884,0.007883,0.007882,-6.9,3.54
1991-01-25,,0,0.75,0,0.97,0,0,0,0,0,0,0.225838,0.236236,0.236634,0.232903,0.007884,0.007883,0.007882,-7.5,0.79
1991-01-26,,0,0.75,0,0.97,0,0,0,0,0,0,0.223776,0.235779,0.236437,0.231997,0.007884,0.007883,0.007882,-4.3,0.79
1991-01-27,,0,0.75,0,0.97,0,0,0,0,0,0,0.221116,0.235189,0.236182,0.230829,0.007884,0.007883,0.007882,0,0.79
1991-01-28,,0,0.75,0,0.97,0,0,0,0,0,0,0.217967,0.234489,0.235879,0.229445,0.007884,0.007883,0.007882,-1.2,0.79
1991-01-29,,0,0.75,0,0.96,0,0,0,0,0,0,0.214794,0.233782,0.235574,0.22805,0.007884,0.007883,0.007882,-0.3,0.79
1991-01-30,,0,0.75,0,0.96,0,0,0,0,0,0,0.212658,0.233305,0.235368,0.22711,0.007884,0.007883,0.007882,-0.1,2.24
1991-01-31,,0,0.75,0,0.96,0,0,0,0,0,0,0.210249,0.232767,0.235135,0.22605,0.007884,0.007883,0.007882,-2.1,0.79
1991-02-01,,0,0.75,0,0.96,0,0,0,0,0,0,0.20705,0.23205,0.234825,0.224642,0.007884,0.007883,0.007882,-1.5,0.86
1991-02-02,,0,0.75,0,0,0,0,0,0,0,1,0.217954,0.23205,0.234825,0.228276,0.007884,0.007883,0.007882,-1.3,0.86
1991-02-03,,0,0.75,0,0,0,0,0,0,0,6,0.279004,0.23205,0.234825,0.248626,0.007884,0.007883,0.007882,1.2,1.78
1991-02-04,,0,0.75,0,0.83,0,0,0,0,0,0,0.271557,0.231886,0.234116,0.245853,0.007884,0.007883,0.007882,1.9,5.14
1991-02-05,,0,0.75,0,0,0,0,0,0,0,1,0.281703,0.231886,0.234116,0.249235,0.007884,0.007883,0.007882,1.3,0.86
1991-02-06,,0,0.75,0,0.83,0,0,0,0,0,1,0.28836,0.231813,0.233798,0.251324,0.007884,0.007883,0.007882,2.1,0.86
1991-02-07,,0,0.75,0,0.83,0,0,0,0,0,0,0.278583,0.231598,0.232868,0.247683,0.007884,0.007883,0.007882,6.3,2.54
1991-02-08,,0,0.75,0,0.91,0,0,0,0,0,0,0.238452,0.26429,0.23281,0.245184,0.007884,0.007883,0.007882,3.7,0.86
1991-02-09,,0,0.75,0,0.91,0,0,0,0,0,0,0.232795,0.264322,0.232766,0.243294,0.007884,0.007883,0.007882,1.9,3.97
1991-02-10,,0,0.75,0,0.91,0,0,0,0,0,1,0.234562,0.266629,0.23272,0.244637,0.007884,0.007883,0.007882,3.4,2.71
1991-02-11,,0,0.75,0,0.91,0,0,0,0,0,4,0.239417,0.295799,0.232673,0.255963,0.007884,0.007883,0.007882,2.5,0.92
1991-02-12,,0,0.75,0,0.91,0,0,0,0,0,0,0.2346,0.29655,0.232641,0.254597,0.007884,0.007883,0.007882,4.4,1.68
1991-02-13,,0,0.75,0,0.97,0,0,0,0,0,2,0.236193,0.244302,0.295263,0.258586,0.007883,0.007883,0.007882,6.6,0.92
1991-02-14,,0,0.75,0,0.97,0,0,0,0,0,3,0.237671,0.242414,0.317765,0.26595,0.007883,0.007882,0.007882,2.8,3.4
1991-02-15,,0,0.75,0,0.97,0,0,0,0,0,1,0.233699,0.239682,0.324981,0.266121,0.007883,0.007882,0.007882,4,0.92
1991-02-16,,0,0.75,0,0,0,0,0,0,0,2,0.242192,0.241741,0.334662,0.272865,0.007883,0.007882,0.007881,1.4,1.4
1991-02-17,,0,0.75,0,0,0,0,0,0,0,1,0.242075,0.242017,0.345553,0.276548,0.007883,0.007882,0.007881,-1.8,4.74
1991-02-18,,0,0.75,0,0,0,0,0,0,0,0,0.23914,0.240152,0.350352,0.276548,0.007883,0.007882,0.007881,-3.1,5.31
1991-02-19,,0,0.75,0,0,0,0,0,0,0,1,0.241424,0.241138,0.357813,0.280125,0.007883,0.007882,0.007881,-0.7,0.92
1991-02-20,,0,0.75,0,0,0,0,0,0,0,0,0.238873,0.239739,0.361763,0.280125,0.007883,0.007882,0.007881,-1.2,2.16
1991-02-21,,0,0.75,0,0.97,0,0,0,0,0,0,0.232838,0.237619,0.363599,0.278019,0.007883,0.007882,0.007881,1.3,1.64
1991-02-22,,0,0.75,0,0.97,0,0,0,0,0,2,0.235723,0.239719,0.37035,0.281931,0.007883,0.007882,0.007881,3.1,2.45
1991-02-23,,0,0.75,0,0.97,0,0,0,0,0,0,0.225452,0.235946,0.371107,0.277502,0.007883,0.007882,0.007881,4.8,3.5
1991-02-24,,0,0.75,0,0.96,0,0,0,0,0,0,0.218784,0.234252,0.270686,0.24124,0.007883,0.007882,0.007881,3.5,7.34
1991-02-25,,0,0.75,0,0.96,0,0,0,0,0,0,0.21571,0.233566,0.243751,0.231009,0.007883,0.007882,0.007881,3.7,1.64
1991-02-26,,0,0.75,0,0.96,0,0,0,0,0,0,0.211682,0.232667,0.239372,0.227907,0.007882,0.007882,0.007881,2.5,3.97
1991-02-27,,0,0.75,0,0.96,0,0,0,0,0,0,0.205813,0.231355,0.237341,0.224836,0.007882,0.007881,0.007881,4.3,6.64
1991-02-28,,0,0.75,0,0.96,0,0,0,0,0,0,0.202588,0.230631,0.23641,0.22321,0.007882,0.007881,0.007881,1.1,6.99
1991-03-01,,0,0.75,0,0.96,0,0,0,0,0,0,0.193822,0.22866,0.235225,0.219236,0.007882,0.007881,0.007881,6.8,4.08
1991-03-02,,0,0.75,0,0.95,0,0,0,0,0,0,0.184455,0.226543,0.234223,0.215074,0.007882,0.007881,0.007881,8,13.75
1991-03-03,,0,0.75,0,0.95,0,0,0,0,0,1,0.184732,0.224334,0.233262,0.214109,0.007881,0.007881,0.00788,6.9,8.12
1991-03-04,,0,0.75,0,0.95,0,0,0,0,0,0,0.174649,0.222048,0.232267,0.209655,0.007881,0.007881,0.00788,5.5,2.9
1991-03-05,,0,0.75,0,0.94,0,0,0,0,0,0,0.163495,0.219503,0.231159,0.204719,0.007881,0.00788,0.00788,6.9,12.65
1991-03-06,,0,0.75,0,0.93,0,0,0,0,0,0,0.151115,0.216659,0.229919,0.199231,0.007881,0.00788,0.00788,7.5,21.85
1991-03-07,,0,0.75,0,0.93,0,0,0,0,0,1,0.154412,0.215108,0.229242,0.199587,0.007881,0.00788,0.00788,5,3.45
1991-03-08,,0,0.75,0,0.93,0,0,0,0,0,0,0.148964,0.213852,0.228694,0.19717,0.00788,0.00788,0.007879,6,2.35
1991-03-09,,0,0.75,0,0.92,0,0,0,0,0,0,0.139543,0.211673,0.227742,0.192986,0.00788,0.007879,0.007879,5.7,12.79
1991-03-10,,0,0.75,0,0.92,0,0,0,0,0,0,0.128327,0.209063,0.2266,0.187997,0.00788,0.007879,0.007879,4.5,13.2
1991-03-11,,0,0.75,0,0.91,0,0,0,0,0,0,0.119379,0.206967,0.225683,0.184009,0.00788,0.007879,0.007879,4.7,13.48
1991-03-12,,0,0.75,0,0.91,0,0,0,0,0,2,0.130791,0.204944,0.224796,0.186844,0.00788,0.007879,0.007878,4,7.66
1991-03-13,,0,0.75,0,0.71,0,0,0,0,0,14,0.237972,0.231538,0.224734,0.231415,0.00788,0.007878,0.007878,3.1,3.23
1991-03-14,,0,0.75,0,0.9,0,0,0,0,0,3,0.23637,0.240827,0.237032,0.238076,0.007879,0.007878,0.007878,2.8,3.23
1991-03-15,,0,0.75,0,0,0,0,0,0,0,1,0.240625,0.24068,0.239541,0.240282,0.007879,0.007878,0.007878,1.1,14.94
1991-03-16,,0,0.75,0,0,0,0,0,0,0,2,0.243211,0.242912,0.242447,0.242857,0.007879,0.007878,0.007878,0.4,7.03
1991-03-17,,0,0.75,0,0.97,0,0,0,0,0,0,0.227312,0.23792,0.23992,0.23505,0.007879,0.007878,0.007878,2.5,13.52
1991-03-18,,0,0.75,0,0.97,0,0,0,0,0,0,0.221661,0.235839,0.238037,0.231846,0.007879,0.007878,0.007877,2.3,4.34
1991-03-19,,0,0.75,0,0.97,0,0,0,0,0,0,0.212909,0.2337,0.236435,0.227681,0.007879,0.007878,0.007877,6.8,10.67
1991-03-20,,0,0.75,0,0.96,0,0,0,0,0,1,0.213734,0.231649,0.235211,0.226864,0.007879,0.007877,0.007877,4.7,10.2
1991-03-21,,0,0.75,0,0.95,0,0,0,0,0,12,0.239628,0.244423,0.245015,0.243022,0.007879,0.007877,0.007877,6.1,3.07
1991-03-22,,0,0.75,0,0.97,0,0,0,0,0,6,0.23871,0.243899,0.244724,0.242444,0.007878,0.007877,0.007877,8.3,3.96
1991-03-23,,0,0.75,0,0.97,0,0,0,0,0,5,0.233239,0.242385,0.243848,0.239824,0.007878,0.007877,0.007877,5.5,6.94
1991-03-24,,0,0.75,0,0.97,0,0,0,0,0,1,0.23655,0.239809,0.241036,0.239131,0.007878,0.007877,0.007877,3.7,0.941
1991-03-25,,0,0.75,0,0.97,0,0,0,0,0,0,0.232076,0.237408,0.239067,0.236184,0.007878,0.007877,0.007876,2.7,6.982
1991-03-26,,0,0.75,0,0.96,0,0,0,0,0,6.3,0.242982,0.244463,0.244478,0.243974,0.007878,0.007877,0.007876,2.1,1.657
1991-03-27,,0,0.75,0,0.97,0,0,0,0,0,0.2,0.234752,0.240104,0.241423,0.23876,0.007878,0.007876,0.007876,3.5,7.5
1991-03-28,,0,0.75,0,0.97,0,0,0,0,0,1.4,0.237401,0.240084,0.240681,0.239389,0.007878,0.007876,0.007876,2.5,6.195
1991-03-29,,0,0.75,0,0.97,0,0,0,0,0,3.2,0.240155,0.242788,0.242974,0.241972,0.007878,0.007876,0.007876,1.9,7.76
1991-03-30,,0,0.75,0,0,0,0,0,0,0,0.7,0.240796,0.241278,0.241639,0.241238,0.007877,0.007876,0.007876,1.5,8.971
1991-03-31,,0,0.75,0,0.97,0,0,0,0,0,0,0.233043,0.238442,0.239775,0.237087,0.007877,0.007876,0.007876,1.2,11.857
1991-04-01,,0,0.75,0,0.97,0,0,0,0,0,0,0.222373,0.235047,0.237592,0.231671,0.007877,0.007876,0.007875,5.6,17.459
1991-04-02,,0,0.75,0,0.97,0,0,0,0,0,2.6,0.232457,0.237327,0.23772,0.235835,0.007877,0.007876,0.007875,7.4,11.068
1991-04-03,,0,0.75,0,0.97,0,0,0,0,0,0,0.221032,0.234195,0.236247,0.230492,0.007877,0.007875,0.007875,7.2,17.325
1991-04-04,,0,0.75,0,0.97,0,0,0,0,0,0,0.213475,0.232515,0.235233,0.227074,0.007876,0.007875,0.007875,5.9,13.225
1991-04-05,,0,0.75,0,0.96,0,0,0,0,0,0,0.205385,0.230708,0.234366,0.223486,0.007876,0.007875,0.007875,5.3,12.408
1991-04-06,,0,0.75,0,0.96,0,0,0,0,0,0,0.198381,0.229137,0.233681,0.2204,0.007876,0.007875,0.007875,3.7,11.725
1991-04-07,,0,0.75,0,0.95,0,0,0,0,0,0.1,0.193602,0.227835,0.233116,0.218184,0.007876,0.007875,0.007874,4.1,8.571
1991-04-08,,0,0.75,0,0.95,0,0,0,0,0,0,0.185171,0.225931,0.23229,0.214464,0.007876,0.007874,0.007874,6.7,12.082
1991-04-09,,0,0.75,0,0.95,0,0,0,0,0,0,0.175692,0.223779,0.231356,0.210275,0.007875,0.007874,0.007874,7.2,13.904
1991-04-10,,0,0.75,0,0.94,0,0,0,0,0,0,0.165115,0.221365,0.230306,0.205595,0.007875,0.007874,0.007874,5.8,18.94
1991-04-11,,0,0.75,0,0.93,0,0,0,0,0,0,0.154215,0.218861,0.229217,0.200764,0.007875,0.007874,0.007873,6.8,19.844
1991-04-12,,0,0.75,0,0.93,0,0,0,0,0,0,0.141711,0.215969,0.227958,0.195213,0.007874,0.007873,0.007873,10.2,15.731
1991-04-13,,0,0.75,0,0.92,0,0,0,0,0,0,0.128421,0.212873,0.226608,0.189301,0.007874,0.007873,0.007873,11.5,16.258
1991-04-14,,0,0.75,0,0.91,0,0,0,0,0,2.1,0.14496,0.211825,0.22615,0.194312,0.007874,0.007872,0.007873,8.5,0.853
1991-04-15,,0,0.75,0,0.92,0,0,0,0,0,0.1,0.138618,0.210124,0.225407,0.191383,0.007874,0.007872,0.007872,7.3,7.813
1991-04-16,,0,0.75,0,0.92,0,0,0,0,0,1,0.140246,0.208177,0.224556,0.190993,0.007873,0.007872,0.007872,7.6,9.26
1991-04-17,,0,0.75,0,0.92,0,0,0,0,0,2.3,0.157987,0.206957,0.224023,0.196322,0.007873,0.007871,0.007872,5.1,6.421
1991-04-18,,0,0.75,0,0.93,0,0,0,0,0,2.1,0.172619,0.205502,0.223386,0.200502,0.007873,0.007871,0.007871,2.7,13.913
1991-04-19,,0,0.75,0,0.94,0,0,0,0,0,1.7,0.182969,0.204001,0.222728,0.203233,0.007873,0.007871,0.007871,6.3,11.61
1991-04-20,,0,0.75,0,0.94,0,0,0,0,0,1.9,0.189547,0.201222,0.221511,0.204093,0.007873,0.007871,0.007871,8.2,15.128
1991-04-21,,0,0.75,0,0.94,0,0,0,0,0,0,0.175161,0.198026,0.220108,0.197765,0.007872,0.00787,0.007871,5.6,18.68
1991-04-22,,0,0.75,0,0.94,0,0,0,0,0,0,0.161061,0.194867,0.218721,0.19155,0.007872,0.00787,0.00787,6.2,22.453
1991-04-23,,0,0.75,0,0.92,0,0,0,0,0,0,0.146547,0.191588,0.217278,0.185138,0.007872,0.00787,0.00787,8.2,16.247
1991-04-24,,0,0.75,0,0.91,0,0,0,0,0,0,0.139012,0.189871,0.216521,0.181802,0.007872,0.00787,0.00787,6.5,9.388
1991-04-25,,0,0.75,0,0.94,0,0,0,0,0,0,0.128983,0.187574,0.215509,0.177355,0.007871,0.007869,0.007869,10.4,11.982
1991-04-26,,0,0.75,0,0.94,0,0,0,0,0,1.7,0.128069,0.183447,0.213687,0.175068,0.007871,0.007869,0.007869,15.3,18.803
1991-04-27,,0,0.75,0,0.94,0,0,0,0,0,2.8,0.145041,0.180912,0.212567,0.179507,0.007871,0.007868,0.007869,13.9,12.85
1991-04-28,,0,0.75,0,0.95,0,0,0,0,0,0,0.132199,0.178005,0.21128,0.173828,0.00787,0.007868,0.007868,12.8,14.213
1991-04-29,,0,0.75,0,0.94,0,0,0,0,0,0.1,0.119416,0.174861,0.209887,0.168054,0.00787,0.007867,0.007868,12.1,13.885
1991-04-30,,0,0.75,0,0.93,0,0,0,0,0,2.2,0.133761,0.173101,0.209106,0.171989,0.00787,0.007867,0.007867,10.6,9.451
1991-05-01,,0,0.75,0,0.94,0,0,0,0,0,0,0.121265,0.170264,0.207846,0.166458,0.007869,0.007867,0.007867,9.6,16.828
1991-05-02,,0,0.75,0,0.93,0,0,0,0,0,0.2,0.107694,0.166702,0.206262,0.160219,0.007869,0.007866,0.007866,12.4,16.585
1991-05-03,,0,0.75,0,0.92,0,0,0,0,0,3,0.131861,0.165356,0.205663,0.167627,0.007869,0.007866,0.007866,8.2,7.744
1991-05-04,,0,0.75,0,0.94,0,0,0,0,0,0.1,0.121643,0.162821,0.204533,0.162999,0.007869,0.007865,0.007865,9.1,15.686
1991-05-05,,0,0.75,0,0.93,0,0,0,0,0,0,0.106645,0.15941,0.203012,0.156356,0.007868,0.007865,0.007865,8.3,25.974
1991-05-06,,0,0.75,0,0.92,0,0,0,0,0,0,0.090806,0.155774,0.201388,0.149323,0.007868,0.007865,0.007864,9.9,25.763
1991-05-07,,0,0.75,0,0.79,0,0,0,0,0,0,0.07742,0.151955,0.199679,0.143018,0.007868,0.007864,0.007864,12.4,21.625
1991-05-08,,0,0.75,0,0.52,0,0,0,0,0,2.4,0.098393,0.150194,0.19889,0.149159,0.007868,0.007864,0.007863,13.3,6.94
1991-05-09,,0,0.75,0,0.92,0,0,0,0,0,2.7,0.119179,0.148769,0.19825,0.155399,0.007867,0.007863,0.007863,10.5,4.78
1991-05-10,,0,0.75,0,0.93,0,0,0,0,0,2.4,0.134778,0.146875,0.1974,0.159684,0.007867,0.007863,0.007862,7.5,13.221
1991-05-11,,0,0.75,0,0.8,0,0,0,0,0,3.1,0.157064,0.146681,0.19653,0.166759,0.007867,0.007863,0.007862,7.9,12.661
1991-05-12,,0,0.75,0,0.81,0,0,0,0,0,10.9,0.239301,0.168979,0.196102,0.201461,0.007867,0.007862,0.007862,7,5.555
1991-05-13,,0,0.75,0,0.85,0,0,0,0,0,0.3,0.226751,0.171789,0.194947,0.197829,0.007866,0.007862,0.007861,9.8,16.787
1991-05-14,,0,0.75,0,0.85,0,0,0,0,0,0,0.209594,0.171426,0.193352,0.191457,0.007865,0.007861,0.007861,15.6,18.084
1991-05-15,,0,0.75,0,0.84,0,0,0,0,0,0,0.189443,0.170995,0.191458,0.183965,0.007865,0.007861,0.00786,16.6,23.217
1991-05-16,,0,0.75,0,0.97,0,0,0,0,0,0,0.163178,0.165292,0.188954,0.172474,0.007864,0.00786,0.00786,17.9,26.553
1991-05-17,,0,0.75,0,0.95,0,0,0,0,0,0,0.143039,0.16085,0.186999,0.163629,0.007863,0.00786,0.007859,15.2,22.104
1991-05-18,,0,0.75,0,0.94,0,0,0,0,0,0,0.126867,0.157239,0.185408,0.156505,0.007862,0.007859,0.007858,12.2,22.841
1991-05-19,,0,0.75,0,0.93,0,0,0,0,0,0,0.107398,0.152849,0.183469,0.147905,0.007862,0.007858,0.007858,12.3,27.565
1991-05-20,,0,0.75,0,0.92,0,0,0,0,0,0,0.08688,0.148166,0.181397,0.138814,0.007862,0.007858,0.007857,14.6,27.761
1991-05-21,,0,0.75,0,0.71,0,0,0,0,0,0,0.071265,0.142956,0.179087,0.131102,0.007861,0.007857,0.007856,17.4,27.008
1991-05-22,,0,0.75,0,0.33,0,0,0,0,0,0,0.068825,0.137776,0.176785,0.127795,0.007861,0.007856,0.007855,19,25.792
1991-05-23,,0,0.75,0,0.29,0,0,0,0,0,0,0.067579,0.132469,0.174421,0.124823,0.007861,0.007855,0.007854,20,24.676
1991-05-24,,0,0.75,0,0.29,0,0,0,0,0,0,0.0662,0.126427,0.171723,0.12145,0.007861,0.007855,0.007853,19.6,26.534
1991-05-25,,0,0.75,0,0.29,0,0,0,0,0,0,0.064805,0.120116,0.168898,0.11794,0.00786,0.007854,0.007852,17.4,28.822
1991-05-26,,0,0.75,0,0.28,0,0,0,0,0,0,0.063502,0.114023,0.166163,0.114563,0.00786,0.007853,0.007851,16,28.856
1991-05-27,,0,0.75,0,0.28,0,0,0,0,0,0,0.062439,0.108882,0.163848,0.111723,0.00786,0.007853,0.00785,15.9,26.042
1991-05-28,,0,0.75,0,0.28,0,0,0,0,0,0,0.061497,0.1042,0.161735,0.109144,0.00786,0.007852,0.007849,17.5,24.145
1991-05-29,,0,0.75,0,0.28,0,0,0,0,0,0,0.060548,0.099365,0.159549,0.106487,0.007859,0.007852,0.007848,15.3,27.65
1991-05-30,,0,0.75,0,0.28,0,0,0,0,0,0,0.059682,0.094831,0.157494,0.104002,0.007859,0.007852,0.007848,16.5,22.554
1991-05-31,,0,0.75,0,0.27,0,0,0,0,0,0,0.058804,0.090431,0.155355,0.10153,0.007859,0.007851,0.007847,17.3,25.211
1991-06-01,,0,0.75,0,0.24,0,0,0,0,0,0,0.057894,0.086419,0.153076,0.0991297,0.007859,0.007851,0.007846,17.9,26.542
1991-06-02,,0,0.75,0,0.23,0,0,0,0,0,0,0.05693,0.082714,0.150589,0.0967445,0.007859,0.00785,0.007845,19.6,23.439
1991-06-03,,0,0.75,0,0.21,0,0,0,0,0,0,0.055757,0.078839,0.147462,0.0940195,0.007858,0.00785,0.007844,21.9,25.697
1991-06-04,,0,0.75,0,0.19,0,0,0,0,0,0,0.054971,0.076707,0.145278,0.0923188,0.007858,0.00785,0.007843,20.9,18.089
1991-06-05,,0,0.75,0,0.18,0,0,0,0,0,0,0.053887,0.07413,0.142179,0.0900653,0.007858,0.007849,0.007842,22,27.434
1991-06-06,,0,0.75,0,0.16,0,0,0,0,0,0,0.052913,0.0723,0.139279,0.0881638,0.007858,0.007849,0.007841,21.5,26.932
1991-06-07,,0,0.75,0,0.15,0,0,0,0,0,0.1,0.05321,0.071468,0.137102,0.0872598,0.007857,0.007849,0.00784,19.2,20.237
1991-06-08,,0,0.75,0,0.14,0,0,0,0,0,0,0.052352,0.070764,0.134484,0.0858664,0.007857,0.007848,0.007839,18.7,23.578
1991-06-09,,0,0.75,0,0.13,0,0,0,0,0,0,0.051603,0.070355,0.132118,0.0846919,0.007857,0.007848,0.007838,18.8,22.289
1991-06-10,,0,0.75,0,0.13,0,0,0,0,0,0.2,0.05299,0.070105,0.130119,0.0844049,0.007857,0.007848,0.007838,18.4,19.766
1991-06-11,,0,0.75,0,0.13,0,0,0,0,0,0.5,0.057576,0.069948,0.128853,0.0854591,0.007856,0.007848,0.007837,13.2,15.084
1991-06-12,,0,0.75,0,0.13,0,0,0,0,0,3.7,0.094265,0.069938,0.128056,0.0974196,0.007856,0.007847,0.007836,12.9,9.236
1991-06-13,,0,0.75,0,0.7,0,0,0,0,0,7.5,0.158971,0.069925,0.126958,0.118618,0.007855,0.007847,0.007836,15.2,13.186
1991-06-14,,0,0.75,0,0.79,0,0,0,0,0,0,0.140554,0.069903,0.125249,0.111902,0.007855,0.007847,0.007835,15.8,22.192
1991-06-15,,0,0.75,0,0.78,0,0,0,0,0,0,0.114895,0.069873,0.122836,0.102535,0.007854,0.007847,0.007834,19.1,27.049
1991-06-16,,0,0.75,0,0.77,0,0,0,0,0,0,0.096435,0.069851,0.121068,0.0957849,0.007854,0.007846,0.007834,20.3,17.069
1991-06-17,,0,0.75,0,0.75,0,0,0,0,0,0,0.083058,0.069835,0.119747,0.0908799,0.007853,0.007846,0.007833,18.3,13.446
1991-06-18,,0,0.75,0,0.48,0,0,0,0,0,0,0.069576,0.06955,0.117452,0.0855259,0.007853,0.007846,0.007833,17.6,28.396
1991-06-19,,0,0.75,0,0.14,0,0,0,0,0,0,0.068435,0.069298,0.115422,0.0843851,0.007853,0.007846,0.007832,16.6,24.662
1991-06-20,,0,0.75,0,0.14,0,0,0,0,0,0.5,0.071981,0.069266,0.112767,0.0846711,0.007852,0.007845,0.007831,19.1,27.037
1991-06-21,,0,0.75,0,0.21,0,0,0,0,0,0,0.068369,0.068982,0.110466,0.0826057,0.007852,0.007845,0.007831,19.7,21.457
1991-06-22,,0,0.75,0,0.14,0,0,0,0,0,0,0.06698,0.068671,0.107935,0.0811956,0.007852,0.007845,0.00783,19.8,26.909
1991-06-23,,0,0.75,0,0.14,0,0,0,0,0,0,0.065786,0.068396,0.105682,0.079955,0.007852,0.007845,0.00783,17,27.97
1991-06-24,,0,0.75,0,0.14,0,0,0,0,0,0,0.064764,0.068155,0.103695,0.0788713,0.007851,0.007844,0.007829,16.4,25.687
1991-06-25,,0,0.75,0,0.14,0,0,0,0,0,0,0.063642,0.067884,0.101453,0.0776597,0.007851,0.007844,0.007829,17.4,28.113
1991-06-26,,0,0.75,0,0.14,0,0,0,0,0,0,0.062433,0.067585,0.098962,0.0763268,0.007851,0.007844,0.007828,17.8,28.016
1991-06-27,,0,0.75,0,0.14,0,0,0,0,0,0,0.061266,0.067288,0.096475,0.0750096,0.007851,0.007844,0.007828,17.3,29.542
1991-06-28,,0,0.75,0,0.13,0,0,0,0,0,0,0.060146,0.066994,0.094044,0.073728,0.00785,0.007843,0.007827,19,29.091
1991-06-29,,0,0.75,0,0.13,0,0,0,0,0,0,0.059442,0.066805,0.092581,0.0729425,0.00785,0.007843,0.007827,19,15.511
1991-06-30,,0,0.75,0,0.12,0,0,0,0,0,10,0.158173,0.06677,0.090018,0.104987,0.007848,0.007843,0.007826,25.6,27.493
1991-07-01,,0,0.75,0,0.78,0,0,0,0,0,0,0.126713,0.066736,0.087781,0.0937434,0.007847,0.007842,0.007826,23.6,26.113
1991-07-02,,0,0.75,0,0.76,0,0,0,0,0,0,0.097246,0.066704,0.085823,0.0832577,0.007846,0.007842,0.007826,24.2,26.323
1991-07-03,,0,0.75,0,0.74,0,0,0,0,0,0,0.074547,0.066679,0.084408,0.0752116,0.007846,0.007842,0.007825,21.2,21.499
1991-07-04,,0,0.75,0,0.28,0,0,0,0,0,0,0.067744,0.066655,0.083119,0.0725059,0.007846,0.007841,0.007825,19,24.314
1991-07-05,,0,0.75,0,0.11,0,0,0,0,0,8.5,0.151919,0.066637,0.082256,0.100271,0.007844,0.007841,0.007824,19.3,15.512
1991-07-06,,0,0.75,0,0.76,0,0,0,0,0,0.2,0.13962,0.066622,0.081546,0.0959292,0.007843,0.007841,0.007824,17.8,8.617
1991-07-07,,0,0.75,0,0.75,0,0,0,0,0,2.3,0.154845,0.066613,0.081172,0.100877,0.007842,0.00784,0.007823,14.1,5.381
1991-07-08,,0,0.75,0,0.76,0,0,0,0,0,0,0.132179,0.066589,0.080119,0.0929624,0.007842,0.00784,0.007823,17.7,23.461
1991-07-09,,0,0.75,0,0.74,0,0,0,0,0,0,0.106891,0.066562,0.078998,0.0841507,0.007841,0.00784,0.007823,19.4,27.885
1991-07-10,,0,0.75,0,0.73,0,0,0,0,0,0,0.08256,0.066535,0.077978,0.0756913,0.007841,0.00784,0.007822,21.6,24.032
1991-07-11,,0,0.75,0,0.43,0,0,0,0,0,0,0.069111,0.066508,0.077025,0.0708813,0.00784,0.007839,0.007822,21.3,23.596
1991-07-12,,0,0.75,0,0.1,0,0,0,0,0,0.5,0.073399,0.066494,0.076542,0.0721448,0.00784,0.007839,0.007822,18.6,13.015
1991-07-13,,0,0.75,0,0.22,0,0,0,0,0,0.8,0.077785,0.066477,0.076009,0.0734237,0.00784,0.007839,0.007821,18.3,15.163
1991-07-14,,0,0.75,0,0.33,0,0,0,0,0,0,0.068754,0.066452,0.075266,0.0701573,0.007839,0.007839,0.007821,18.5,22.174
1991-07-15,,0,0.75,0,0.09,0,0,0,0,0,4.3,0.111245,0.066442,0.074967,0.0842177,0.007839,0.007838,0.007821,16.8,9.065
1991-07-16,,0,0.75,0,0.72,0,0,0,0,0,0,0.093012,0.066422,0.074418,0.0779506,0.007838,0.007838,0.007821,15.8,17.489
1991-07-17,,0,0.75,0,0.63,0,0,0,0,0,0,0.076966,0.066402,0.073895,0.072421,0.007838,0.007838,0.00782,15.2,21.521
1991-07-18,,0,0.75,0,0.3,0,0,0,0,0,4,0.10985,0.066381,0.073419,0.0832165,0.007838,0.007838,0.00782,19.8,17.443
1991-07-19,,0,0.75,0,0.72,0,0,0,0,0,1,0.104158,0.066364,0.073065,0.0811956,0.007837,0.007837,0.00782,18.5,16.623
1991-07-20,,0,0.75,0,0.71,0,0,0,0,0,0,0.099022,0.066358,0.072959,0.0794466,0.007837,0.007837,0.00782,14.5,2.683
1991-07-21,,0,0.75,0,0.71,0,0,0,0,0,0,0.071948,0.066329,0.072416,0.070231,0.007836,0.007837,0.007819,24.8,24.2
1991-07-22,,0,0.75,0,0.15,0,0,0,0,0,4,0.107136,0.066293,0.071871,0.0817666,0.007836,0.007837,0.007819,26.7,24.1
1991-07-23,,0,0.75,0,0.71,0,0,0,0,0,0,0.093122,0.066278,0.071679,0.0770264,0.007835,0.007836,0.007819,19.7,13
1991-07-24,,0,0.75,0,0.62,0,0,0,0,0,0,0.078992,0.06626,0.071476,0.0722427,0.007835,0.007836,0.007818,21.2,7.826
1991-07-25,,0,0.75,0,0.34,0,0,0,0,0,0,0.0676,0.066232,0.071182,0.0683381,0.007834,0.007836,0.007818,20.3,27.633
1991-07-26,,0,0.75,0,0.08,0,0,0,0,0,2.1,0.087284,0.066204,0.070934,0.0748072,0.007834,0.007836,0.007818,20.9,23.804
1991-07-27,,0,0.75,0,0.5,0,0,0,0,0,0,0.074365,0.066184,0.07078,0.070443,0.007833,0.007835,0.007818,19,18.616
1991-07-28,,0,0.75,0,0.24,0,0,0,0,0,2.8,0.095078,0.066157,0.070598,0.0772775,0.007833,0.007835,0.007817,21.3,19.24
1991-07-29,,0,0.75,0,0.66,0,0,0,0,0,0,0.075894,0.066134,0.070468,0.0708321,0.007832,0.007835,0.007817,16.1,18.365
1991-07-30,,0,0.75,0,0.27,0,0,0,0,0,0,0.068269,0.066111,0.070345,0.0682417,0.007832,0.007834,0.007817,17.1,26.335
1991-07-31,,0,0.75,0,0.07,0,0,0,0,0,0,0.066822,0.06608,0.0702,0.067701,0.007832,0.007834,0.007816,21.8,24.83
1991-08-01,,0,0.75,0,0.08,0,0,0,0,0,0,0.065854,0.065871,0.0701,0.0672751,0.007831,0.007834,0.007816,20.9,16.925
1991-08-02,,0,0.75,0,0.08,0,0,0,0,0,0,0.06482,0.065644,0.06999,0.0668177,0.007831,0.007834,0.007816,21.4,20.483
1991-08-03,,0,0.75,0,0.07,0,0,0,0,0,5.7,0.121039,0.065626,0.069905,0.0855233,0.00783,0.007833,0.007815,21.5,14.571
1991-08-04,,0,0.75,0,0.71,0,0,0,0,0,0,0.095701,0.065599,0.069775,0.0770249,0.00783,0.007833,0.007815,23.6,20.173
1991-08-05,,0,0.75,0,0.67,0,0,0,0,0,0,0.075918,0.065577,0.069668,0.0703874,0.007829,0.007833,0.007815,19.9,18.206
1991-08-06,,0,0.75,0,0.27,0,0,0,0,0,0,0.067366,0.06555,0.069541,0.0674855,0.007829,0.007832,0.007814,19.8,24.079
1991-08-07,,0,0.75,0,0.07,0,0,0,0,0,0,0.065967,0.065521,0.0694,0.0669627,0.007828,0.007832,0.007814,22.8,22.883
1991-08-08,,0,0.75,0,0.08,0,0,0,0,0,0,0.064663,0.065238,0.069264,0.0663883,0.007828,0.007832,0.007814,20,25.4
1991-08-09,,0,0.75,0,0.08,0,0,0,0,0,0,0.063514,0.06498,0.06914,0.0658784,0.007828,0.007831,0.007813,22.8,25.4
1991-08-10,,0,0.75,0,0.08,0,0,0,0,0,0,0.061927,0.064616,0.068964,0.0651691,0.007827,0.007831,0.007813,29,20.1
1991-08-11,,0,0.75,0,0.07,0,0,0,0,0,0,0.060043,0.064167,0.068746,0.0643187,0.007827,0.00783,0.007813,26.5,22.6
1991-08-12,,0,0.75,0,0.07,0,0,0,0,0,1.7,0.076194,0.064145,0.068642,0.0696608,0.007826,0.00783,0.007812,20.4,15.709
1991-08-13,,0,0.75,0,0.28,0,0,0,0,0,0.1,0.06927,0.064122,0.06853,0.0673075,0.007826,0.00783,0.007812,19.5,19.667
1991-08-14,,0,0.75,0,0.08,0,0,0,0,0,2.1,0.089515,0.064108,0.06846,0.0740275,0.007825,0.007829,0.007811,16.9,10.224
1991-08-15,,0,0.75,0,0.55,0,0,0,0,0,10.9,0.194227,0.064102,0.068432,0.10892,0.007824,0.007829,0.007811,14.9,6.188
1991-08-16,,0,0.75,0,0.75,0,0,0,0,0,0.1,0.182088,0.06409,0.06837,0.104849,0.007823,0.007829,0.007811,14.7,13.868
1991-08-17,,0,0.75,0,0.74,0,0,0,0,0,0,0.164767,0.064073,0.068289,0.099043,0.007822,0.007829,0.007811,16.1,19.808
1991-08-18,,0,0.75,0,0.73,0,0,0,0,0,1.4,0.169972,0.064064,0.068247,0.100761,0.007821,0.007829,0.00781,15.7,6.755
1991-08-19,,0,0.75,0,0.74,0,0,0,0,0,0,0.153089,0.064048,0.068167,0.0951013,0.007821,0.007828,0.00781,16.4,17.481
1991-08-20,,0,0.75,0,0.73,0,0,0,0,0,0,0.136669,0.064032,0.068089,0.0895964,0.00782,0.007828,0.00781,18.3,16.651
1991-08-21,,0,0.75,0,0.72,0,0,0,0,0,1.5,0.130888,0.064011,0.067989,0.0876292,0.007819,0.007828,0.00781,20.4,19.118
1991-08-22,,0,0.75,0,0.72,0,0,0,0,0,3.4,0.149761,0.063996,0.067915,0.0938907,0.007818,0.007828,0.007809,19.4,12.278
1991-08-23,,0,0.75,0,0.73,0,0,0,0,0,0,0.13147,0.063977,0.067828,0.0877585,0.007817,0.007828,0.007809,16.8,21.59
1991-08-24,,0,0.75,0,0.72,0,0,0,0,0,0.9,0.130764,0.063968,0.067781,0.0875042,0.007817,0.007827,0.007809,15.3,10.771
1991-08-25,,0,0.75,0,0.72,0,0,0,0,0,0,0.116754,0.063954,0.067714,0.0828071,0.007816,0.007827,0.007809,16,12.635
1991-08-26,,0,0.75,0,0.71,0,0,0,0,0,1.4,0.12166,0.063944,0.06767,0.0844248,0.007816,0.007827,0.007809,18.1,7.405
1991-08-27,,0,0.75,0,0.71,0,0,0,0,0,23.1,0.240944,0.163933,0.067664,0.157513,0.007815,0.007826,0.007808,19.2,13.468
1991-08-28,,0,0.75,0,0.78,0,0,0,0,0,0.6,0.228443,0.169895,0.067659,0.155332,0.007813,0.007825,0.007808,18.9,10.945
1991-08-29,,0,0.75,0,0.78,0,0,0,0,0,0.1,0.203216,0.169343,0.067647,0.146735,0.007812,0.007824,0.007808,24.1,18.898
1991-08-30,,0,0.75,0,0.77,0,0,0,0,0,0.5,0.188704,0.168924,0.067638,0.141755,0.00781,0.007822,0.007808,21.6,17.137
1991-08-31,,0,0.75,0,0.76,0,0,0,0,0,0.1,0.183099,0.16878,0.067635,0.139838,0.007809,0.007821,0.007807,15.8,6.49
1991-09-01,,0,0.75,0,0.89,0,0,0,0,0,14.8,0.236085,0.239997,0.079268,0.185116,0.007807,0.00782,0.007807,16.5,8.443
1991-09-02,,0,0.75,0,0.91,0,0,0,0,0,8,0.238989,0.244179,0.143837,0.209002,0.007807,0.007819,0.007806,12.1,6.697
1991-09-03,,0,0.75,0,0.91,0,0,0,0,0,0,0.223459,0.237171,0.148865,0.203165,0.007806,0.007818,0.007805,13.2,14.207
1991-09-04,,0,0.75,0,0.9,0,0,0,0,0,5.1,0.232858,0.241241,0.172304,0.215468,0.007805,0.007817,0.007804,15.5,9.335
1991-09-05,,0,0.75,0,0.91,0,0,0,0,0,1.5,0.231972,0.239047,0.179334,0.216784,0.007804,0.007816,0.007804,12,11.96
1991-09-06,,0,0.75,0,0.91,0,0,0,0,0,4.5,0.237681,0.242616,0.206721,0.229006,0.007804,0.007815,0.007803,10.8,9.81
1991-09-07,,0,0.75,0,0.91,0,0,0,0,0,0,0.224473,0.236877,0.210338,0.223896,0.007803,0.007815,0.007802,11.5,14.22
1991-09-08,,0,0.75,0,0.9,0,0,0,0,0,0.8,0.21919,0.233466,0.210679,0.221112,0.007802,0.007814,0.007801,12.3,17.941
1991-09-09,,0,0.75,0,0.9,0,0,0,0,0,1.2,0.221176,0.231237,0.210584,0.220999,0.007802,0.007813,0.0078,13.3,9.512
1991-09-10,,0,0.75,0,0.9,0,0,0,0,0,0,0.208563,0.228439,0.210465,0.215822,0.007801,0.007813,0.007799,12.5,15.985
1991-09-11,,0,0.75,0,0.9,0,0,0,0,0,0,0.195813,0.22559,0.210343,0.210582,0.0078,0.007812,0.007799,12.8,17.405
1991-09-12,,0,0.75,0,0.89,0,0,0,0,0,0,0.183169,0.222744,0.210222,0.205378,0.007799,0.007811,0.007798,14.9,12.897
1991-09-13,,0,0.75,0,0.88,0,0,0,0,0,0,0.174672,0.220816,0.210139,0.201876,0.007799,0.00781,0.007797,14,9.535
1991-09-14,,0,0.75,0,0.88,0,0,0,0,0,0,0.164974,0.218606,0.210045,0.197875,0.007798,0.007809,0.007796,12.4,14.334
1991-09-15,,0,0.75,0,0.87,0,0,0,0,0,0,0.156924,0.21676,0.209965,0.19455,0.007798,0.007809,0.007795,13.7,7.559
1991-09-16,,0,0.75,0,0.87,0,0,0,0,0,0,0.146871,0.214444,0.209866,0.190394,0.007797,0.007808,0.007794,13.5,9.882
1991-09-17,,0,0.75,0,0.86,0,0,0,0,0,0,0.136064,0.211939,0.209758,0.18592,0.007797,0.007807,0.007794,14.9,6.031
1991-09-18,,0,0.75,0,0.92,0,0,0,0,0,0,0.124309,0.209196,0.208574,0.180693,0.007796,0.007806,0.007793,12.7,16.484
1991-09-19,,0,0.75,0,0.91,0,0,0,0,0,0,0.114676,0.206932,0.207596,0.176401,0.007796,0.007806,0.007792,10.9,16.388
1991-09-20,,0,0.75,0,0.9,0,0,0,0,0,0,0.10426,0.20447,0.206531,0.171754,0.007796,0.007805,0.007791,11.4,15.654
1991-09-21,,0,0.75,0,0.9,0,0,0,0,0,0.2,0.100129,0.203011,0.2059,0.16968,0.007795,0.007804,0.007791,11.4,7.197
1991-09-22,wheat/winter wheat,1,0.4,0,0.9,53,53,0,0,0.106,0,0.095005,0.201789,0.20537,0.167388,0.007795,0.007803,0.00779,13.1,14.138
1991-09-23,wheat/winter wheat,1,0.4,0,0.85,53,53,0,0,0.106,0,0.087372,0.199845,0.204528,0.163915,0.007795,0.007803,0.007789,15.1,13.765
1991-09-24,wheat/winter wheat,1,0.4,0,0.7,53,53,0,0,0.106,0,0.082687,0.198254,0.203838,0.161593,0.007795,0.007802,0.007788,15.8,12.952
1991-09-25,wheat/winter wheat,1,0.4,0,0.6,53,53,0,0,0.106,0.4,0.085293,0.197658,0.20358,0.162177,0.007794,0.007801,0.007787,14.6,4.801
1991-09-26,wheat/winter wheat,1,0.4,0,0.66,53,53,0,0,0.106,0.3,0.086684,0.197058,0.203319,0.162354,0.007794,0.0078,0.007787,14.2,5.911
1991-09-27,wheat/winter wheat,1,0.4,0,0.68,53,53,0,0,0.106,0.2,0.085754,0.196034,0.202875,0.161554,0.007794,0.007799,0.007786,14.1,13.024
1991-09-28,wheat/winter wheat,1,0.4,0,0.66,53,53,0,0,0.106,0,0.083029,0.195041,0.202443,0.160171,0.007794,0.007799,0.007785,14.3,13.433
1991-09-29,wheat/winter wheat,1,0.4,0,0.61,53,53,0,0,0.106,0,0.080648,0.194045,0.20201,0.158901,0.007793,0.007798,0.007784,13.2,12.349
1991-09-30,wheat/winter wheat,1,0.4,0,0.56,53,53,0,0,0.106,0,0.078552,0.19304,0.201573,0.157722,0.007793,0.007797,0.007783,11.1,13.244
1991-10-01,wheat/winter wheat,2,0.405,0,0.49,56.4,56.3,0,0,0.106,0,0.077592,0.19251,0.201343,0.157148,0.007793,0.007796,0.007782,11.1,5.684
1991-10-02,wheat/winter wheat,2,0.405,0,0.47,56.3,56.2,0,0,0.1126,0,0.076753,0.192014,0.201127,0.156631,0.007793,0.007795,0.007782,8.8,7.6
1991-10-03,wheat/winter wheat,2,0.405,0,0.51,56.2,56.2,0,0,0.1125,0,0.075679,0.191084,0.200831,0.155865,0.007793,0.007795,0.007781,8.7,9.4
1991-10-04,wheat/winter wheat,2,0.405,0,0.49,60,60,0,0,0.1124,0,0.074484,0.18995,0.200471,0.154968,0.007793,0.007794,0.00778,10.8,7.5
1991-10-05,wheat/winter wheat,2,0.405,0,0.47,64.6,64.4,0,0,0.1199,0,0.072694,0.188007,0.199864,0.153521,0.007793,0.007794,0.00778,9.3,11
1991-10-06,wheat/winter wheat,2,0.405,0,0.4,69.7,69.4,0,0,0.1288,3,0.102072,0.186933,0.199535,0.162847,0.007793,0.007793,0.007779,9,12.8
1991-10-07,wheat/winter wheat,2,0.405,0,0.9,73.3,72.9,0,0,0.1387,1,0.111233,0.186656,0.199449,0.16578,0.007792,0.007793,0.007779,11.3,3.4
1991-10-08,wheat/winter wheat,2,0.405,0,0.91,76.8,76.3,0,0,0.1457,0,0.110061,0.186285,0.199333,0.165226,0.007792,0.007792,0.007778,8.8,3.4
1991-10-09,wheat/winter wheat,2,0.405,0,0.91,80.5,80,0,0,0.1526,0,0.108884,0.185906,0.199215,0.164668,0.007792,0.007792,0.007777,9.4,3.3
1991-10-10,wheat/winter wheat,2,0.405,0,0.91,84.1,83.5,0,0,0.1599,1,0.117732,0.185527,0.1991,0.167453,0.007792,0.007791,0.007777,8,3.2
1991-10-11,wheat/winter wheat,2,0.405,0,0.91,87.9,87.2,0,0,0.1669,0,0.116141,0.18502,0.198944,0.166702,0.007792,0.007791,0.007776,4.9,5
1991-10-12,wheat/winter wheat,2,0.405,0,0.91,93.3,92.5,0,0,0.1743,0,0.114823,0.184591,0.198814,0.166076,0.007791,0.007791,0.007776,6,10
1991-10-13,wheat/winter wheat,2,0.405,0,0.91,98.1,97.2,0,0,0.1849,0,0.112243,0.183733,0.198561,0.164846,0.007791,0.00779,0.007776,4.1,7.943
1991-10-14,wheat/winter wheat,2,0.405,0,0.91,102.8,101.8,0,0,0.1943,0,0.110098,0.18309,0.19823,0.163806,0.007791,0.00779,0.007775,1.9,11.197
1991-10-15,wheat/winter wheat,2,0.405,0,0.91,106.5,105.4,0,0,0.2034,0,0.108048,0.182463,0.197904,0.162805,0.007791,0.00779,0.007775,0.6,5.564
1991-10-16,wheat/winter wheat,2,0.405,0,0.91,110.6,109.4,0,0,0.2107,0,0.107092,0.182165,0.197748,0.162335,0.007791,0.007789,0.007775,5.7,2.9
1991-10-17,wheat/winter wheat,2,0.405,0,0.91,114.2,113,0,0,0.2186,0,0.105695,0.181723,0.197516,0.161645,0.007791,0.007789,0.007774,4.7,1.002
1991-10-18,wheat/winter wheat,2,0.405,0,0.91,119.3,118,0,0,0.2259,0,0.104405,0.181309,0.197297,0.161004,0.007791,0.007789,0.007774,2.9,6.981
1991-10-19,wheat/winter wheat,2,0.406,0,0.91,124.9,123.5,0,0,0.2357,0,0.103158,0.180901,0.197079,0.160379,0.007791,0.007789,0.007774,2.9,8.501
1991-10-20,wheat/winter wheat,2,0.406,0,0.91,131.4,129.8,0,0,0.2467,0,0.101178,0.18024,0.196724,0.159381,0.007791,0.007789,0.007773,5,8.693
1991-10-21,wheat/winter wheat,2,0.406,0,0.91,137.8,136,0,0,0.2593,0,0.099828,0.179778,0.196474,0.158693,0.007791,0.007788,0.007773,4.2,9.264
1991-10-22,wheat/winter wheat,2,0.406,0,0.91,144.2,142.3,0,0,0.2718,0,0.098466,0.179301,0.196213,0.157994,0.007791,0.007788,0.007773,4.4,7.139
1991-10-23,wheat/winter wheat,2,0.407,0,0.91,149.4,147.4,0,0,0.2843,0.6,0.103478,0.178995,0.196044,0.159506,0.007791,0.007788,0.007773,4,3.761
1991-10-24,wheat/winter wheat,2,0.407,0,0.91,156.3,154,0,0,0.2944,1.2,0.114129,0.178567,0.195808,0.162835,0.007791,0.007788,0.007772,3.5,7.319
1991-10-25,wheat/winter wheat,2,0.408,0,0.92,162,159.6,0,0,0.3077,2.1,0.134225,0.17831,0.195667,0.169401,0.00779,0.007788,0.007772,5.1,3.831
1991-10-26,wheat/winter wheat,2,0.408,0,0.93,168,165.4,0,0,0.3189,2.7,0.159954,0.177961,0.195478,0.177798,0.00779,0.007787,0.007772,4.6,4.105
1991-10-27,wheat/winter wheat,2,0.408,0,0.84,172.3,169.6,0,0,0.3303,2.5,0.18417,0.177899,0.195385,0.185818,0.00779,0.007787,0.007772,3.2,1.49
1991-10-28,wheat/winter wheat,2,0.408,0,0.83,176.8,173.9,0,0,0.3387,0,0.183624,0.177847,0.195307,0.185593,0.00779,0.007787,0.007771,0,3.076
1991-10-29,wheat/winter wheat,2,0.409,0,0.86,181.6,178.5,0,0,0.3474,2.6,0.208875,0.17779,0.195221,0.193962,0.00779,0.007787,0.007771,3.7,2.015
1991-10-30,wheat/winter wheat,2,0.41,0,0.86,187.8,184.5,0,0,0.3565,3,0.236786,0.178875,0.195111,0.203591,0.00779,0.007787,0.007771,4.9,3.581
1991-10-31,wheat/winter wheat,2,0.41,0,0.87,194.4,190.9,0,0,0.3684,0.1,0.235615,0.179465,0.194928,0.203336,0.00779,0.007787,0.007771,3.7,4.263
1991-11-01,wheat/winter wheat,2,0.41,0,0.86,194.3,190.8,0,0,0.3811,0,0.235591,0.179462,0.194925,0.203326,0.00779,0.007786,0.007771,-1.2,6.915
1991-11-02,wheat/winter wheat,2,0.41,0,0.86,199.8,196.1,0,0,0.381,0,0.235035,0.179407,0.194845,0.203096,0.007789,0.007786,0.00777,0.2,4.132
1991-11-03,wheat/winter wheat,2,0.411,0,0.87,207.4,203.4,0,0,0.3915,0.9,0.242046,0.179221,0.194581,0.205283,0.007789,0.007786,0.00777,3,7.467
1991-11-04,wheat/winter wheat,2,0.412,0,0.81,214.8,210.4,0,0,0.4061,2.4,0.240217,0.201064,0.194327,0.211869,0.007789,0.007786,0.00777,7.2,3.516
1991-11-05,wheat/winter wheat,2,0.413,0,0.82,221.7,216.9,0,0,0.42,0.6,0.237601,0.2063,0.194111,0.212671,0.007789,0.007786,0.00777,5.4,3.303
1991-11-06,wheat/winter wheat,2,0.415,0,0.81,227.2,222.2,0,0,0.4331,1,0.238147,0.212575,0.19392,0.21488,0.007789,0.007786,0.00777,7.7,1.879
1991-11-07,wheat/winter wheat,2,0.418,0,0.8,233,227.6,0,0,0.4434,0,0.233658,0.213117,0.193662,0.213479,0.007789,0.007785,0.00777,10.8,1.9
1991-11-08,wheat/winter wheat,2,0.42,0,0.81,237.7,231.9,0,0,0.4542,1.8,0.239011,0.222515,0.19346,0.218329,0.007788,0.007785,0.007769,10.8,1.165
1991-11-09,wheat/winter wheat,2,0.421,0,0.8,246.5,240,0,0,0.4627,0,0.236311,0.223655,0.193354,0.217773,0.007788,0.007785,0.007769,3.6,6.319
1991-11-10,wheat/winter wheat,2,0.421,0,0.8,246.4,239.9,0,0,0.4788,0,0.236293,0.223652,0.193353,0.217766,0.007788,0.007785,0.007769,-1.6,6.639
1991-11-11,wheat/winter wheat,2,0.422,0,0.84,251.9,245,0,0,0.4787,0.6,0.241259,0.223562,0.193291,0.219371,0.007788,0.007785,0.007769,4.5,1.816
1991-11-12,wheat/winter wheat,2,0.424,0,0.83,260.5,252.8,0,0,0.4887,0.4,0.244076,0.223454,0.193217,0.220249,0.007788,0.007784,0.007768,6.2,3.555
1991-11-13,wheat/winter wheat,2,0.425,0,0.84,265.5,257.3,0,0,0.5042,3,0.243543,0.241951,0.204139,0.229878,0.007787,0.007784,0.007768,5.2,1.45
1991-11-14,wheat/winter wheat,2,0.426,0,0.96,269.5,260.9,0,0,0.5131,1,0.241939,0.242018,0.215224,0.23306,0.007787,0.007784,0.007768,3,0.56
1991-11-15,wheat/winter wheat,2,0.426,0,0.96,274.2,265.2,0,0,0.5204,1,0.24159,0.241776,0.225281,0.236216,0.007787,0.007784,0.007768,2,1.37
1991-11-16,wheat/winter wheat,2,0.426,0,0.81,278.1,268.7,0,0,0.5288,1,0.241748,0.241754,0.234977,0.239493,0.007787,0.007784,0.007767,1.2,0.56
1991-11-17,wheat/winter wheat,2,0.427,0,0.98,282,272.2,0,0,0.5357,2,0.243196,0.243046,0.24184,0.242694,0.007787,0.007784,0.007767,4.1,0.56
1991-11-18,wheat/winter wheat,2,0.429,0,0.97,289.2,278.6,0,0,0.5427,0,0.238319,0.240287,0.240762,0.239789,0.007787,0.007783,0.007767,5.9,2.402
1991-11-19,wheat/winter wheat,2,0.43,0,0.95,294.7,283.5,0,0,0.5554,4.3,0.244241,0.244311,0.24417,0.244241,0.007787,0.007783,0.007767,3.8,1.606
1991-11-20,wheat/winter wheat,2,0.431,0,0.98,302,289.9,0,0,0.565,1.9,0.242785,0.243295,0.243442,0.243174,0.007787,0.007783,0.007767,4.1,2.515
1991-11-21,wheat/winter wheat,2,0.432,0,0.98,309.9,296.9,0,0,0.5778,0.2,0.238732,0.240562,0.241306,0.2402,0.007787,0.007783,0.007767,4.3,2.651
1991-11-22,wheat/winter wheat,2,0.433,0,0.98,319.1,304.9,0,0,0.5915,1.8,0.24201,0.242102,0.242018,0.242043,0.007786,0.007783,0.007767,3.3,3.506
1991-11-23,wheat/winter wheat,2,0.434,0,0.97,326.7,311.6,0,0,0.6073,0,0.238928,0.240111,0.240669,0.239903,0.007786,0.007783,0.007766,1.6,2.859
1991-11-24,wheat/winter wheat,2,0.434,0,0.74,331.4,315.6,0,0,0.6206,0.7,0.240398,0.240313,0.240417,0.240376,0.007786,0.007783,0.007766,0.7,1.222
1991-11-25,wheat/winter wheat,2,0.436,0,0.99,338.4,321.7,0,0,0.6286,0.6,0.240358,0.240398,0.24041,0.240389,0.007786,0.007782,0.007766,5.6,1.897
1991-11-26,wheat/winter wheat,2,0.438,0,0.95,344.4,326.8,0,0,0.6406,1.8,0.242335,0.242323,0.242091,0.242249,0.007786,0.007782,0.007766,7,1.505
1991-11-27,wheat/winter wheat,2,0.441,0,0.95,347.5,329.5,0,0,0.6507,4,0.244342,0.24449,0.24443,0.244421,0.007786,0.007782,0.007766,7.3,0.518
1991-11-28,wheat/winter wheat,2,0.442,0,0.99,355.9,336.6,0,0,0.6559,2,0.243361,0.24354,0.243634,0.243512,0.007786,0.007782,0.007766,3.9,2.49
1991-11-29,wheat/winter wheat,2,0.444,0,1,359.2,339.4,0,0,0.67,2,0.243378,0.243395,0.243419,0.243397,0.007786,0.007782,0.007765,3.9,0.4
1991-11-30,wheat/winter wheat,2,0.444,0,1,362.5,342.1,0,0,0.6754,0,0.239609,0.24077,0.241402,0.240594,0.007785,0.007782,0.007765,2,0.4
1991-12-01,wheat/winter wheat,2,0.446,0,0.98,366.6,345.6,0,0,0.6808,0,0.237696,0.239147,0.239955,0.238933,0.007785,0.007782,0.007765,3.8,0.83
1991-12-02,wheat/winter wheat,2,0.448,0,0.98,374.1,351.7,0,0,0.6876,0,0.236201,0.237946,0.238853,0.237667,0.007785,0.007781,0.007765,6.4,1.854
1991-12-03,wheat/winter wheat,2,0.45,0,0.89,384.2,360,0,0,0.6997,3.9,0.243925,0.243818,0.243381,0.243708,0.007785,0.007781,0.007765,4.9,3.422
1991-12-04,wheat/winter wheat,2,0.453,0,0.98,395,368.7,0,0,0.716,1.5,0.241882,0.242683,0.242865,0.242477,0.007785,0.007781,0.007765,6.7,2.988
1991-12-05,wheat/winter wheat,2,0.455,0,0.98,405.5,377.1,0,0,0.7331,3.1,0.243656,0.243909,0.24389,0.243818,0.007785,0.007781,0.007764,4.9,3.053
1991-12-06,wheat/winter wheat,2,0.456,0,0.98,414.2,384.1,0,0,0.7497,0,0.239315,0.240826,0.241541,0.240561,0.007785,0.007781,0.007764,2.5,2.215
1991-12-07,wheat/winter wheat,2,0.456,0,0.98,422.7,390.8,0,0,0.7632,0,0.237701,0.239159,0.240007,0.238956,0.007784,0.007781,0.007764,1.6,2.225
1991-12-08,wheat/winter wheat,2,0.456,0,0.98,430.8,397.3,0,0,0.7765,0,0.23666,0.238087,0.238951,0.237899,0.007784,0.00778,0.007764,0.8,2.146
1991-12-09,wheat/winter wheat,2,0.456,0,0.98,435.9,401.4,0,0,0.7892,0,0.236009,0.237347,0.238187,0.237181,0.007784,0.00778,0.007764,1.7,1.097
1991-12-10,wheat/winter wheat,2,0.457,0,0.98,440.8,405.3,0,0,0.7972,0,0.23546,0.236776,0.237594,0.23661,0.007784,0.00778,0.007764,2.4,1.025
1991-12-11,wheat/winter wheat,2,0.458,0,0.98,445.6,409.1,0,0,0.8049,0,0.235009,0.236321,0.237119,0.236149,0.007784,0.00778,0.007763,2.8,0.966
1991-12-12,wheat/winter wheat,2,0.458,0,0.99,451.4,413.7,0,0,0.8123,2.7,0.243196,0.242304,0.241331,0.242277,0.007784,0.00778,0.007763,2.3,1.226
1991-12-13,wheat/winter wheat,2,0.46,0,0.96,460.3,420.7,0,0,0.8213,5.1,0.245121,0.245093,0.244947,0.245054,0.007784,0.00778,0.007763,3.3,1.958
1991-12-14,wheat/winter wheat,2,0.46,0,0.98,469.4,427.9,0,0,0.8351,0,0.239616,0.241265,0.242013,0.240965,0.007784,0.00778,0.007763,2.8,2.032
1991-12-15,wheat/winter wheat,2,0.463,0,0.94,475.6,432.6,0,0,0.8491,2.2,0.242985,0.242919,0.242809,0.242905,0.007784,0.00778,0.007763,6.3,1.161
1991-12-16,wheat/winter wheat,2,0.465,0,0.98,487,441.4,0,0,0.8584,0,0.239243,0.240502,0.241103,0.240283,0.007784,0.00778,0.007763,5.4,2.963
1991-12-17,wheat/winter wheat,2,0.465,0,1,496,448.4,0,0,0.8756,0,0.237841,0.239072,0.239823,0.238912,0.007783,0.007779,0.007763,0,3.842
1991-12-18,wheat/winter wheat,2,0.465,0,1,495.8,448.2,0,0,0.8892,0,0.237041,0.238162,0.238919,0.238041,0.007783,0.007779,0.007763,-0.8,3.449
1991-12-19,wheat/winter wheat,2,0.465,0,1,495.5,448.1,0,0,0.889,0,0.237041,0.237236,0.238149,0.237475,0.007783,0.007779,0.007762,-1.5,2.892
1991-12-20,wheat/winter wheat,2,0.465,0,0.96,501.6,452.8,0,0,0.8887,1.3,0.249336,0.236624,0.237529,0.241163,0.007783,0.007779,0.007762,1.8,1.202
1991-12-21,wheat/winter wheat,2,0.466,0,0.99,506.5,456.5,0,0,0.898,7.3,0.321797,0.236231,0.237086,0.265038,0.007783,0.007779,0.007762,1.8,0.895
1991-12-22,wheat/winter wheat,2,0.466,0,0.89,506.2,456.4,0,0,0.9052,0,0.321786,0.235945,0.23674,0.264824,0.007783,0.007779,0.007762,-0.2,1.566
1991-12-23,wheat/winter wheat,2,0.466,0,0.89,506,456.3,0,0,0.905,0,0.321778,0.235727,0.236465,0.264657,0.007783,0.007779,0.007762,-3.2,1.861
1991-12-24,wheat/winter wheat,2,0.466,0,0.89,505.8,456.2,0,0,0.9047,0,0.32177,0.235725,0.236118,0.264538,0.007783,0.007779,0.007762,-4.8,4.003
1991-12-25,wheat/winter wheat,2,0.466,0,0.89,505.6,456.1,0,0,0.9045,0,0.321767,0.235725,0.23586,0.264451,0.007783,0.007779,0.007762,-8.2,3.198
1991-12-26,wheat/winter wheat,2,0.466,0,0.89,505.5,456,0,0,0.9044,0,0.321764,0.235724,0.23586,0.264449,0.007783,0.007779,0.007762,-9.8,2.785
1991-12-27,wheat/winter wheat,2,0.466,0,1,505.3,456,0,0,0.9042,0,0.321764,0.235724,0.23586,0.264449,0.007783,0.007779,0.007762,-9,2.96
1991-12-28,wheat/winter wheat,2,0.466,0,1,505.1,455.8,0,0,0.9041,0,0.321764,0.235724,0.23586,0.264449,0.007783,0.007779,0.007762,-2.3,3.384
1991-12-29,wheat/winter wheat,2,0.466,0,1,504.9,455.7,0,0,0.9038,0,0.321764,0.235724,0.23586,0.264449,0.007783,0.007779,0.007762,-6,3.633
1991-12-30,wheat/winter wheat,2,0.466,0,0.89,504.7,455.6,0,0,0.9036,0,0.321755,0.235723,0.235858,0.264445,0.007783,0.007779,0.007762,-4.1,1.039
1991-12-31,wheat/winter wheat,2,0.466,0,0.89,504.4,455.5,0,0,0.9034,0,0.321743,0.235721,0.235856,0.26444,0.007783,0.007779,0.007762,-1.6,1.33
1992-01-01,wheat/winter wheat,2,0.466,0,0.89,504.1,455.4,0,0,0.9032,0,0.32173,0.235719,0.235854,0.264434,0.007783,0.007779,0.007762,-0.6,0.52
1992-01-02,wheat/winter wheat,2,0.467,0,0.89,507.5,458,0,0,0.9029,0,0.321311,0.235651,0.235777,0.264246,0.007783,0.007779,0.007762,2.8,0.52
1992-01-03,wheat/winter wheat,2,0.47,0,0.89,516.3,464.6,0,0,0.908,0,0.319877,0.235417,0.235513,0.263602,0.007783,0.007779,0.007762,7,1.63
1992-01-04,wheat/winter wheat,2,0.472,0,0.89,519.6,467.1,0,0,0.921,0,0.318938,0.235262,0.235338,0.263179,0.007783,0.007779,0.007762,5.7,0.52
1992-01-05,wheat/winter wheat,2,0.474,0,0.96,523,469.6,0,0,0.9258,1,0.245587,0.317465,0.235287,0.266113,0.007783,0.007779,0.007762,5.6,0.52
1992-01-06,wheat/winter wheat,2,0.475,0,0.97,526.6,472.2,0,0,0.9307,1,0.242071,0.330018,0.235252,0.269114,0.007783,0.007779,0.007762,4,0.52
1992-01-07,wheat/winter wheat,2,0.477,0,0.94,530.8,475.3,0,0,0.9358,0,0.238361,0.332697,0.23516,0.268739,0.007783,0.007779,0.007761,4.7,0.69
1992-01-08,wheat/winter wheat,2,0.479,0,0.96,535.6,478.8,0,0,0.9419,1,0.240251,0.339308,0.235078,0.271545,0.007783,0.007779,0.007761,3.9,0.75
1992-01-09,wheat/winter wheat,2,0.481,0,0.99,539.4,481.5,0,0,0.9487,1,0.240749,0.247377,0.33496,0.274362,0.007783,0.007779,0.007761,5.7,0.52
1992-01-10,wheat/winter wheat,2,0.481,0,0.98,539.1,481.4,0,0,0.954,0,0.238555,0.241347,0.34315,0.274351,0.007782,0.007779,0.007761,-0.1,4.79
1992-01-11,wheat/winter wheat,2,0.481,0,1,538.9,481.3,0,0,0.9537,0,0.237464,0.242438,0.34315,0.274351,0.007782,0.007778,0.007761,-3.2,3.77
1992-01-12,wheat/winter wheat,2,0.481,0,0.98,548,487.8,0,0,0.9534,0,0.235922,0.24281,0.342984,0.273905,0.007782,0.007778,0.007761,1,1.94
1992-01-13,wheat/winter wheat,2,0.481,0,1,547.7,487.7,0,0,0.9662,1,0.240487,0.248403,0.342984,0.277291,0.007782,0.007778,0.007761,-1,0.72
1992-01-14,wheat/winter wheat,2,0.482,0,0.99,552.9,491.4,0,0,0.9659,0,0.238027,0.241401,0.351793,0.277074,0.007782,0.007778,0.007761,3.6,0.72
1992-01-15,wheat/winter wheat,2,0.485,0,0.98,558,495.1,0,0,0.9732,0,0.236012,0.238842,0.35463,0.276495,0.007782,0.007778,0.007761,5.7,0.72
1992-01-16,wheat/winter wheat,2,0.486,0,0.99,563.3,498.8,0,0,0.9803,1,0.239529,0.239575,0.358598,0.279234,0.007782,0.007778,0.007761,4.6,0.72
1992-01-17,wheat/winter wheat,2,0.487,0,0.98,578,509.1,0,0,0.9875,0,0.236077,0.238106,0.360606,0.278263,0.007782,0.007778,0.007761,2.8,5.36
1992-01-18,wheat/winter wheat,2,0.488,0,0.94,583.7,513.1,0,0,1.0076,3,0.243168,0.242956,0.377396,0.28784,0.007782,0.007778,0.007761,2.8,0.72
1992-01-19,wheat/winter wheat,2,0.49,0,0.94,589.7,517.3,0,0,1.0153,12,0.26207,0.246156,0.374035,0.294087,0.007782,0.007778,0.007761,4.4,0.72
1992-01-20,wheat/winter wheat,2,0.49,0,1,589.3,517.1,0,0,1.0234,0,0.243255,0.243561,0.295407,0.260741,0.007782,0.007778,0.007761,-0.4,1.03
1992-01-21,wheat/winter wheat,2,0.49,0,1,589.1,517,0,0,1.0231,0,0.239558,0.24079,0.301831,0.260726,0.007782,0.007778,0.007761,-6.2,2.6
1992-01-22,wheat/winter wheat,2,0.49,0,1,588.9,516.9,0,0,1.0229,0,0.237991,0.239241,0.304926,0.260719,0.007782,0.007778,0.007761,-7.5,5.79
1992-01-23,wheat/winter wheat,2,0.49,0,1,588.8,516.8,0,0,1.0227,0,0.23711,0.238266,0.306747,0.260708,0.007782,0.007778,0.007761,-8.2,3.68
1992-01-24,wheat/winter wheat,2,0.49,0,1,588.6,516.7,0,0,1.0225,0,0.236546,0.238798,0.306743,0.260696,0.007782,0.007778,0.007761,-6.9,3.54
1992-01-25,wheat/winter wheat,2,0.49,0,1,588.4,516.6,0,0,1.0223,0,0.236133,0.239151,0.306734,0.260673,0.007782,0.007778,0.007761,-7.5,0.79
1992-01-26,wheat/winter wheat,2,0.49,0,1,588.1,516.5,0,0,1.0221,0,0.235835,0.239399,0.306726,0.260654,0.007782,0.007778,0.007761,-4.3,0.79
1992-01-27,wheat/winter wheat,2,0.49,0,1,595.3,521.5,0,0,1.0219,0,0.23493,0.239353,0.306587,0.26029,0.007782,0.007778,0.007761,0,0.79
1992-01-28,wheat/winter wheat,2,0.49,0,1,595,521.3,0,0,1.0315,0,0.234851,0.239388,0.306581,0.260273,0.007782,0.007778,0.007761,-1.2,0.79
1992-01-29,wheat/winter wheat,2,0.49,0,1,594.6,521.2,0,0,1.0312,0,0.234776,0.239414,0.306574,0.260254,0.007782,0.007778,0.007761,-0.3,0.79
1992-01-30,wheat/winter wheat,2,0.49,0,1,594.3,521,0,0,1.0309,0,0.234701,0.239429,0.306565,0.260232,0.007782,0.007778,0.007761,-0.1,2.24
1992-01-31,wheat/winter wheat,2,0.49,0,1,594,520.9,0,0,1.0306,0,0.234654,0.239414,0.306556,0.260208,0.007782,0.007778,0.007761,-2.1,0.79
1992-02-01,wheat/winter wheat,2,0.49,0,1,593.7,520.7,0,0,1.0303,0,0.234619,0.239402,0.306549,0.26019,0.007782,0.007778,0.007761,-1.5,0.86
1992-02-02,wheat/winter wheat,2,0.49,0,1,593.4,520.6,0,0,1.03,1,0.244787,0.239402,0.306549,0.263579,0.007782,0.007778,0.007761,-1.3,0.86
1992-02-03,wheat/winter wheat,2,0.49,0,0.59,603.9,527.8,0,0,1.0297,6,0.305603,0.239269,0.306451,0.283774,0.007782,0.007778,0.007761,1.2,1.78
1992-02-04,wheat/winter wheat,2,0.491,0,0.91,622.6,540.8,0,0,1.0438,0,0.303537,0.238889,0.306043,0.282823,0.007782,0.007778,0.007761,1.9,5.14
1992-02-05,wheat/winter wheat,2,0.491,0,0.63,632.1,547.4,0,0,1.069,1,0.245588,0.30601,0.305959,0.285853,0.007782,0.007778,0.007761,1.3,0.86
1992-02-06,wheat/winter wheat,2,0.491,0,0.97,642,554.2,0,0,1.0818,1,0.241711,0.318329,0.305873,0.288638,0.007782,0.007778,0.007761,2.1,0.86
1992-02-07,wheat/winter wheat,2,0.494,0,0.96,657.1,564.5,0,0,1.0949,0,0.236628,0.320235,0.305549,0.287471,0.007782,0.007778,0.007761,6.3,2.54
1992-02-08,wheat/winter wheat,2,0.496,0,0.96,668.1,572,0,0,1.1149,0,0.234851,0.320148,0.305356,0.286785,0.007782,0.007778,0.007761,3.7,0.86
1992-02-09,wheat/winter wheat,2,0.496,0,0.96,685,583.4,0,0,1.1294,0,0.233423,0.31971,0.305167,0.2861,0.007782,0.007778,0.007761,1.9,3.97
1992-02-10,wheat/winter wheat,2,0.498,0,1,700.5,593.8,0,0,1.1515,1,0.238342,0.245585,0.38202,0.288649,0.007782,0.007778,0.007761,3.4,2.71
1992-02-11,wheat/winter wheat,2,0.498,0,0.99,712.6,602,0,0,1.1717,4,0.243819,0.24432,0.415976,0.301372,0.007781,0.007777,0.007761,2.5,0.92
1992-02-12,wheat/winter wheat,2,0.5,0,0.98,726.4,611.2,0,0,1.1874,0,0.238573,0.240658,0.423,0.300744,0.007781,0.007777,0.007761,4.4,1.68
1992-02-13,wheat/winter wheat,2,0.504,0,0.99,739.7,619.9,0,0,1.2052,2,0.241573,0.242046,0.435933,0.306517,0.007781,0.007777,0.007761,6.6,0.92
1992-02-14,wheat/winter wheat,2,0.505,0,1,758,631.9,0,0,1.222,3,0.242874,0.243482,0.422862,0.303073,0.007781,0.007777,0.007761,2.8,3.4
1992-02-15,wheat/winter wheat,2,0.506,0,1,772.2,641.1,0,0,1.2451,1,0.24068,0.241727,0.433953,0.305454,0.007781,0.007777,0.007761,4,0.92
1992-02-16,wheat/winter wheat,2,0.507,0,0.63,786.4,650.3,0,0,1.2629,2,0.242781,0.242688,0.449471,0.311647,0.007781,0.007777,0.007761,1.4,1.4
1992-02-17,wheat/winter wheat,2,0.507,0,1,786,650.1,0,0,1.2807,1,0.242008,0.242126,0.460775,0.31497,0.007781,0.007777,0.007761,-1.8,4.74
1992-02-18,wheat/winter wheat,2,0.507,0,1,785.7,650,0,0,1.2803,0,0.239114,0.240174,0.465622,0.31497,0.007781,0.007777,0.007761,-3.1,5.31
1992-02-19,wheat/winter wheat,2,0.507,0,1,785.3,649.8,0,0,1.28,1,0.241383,0.243782,0.470313,0.318493,0.007781,0.007777,0.007761,-0.7,0.92
1992-02-20,wheat/winter wheat,2,0.507,0,1,785,649.6,0,0,1.2797,0,0.238856,0.246309,0.470313,0.318493,0.007781,0.007777,0.007761,-1.2,2.16
1992-02-21,wheat/winter wheat,2,0.507,0,0.99,801,660,0,0,1.2793,0,0.236887,0.247266,0.470153,0.318102,0.007781,0.007777,0.007761,1.3,1.64
1992-02-22,wheat/winter wheat,2,0.508,0,0.99,820,672.2,0,0,1.2994,2,0.241245,0.260041,0.470037,0.323774,0.007781,0.007777,0.007761,3.1,2.45
1992-02-23,wheat/winter wheat,2,0.51,0,0.98,842.5,686.6,0,0,1.3229,0,0.236129,0.261102,0.469727,0.322319,0.007781,0.007777,0.007761,4.8,3.5
1992-02-24,wheat/winter wheat,2,0.512,0,0.98,873,706,0,0,1.3506,0,0.233467,0.25959,0.469779,0.320945,0.007781,0.007777,0.007761,3.5,7.34
1992-02-25,wheat/winter wheat,2,0.513,0,1,892.3,718.1,0,0,1.3879,0,0.232159,0.242512,0.386077,0.286916,0.00778,0.007776,0.007761,3.7,1.64
1992-02-26,wheat/winter wheat,2,0.514,0,1,915.8,732.9,0,0,1.4112,0,0.230612,0.238734,0.288925,0.252757,0.00778,0.007776,0.007761,2.5,3.97
1992-02-27,wheat/winter wheat,2,0.516,0,1,947.5,752.6,0,0,1.4396,0,0.228364,0.236719,0.244561,0.236548,0.00778,0.007776,0.007761,4.3,6.64
1992-02-28,wheat/winter wheat,2,0.516,0,1,975.8,770.2,0,0,1.4776,0,0.227035,0.235795,0.239849,0.234226,0.00778,0.007776,0.007761,1.1,6.99
1992-02-29,wheat/winter wheat,2,0.52,0,0.99,1004.7,787.9,0,0,1.5114,0,0.223997,0.234442,0.237518,0.231986,0.00778,0.007776,0.00776,6.8,4.08
1992-03-01,wheat/winter wheat,2,0.524,0,0.98,1053.9,817.5,0,0,1.5453,0,0.220113,0.232924,0.235905,0.229647,0.00778,0.007776,0.00776,8,13.75
1992-03-02,wheat/winter wheat,2,0.528,0,0.99,1096.3,842.6,0,0,1.602,1,0.225477,0.231553,0.234839,0.230623,0.00778,0.007776,0.00776,6.9,8.12
1992-03-03,wheat/winter wheat,2,0.531,0,0.99,1124.5,859.1,0,0,1.65,0,0.222696,0.230443,0.234105,0.229081,0.007779,0.007776,0.00776,5.5,2.9
1992-03-04,wheat/winter wheat,2,0.535,0,0.99,1177.7,889.7,0,0,1.6814,0,0.217933,0.228544,0.232912,0.226463,0.007779,0.007775,0.00776,6.9,12.65
1992-03-05,wheat/winter wheat,2,0.539,0,0.98,1234,921.6,0,0,1.7399,0,0.214554,0.227174,0.232046,0.224591,0.007779,0.007775,0.00776,7.5,21.85
1992-03-06,wheat/winter wheat,2,0.541,0,0.99,1265.6,939.2,0,0,1.8005,1,0.221477,0.226468,0.231597,0.226514,0.007779,0.007775,0.007759,5,3.45
1992-03-07,wheat/winter wheat,2,0.545,0,0.99,1296,956,0,0,1.8342,0,0.219533,0.225663,0.231083,0.225427,0.007778,0.007775,0.007759,6,2.35
1992-03-08,wheat/winter wheat,2,0.548,0,0.99,1353.8,987.4,0,0,1.866,0,0.215404,0.223939,0.22998,0.223108,0.007778,0.007774,0.007759,5.7,12.79
1992-03-09,wheat/winter wheat,2,0.55,0,0.99,1409.3,1017.2,0,0,1.9257,0,0.210771,0.221974,0.228716,0.220487,0.007778,0.007774,0.007759,4.5,13.2
1992-03-10,wheat/winter wheat,2,0.553,0,0.98,1467.3,1048.2,0,0,1.9824,0,0.206846,0.220284,0.227624,0.218251,0.007778,0.007774,0.007759,4.7,13.48
1992-03-11,wheat/winter wheat,2,0.554,0,0.95,1514.2,1072.9,0,0,2.041,2,0.222803,0.219499,0.226928,0.223077,0.007777,0.007774,0.007758,4,7.66
1992-03-12,wheat/winter wheat,2,0.556,0,0.94,1549.9,1091.7,0,0,2.088,14,0.259955,0.245477,0.24514,0.250191,0.007777,0.007774,0.007758,3.1,3.23
1992-03-13,wheat/winter wheat,2,0.557,0,0.99,1585.8,1110.4,0,0,2.1235,3,0.243646,0.244427,0.244641,0.244238,0.007777,0.007773,0.007758,2.8,3.23
1992-03-14,wheat/winter wheat,2,0.557,0,0.72,1638.4,1137.8,0,0,2.1589,1,0.240419,0.241235,0.241861,0.241172,0.007777,0.007773,0.007758,1.1,14.94
1992-03-15,wheat/winter wheat,2,0.557,0,0.8,1679.7,1159.4,0,0,2.211,2,0.242514,0.242412,0.242379,0.242435,0.007777,0.007773,0.007758,0.4,7.03
1992-03-16,wheat/winter wheat,2,0.558,0,0.99,1739.8,1190.6,0,0,2.2518,0,0.235092,0.238439,0.239645,0.237725,0.007777,0.007773,0.007758,2.5,13.52
1992-03-17,wheat/winter wheat,2,0.559,0,0.99,1781.2,1212,0,0,2.3109,0,0.233106,0.236553,0.237979,0.235879,0.007777,0.007773,0.007757,2.3,4.34
1992-03-18,wheat/winter wheat,2,0.563,0,0.99,1849,1246.4,0,0,2.3514,0,0.229556,0.234539,0.236257,0.233451,0.007777,0.007773,0.007757,6.8,10.67
1992-03-19,wheat/winter wheat,2,0.566,0,0.99,1910.4,1277.3,0,0,2.4165,1,0.234305,0.233949,0.235207,0.234487,0.007776,0.007773,0.007757,4.7,10.2
1992-03-20,wheat/winter wheat,2,0.569,0,0.97,1954.9,1299.3,0,0,2.4747,12,0.250898,0.245558,0.245468,0.247308,0.007776,0.007773,0.007757,6.1,3.07
1992-03-21,wheat/winter wheat,2,0.574,0,0.99,2004.7,1323.4,0,0,2.5162,6,0.243961,0.244839,0.245102,0.244634,0.007776,0.007772,0.007757,8.3,3.96
1992-03-22,wheat/winter wheat,2,0.577,0,0.99,2062.7,1351,0,0,2.5614,5,0.242065,0.24365,0.244138,0.243284,0.007776,0.007772,0.007757,5.5,6.94
1992-03-23,wheat/winter wheat,2,0.579,0,1,2108.5,1372.6,0,0,2.6134,1,0.241114,0.241724,0.242166,0.241668,0.007776,0.007772,0.007757,3.7,0.941
1992-03-24,wheat/winter wheat,2,0.581,0,0.99,2163.3,1398.3,0,0,2.654,0,0.237301,0.239177,0.240102,0.23886,0.007776,0.007772,0.007757,2.7,6.982
1992-03-25,wheat/winter wheat,2,0.581,0,1,2210,1420.2,0,0,2.7024,6.3,0.245357,0.24515,0.244952,0.245153,0.007776,0.007772,0.007756,2.1,1.657
1992-03-26,wheat/winter wheat,2,0.583,0,1,2269.3,1447.7,0,0,2.7434,0.2,0.239242,0.240988,0.241803,0.240678,0.007775,0.007772,0.007756,3.5,7.5
1992-03-27,wheat/winter wheat,2,0.584,0,1,2323.9,1472.9,0,0,2.795,1.4,0.241207,0.241297,0.241428,0.241311,0.007775,0.007772,0.007756,2.5,6.195
1992-03-28,wheat/winter wheat,2,0.585,0,0.99,2381.5,1499.4,0,0,2.8423,3.2,0.243685,0.243661,0.243529,0.243625,0.007775,0.007772,0.007756,1.9,7.76
1992-03-29,wheat/winter wheat,2,0.585,0,0.9,2441.1,1526.7,0,0,2.8921,0.7,0.240743,0.241393,0.241814,0.241317,0.007775,0.007771,0.007756,1.5,8.971
1992-03-30,wheat/winter wheat,2,0.585,0,0.99,2506,1556.6,0,0,2.9434,0,0.236633,0.238701,0.239694,0.238343,0.007775,0.007771,0.007756,1.2,11.857
1992-03-31,wheat/winter wheat,2,0.589,0,0.99,2603.7,1600.7,0,0,2.9993,0,0.231963,0.235552,0.237189,0.234902,0.007775,0.007771,0.007756,5.6,17.459
1992-04-01,wheat/winter wheat,2,0.594,0,1,2686.1,1637.1,0,0,3.0818,2.6,0.23998,0.239854,0.239178,0.23967,0.007775,0.007771,0.007756,7.4,11.068
1992-04-02,wheat/winter wheat,2,0.598,0,0.99,2794.1,1683.8,0,0,3.1499,0,0.233488,0.236455,0.237325,0.235756,0.007775,0.007771,0.007755,7.2,17.325
1992-04-03,wheat/winter wheat,2,0.602,0,0.99,2885.5,1722.6,0,0,3.237,0,0.230495,0.234508,0.235826,0.233609,0.007775,0.007771,0.007755,5.9,13.225
1992-04-04,wheat/winter wheat,2,0.605,0,0.99,2973.5,1759.5,0,0,3.3093,0,0.227385,0.232812,0.234476,0.231558,0.007774,0.007771,0.007755,5.3,12.408
1992-04-05,wheat/winter wheat,2,0.607,0,0.99,3054.8,1793.1,0,0,3.3779,0,0.224759,0.231375,0.233469,0.229867,0.007774,0.00777,0.007755,3.7,11.725
1992-04-06,wheat/winter wheat,2,0.609,0,1,3129.4,1823.7,0,0,3.4405,0.1,0.22295,0.230376,0.232774,0.2287,0.007774,0.00777,0.007755,4.1,8.571
1992-04-07,wheat/winter wheat,2,0.614,0,0.99,3223.4,1861.4,0,0,3.4973,0,0.21956,0.22849,0.231458,0.226503,0.007774,0.00777,0.007755,6.7,12.082
1992-04-08,wheat/winter wheat,2,0.619,0,0.99,3326.3,1901.7,0,0,3.5672,0,0.215679,0.226309,0.229934,0.223974,0.007774,0.00777,0.007754,7.2,13.904
1992-04-09,wheat/winter wheat,2,0.622,0,0.99,3443.5,1946.8,0,0,3.6418,0,0.211271,0.223807,0.228181,0.221086,0.007773,0.00777,0.007754,5.8,18.94
1992-04-10,wheat/winter wheat,2,0.627,0,0.99,3571.1,1994.7,0,0,3.7251,0,0.206686,0.221177,0.226333,0.218065,0.007773,0.007769,0.007754,6.8,19.844
1992-04-11,wheat/winter wheat,2,0.634,0,0.99,3696.1,2040,0,0,3.8136,0,0.201323,0.218078,0.224152,0.214518,0.007773,0.007769,0.007754,10.2,15.731
1992-04-12,wheat/winter wheat,2,0.642,0,0.99,3828.3,2086,0,0,3.8969,0,0.19541,0.214625,0.221717,0.210584,0.007772,0.007769,0.007754,11.5,16.258
1992-04-13,wheat/winter wheat,2,0.648,0,1,3899.9,2110.1,0,0,3.9812,2.1,0.21221,0.214296,0.221484,0.215997,0.007772,0.007769,0.007753,8.5,0.853
1992-04-14,wheat/winter wheat,2,0.653,0,1,3987.6,2138.8,0,0,4.0253,0.1,0.209598,0.212753,0.220393,0.214248,0.007772,0.007768,0.007753,7.3,7.813
1992-04-15,wheat/winter wheat,2,0.658,0,0.98,4080.4,2168.4,0,0,4.0778,1,0.213536,0.211578,0.219473,0.214862,0.007771,0.007768,0.007753,7.6,9.26
1992-04-16,wheat/winter wheat,2,0.662,0,0.99,4163.1,2194.3,0,0,4.1318,2.3,0.231838,0.211177,0.21916,0.220725,0.007771,0.007768,0.007753,5.1,6.421
1992-04-17,wheat/winter wheat,2,0.663,0,0.99,4261.1,2224.7,0,0,4.1791,2.1,0.240019,0.218182,0.218661,0.225621,0.007771,0.007768,0.007752,2.7,13.913
1992-04-18,wheat/winter wheat,2,0.667,0,0.99,4367.5,2257,0,0,4.2346,1.7,0.24061,0.228305,0.218092,0.229002,0.007771,0.007767,0.007752,6.3,11.61
1992-04-19,wheat/winter wheat,2,0.673,0,0.99,4498.1,2295.3,0,0,4.2932,1.9,0.23841,0.236374,0.218907,0.231231,0.00777,0.007767,0.007752,8.2,15.128
1992-04-20,wheat/winter wheat,2,0.677,0,0.99,4632.3,2333.9,0,0,4.3628,0,0.231449,0.233155,0.217105,0.227237,0.00777,0.007767,0.007752,5.6,18.68
1992-04-21,wheat/winter wheat,2,0.681,0,0.99,4786.2,2377,0,0,4.4327,0,0.225367,0.22943,0.214576,0.223124,0.00777,0.007766,0.007751,6.2,22.453
1992-04-22,wheat/winter wheat,2,0.687,0,0.99,4925.1,2414.6,0,0,4.5106,0,0.219133,0.22559,0.211963,0.218895,0.007769,0.007766,0.007751,8.2,16.247
1992-04-23,wheat/winter wheat,2,0.692,0,0.99,5029.5,2442.1,0,0,4.5785,0,0.215995,0.223645,0.210634,0.216758,0.007769,0.007766,0.007751,6.5,9.388
1992-04-24,wheat/winter wheat,2,0.699,0,0.99,5153.3,2473.1,0,0,4.628,0,0.211591,0.220902,0.208757,0.21375,0.007769,0.007766,0.00775,10.4,11.982
1992-04-25,wheat/winter wheat,3,0.711,0,0.99,5314.1,2513.2,0,0,4.6838,1.7,0.216375,0.216553,0.205773,0.2129,0.007769,0.007765,0.00775,15.3,18.803
1992-04-26,wheat/winter wheat,3,0.721,0,0.98,5443.8,2545.5,0,0,4.7558,2.8,0.234249,0.215793,0.204312,0.218118,0.007768,0.007765,0.00775,13.9,12.85
1992-04-27,wheat/winter wheat,3,0.729,0,0.98,5591.5,2582.2,0,0,4.8137,0,0.228108,0.212182,0.201644,0.213978,0.007768,0.007765,0.00775,12.8,14.213
1992-04-28,wheat/winter wheat,3,0.737,0,0.98,5733.3,2617.4,0,0,4.8794,0.1,0.221904,0.208501,0.198927,0.209777,0.007767,0.007764,0.007749,12.1,13.885
1992-04-29,wheat/winter wheat,3,0.744,0,0.99,5849.4,2646.1,0,0,4.9423,2.2,0.235221,0.208213,0.19817,0.213868,0.007767,0.007764,0.007749,10.6,9.451
1992-04-30,wheat/winter wheat,3,0.751,0,0.98,6003.5,2684.2,0,0,4.9937,0,0.229262,0.204778,0.195571,0.209871,0.007766,0.007763,0.007748,9.6,16.828
1992-05-01,wheat/winter wheat,3,0.759,0,0.98,6173.5,2726.2,0,0,5.0617,0.2,0.222059,0.200433,0.192366,0.204953,0.007766,0.007763,0.007748,12.4,16.585
1992-05-02,wheat/winter wheat,3,0.765,0,1,6284.3,2753.5,0,0,5.1365,3,0.239568,0.204992,0.192073,0.212211,0.007765,0.007762,0.007748,8.2,7.744
1992-05-03,wheat/winter wheat,3,0.771,0,0.98,6443.5,2792.7,0,0,5.1852,0.1,0.232907,0.203437,0.189782,0.208709,0.007765,0.007762,0.007747,9.1,15.686
1992-05-04,wheat/winter wheat,3,0.776,0,0.98,6659.3,2845.7,0,0,5.255,0,0.225593,0.198944,0.186481,0.203672,0.007764,0.007762,0.007747,8.3,25.974
1992-05-05,wheat/winter wheat,3,0.783,0,0.98,6882.4,2900.5,0,0,5.3494,0,0.217784,0.194103,0.182931,0.198273,0.007764,0.007761,0.007746,9.9,25.763
1992-05-06,wheat/winter wheat,3,0.792,0,0.98,7087.1,2950.7,0,0,5.4468,0,0.209122,0.188697,0.178963,0.19226,0.007764,0.007761,0.007746,12.4,21.625
1992-05-07,wheat/winter wheat,3,0.802,0,0.99,7184.2,2974.4,0,0,5.5358,2.4,0.223538,0.187789,0.178295,0.19654,0.007763,0.00776,0.007746,13.3,6.94
1992-05-08,wheat/winter wheat,3,0.809,0,1,7272.5,2996,0,0,5.5779,2.7,0.238568,0.190391,0.178016,0.202325,0.007762,0.00776,0.007745,10.5,4.78
1992-05-09,wheat/winter wheat,3,0.814,0,0.99,7411.1,3029.8,0,0,5.6161,2.4,0.240505,0.20112,0.177231,0.206285,0.007762,0.007759,0.007745,7.5,13.221
1992-05-10,wheat/winter wheat,3,0.82,0,0.99,7547.9,3063.1,0,0,5.6759,3.1,0.241574,0.219383,0.176407,0.212455,0.007762,0.007759,0.007744,7.9,12.661
1992-05-11,wheat/winter wheat,3,0.825,0,1,7645.5,3086.9,0,0,5.7348,10.9,0.246216,0.24578,0.240299,0.244098,0.007761,0.007758,0.007744,7,5.555
1992-05-12,wheat/winter wheat,3,0.832,0,1,7811.8,3127.3,0,0,5.7768,0.3,0.235871,0.23864,0.239195,0.237902,0.007761,0.007758,0.007744,9.8,16.787
1992-05-13,wheat/winter wheat,3,0.844,0,1,7984,3169,0,0,5.8481,0,0.226966,0.231786,0.234177,0.230976,0.00776,0.007758,0.007743,15.6,18.084
1992-05-14,wheat/winter wheat,3,0.856,0,1,8190.8,3219,0,0,5.9216,0,0.216661,0.224847,0.229127,0.223545,0.00776,0.007757,0.007743,16.6,23.217
1992-05-15,wheat/winter wheat,3,0.87,0,1,8414.9,3273,0,0,6.0094,0,0.202547,0.215298,0.222172,0.213339,0.007759,0.007757,0.007742,17.9,26.553
1992-05-16,wheat/winter wheat,3,0.882,0,1,8599.8,3317.5,0,0,6.1042,0,0.191998,0.208125,0.216943,0.205689,0.007758,0.007756,0.007742,15.2,22.104
1992-05-17,wheat/winter wheat,3,0.892,0,1,8806.2,3367,0,0,6.1821,0,0.183035,0.201976,0.212456,0.199156,0.007758,0.007755,0.007741,12.2,22.841
1992-05-18,wheat/winter wheat,3,0.901,0,1,9046.4,3424.5,0,0,6.2687,0,0.172177,0.19444,0.206953,0.19119,0.007757,0.007755,0.007741,12.3,27.565
1992-05-19,wheat/winter wheat,3,0.913,0,1,9286.2,3481.8,0,0,6.3692,0,0.160515,0.186251,0.200949,0.182572,0.007756,0.007754,0.00774,14.6,27.761
1992-05-20,wheat/winter wheat,3,0.926,0,1,9514.7,3536.2,0,0,6.4691,0,0.147854,0.177086,0.194173,0.173038,0.007756,0.007753,0.007739,17.4,27.008
1992-05-21,wheat/winter wheat,3,0.942,0,1,9727.1,3586.7,0,0,6.5638,0,0.137372,0.167461,0.187004,0.163946,0.007755,0.007753,0.007739,19,25.792
1992-05-22,wheat/winter wheat,3,0.958,0,1,9922.1,3632.8,0,0,6.6513,0,0.128027,0.156895,0.179093,0.154672,0.007755,0.007752,0.007738,20,24.676
1992-05-23,wheat/winter wheat,3,0.974,0,1,10129,3681.6,0,0,6.7312,0,0.118521,0.144428,0.168807,0.143919,0.007754,0.007752,0.007738,19.6,26.534
1992-05-24,wheat/winter wheat,3,0.989,0,0.99,10368.4,3737.9,0,0,6.8155,0,0.110245,0.132824,0.156474,0.133181,0.007754,0.007751,0.007737,17.4,28.822
1992-05-25,wheat/winter wheat,3,1.002,0,1,10612.1,3795.1,0,0,6.9126,0,0.103948,0.123262,0.144414,0.123875,0.007753,0.007751,0.007736,16,28.856
1992-05-26,wheat/winter wheat,3,1.015,0,1,10836.6,3847.6,0,0,7.011,0,0.100375,0.116536,0.135193,0.117368,0.007753,0.00775,0.007736,15.9,26.042
1992-05-27,wheat/winter wheat,3,1.029,0,1,11030.8,3892.8,0,0,7.1012,0,0.097894,0.111294,0.127621,0.11227,0.007752,0.00775,0.007735,17.5,24.145
1992-05-28,wheat/winter wheat,3,1.042,0,1,11265.9,3947.5,0,0,7.1788,0,0.095775,0.106444,0.120566,0.107595,0.007752,0.007749,0.007735,15.3,27.65
1992-05-29,wheat/winter wheat,3,1.056,0,1,11456.9,3991.8,0,0,7.2724,0,0.094164,0.103117,0.114722,0.104001,0.007752,0.007749,0.007734,16.5,22.554
1992-05-30,wheat/winter wheat,3,1.07,0,1,11665.6,4040.1,0,0,7.348,0,0.092823,0.100536,0.109509,0.100956,0.007751,0.007748,0.007734,17.3,25.211
1992-05-31,wheat/winter wheat,3,1.085,0,0.99,11881.2,4089.8,0,0,7.4303,0,0.091622,0.098321,0.104799,0.0982475,0.007751,0.007748,0.007734,17.9,26.542
1992-06-01,wheat/winter wheat,4,1.1,0,0.99,12066.9,4132,2.3,1.9,7.5147,0,0.090512,0.096325,0.101021,0.0959527,0.00775,0.007748,0.007733,19.6,23.439
1992-06-02,wheat/winter wheat,4,1.1,0,0.81,12254.4,4169.7,25,21.3,7.5859,0,0.089572,0.094679,0.098176,0.0941422,0.00775,0.007747,0.007733,21.9,25.697
1992-06-03,wheat/winter wheat,4,1.1,0,0.99,12378.6,4191.7,52.7,44.8,7.6493,0,0.088952,0.093623,0.096464,0.0930131,0.00775,0.007747,0.007732,20.9,18.089
1992-06-04,wheat/winter wheat,4,1.1,0,0.82,12575.4,4221.7,117,99.5,7.686,0,0.088263,0.092567,0.094805,0.0918785,0.007749,0.007746,0.007732,22,27.434
1992-06-05,wheat/winter wheat,4,1.1,0,0.89,12780.3,4248.1,204.3,173.7,7.7358,0,0.08761,0.091732,0.093533,0.0909583,0.007749,0.007746,0.007732,21.5,26.932
1992-06-06,wheat/winter wheat,4,1.1,0,0.99,12938.9,4265.4,285,242.3,7.7793,0.1,0.087101,0.091185,0.092713,0.0903328,0.007748,0.007746,0.007731,19.2,20.237
1992-06-07,wheat/winter wheat,4,1.1,0,0.97,13144.9,4283.9,406.7,345.7,7.8078,0,0.086503,0.090629,0.091883,0.0896715,0.007748,0.007745,0.007731,18.7,23.578
1992-06-08,wheat/winter wheat,4,1.1,0,0.99,13332.5,4297.2,532.7,452.8,7.838,0,0.085975,0.090222,0.091275,0.0891577,0.007747,0.007745,0.007731,18.8,22.289
1992-06-09,wheat/winter wheat,4,1.1,0,0.93,13495.9,4305.7,655.2,556.9,7.8595,0.2,0.085573,0.089963,0.090882,0.0888059,0.007747,0.007744,0.00773,18.4,19.766
1992-06-10,wheat/winter wheat,4,1.1,0,0.84,13622.1,4310.7,756.6,643.1,7.8733,0.5,0.085352,0.089842,0.090693,0.0886289,0.007747,0.007744,0.00773,13.2,15.084
1992-06-11,wheat/winter wheat,4,1.1,0,1,13698,4312.7,821.7,698.4,7.8814,3.7,0.103173,0.089842,0.090693,0.0945693,0.007746,0.007744,0.007729,12.9,9.236
1992-06-12,wheat/winter wheat,4,1.1,0,0.93,13824.8,4314.2,938.1,797.3,7.8846,7.5,0.157888,0.089827,0.090647,0.112787,0.007745,0.007743,0.007729,15.2,13.186
1992-06-13,wheat/winter wheat,5,1.098,0,0.88,13956.7,4313.8,1066.4,906.4,7.8871,0,0.132398,0.089782,0.090508,0.104229,0.007744,0.007743,0.007729,15.8,22.192
1992-06-14,wheat/winter wheat,5,1.091,17,0.79,14149.1,4311.7,1255.2,1066.9,7.8843,0,0.220701,0.146622,0.090325,0.15255,0.007743,0.007742,0.007728,19.1,27.049
1992-06-15,wheat/winter wheat,5,1.082,17,0.86,14227,4307.9,1334.7,1134.5,7.8721,0,0.270211,0.229652,0.096258,0.198707,0.007742,0.007741,0.007728,20.3,17.069
1992-06-16,wheat/winter wheat,5,1.075,17,0.88,14311.9,4302.6,1422.5,1209.2,7.849,0,0.326016,0.235854,0.179542,0.247137,0.007741,0.007739,0.007727,18.3,13.446
1992-06-17,wheat/winter wheat,5,1.069,0,0.93,14520.3,4296,1631.9,1387.1,7.8173,0,0.224134,0.230038,0.229897,0.228023,0.00774,0.007738,0.007726,17.6,28.396
1992-06-18,wheat/winter wheat,5,1.064,0,0.92,14751,4288.3,1864.1,1584.5,7.7777,0,0.205255,0.216434,0.219869,0.213853,0.007739,0.007737,0.007724,16.6,24.662
1992-06-19,wheat/winter wheat,5,1.056,17,0.9,14975.8,4279.1,2092.3,1778.4,7.7314,0.5,0.252293,0.229449,0.2329,0.238214,0.007738,0.007736,0.007723,19.1,27.037
1992-06-20,wheat/winter wheat,5,1.049,0,0.93,15142.7,4268.3,2265.6,1925.8,7.6762,0,0.222351,0.22411,0.224237,0.223566,0.007736,0.007734,0.007722,19.7,21.457
1992-06-21,wheat/winter wheat,5,1.041,0,0.93,15359.4,4256.1,2489.3,2115.9,7.6117,0,0.200863,0.208695,0.212883,0.20748,0.007735,0.007733,0.007721,19.8,26.909
1992-06-22,wheat/winter wheat,5,1.035,17,0.92,15608.2,4242.8,2745.5,2333.7,7.5382,0,0.250455,0.231196,0.23362,0.238424,0.007734,0.007732,0.00772,17,27.97
1992-06-23,wheat/winter wheat,5,1.03,0,0.94,15842.2,4228.5,2988.3,2540,7.4584,0,0.224942,0.226405,0.226591,0.225979,0.007732,0.00773,0.007718,16.4,25.687
1992-06-24,wheat/winter wheat,5,1.024,0,0.94,16084.5,4213.2,3240.4,2754.3,7.3729,0,0.205603,0.212595,0.216429,0.211542,0.007731,0.007729,0.007717,17.4,28.113
1992-06-25,wheat/winter wheat,5,1.018,17,0.93,16322.7,4196.9,3489.6,2966.2,7.2812,0,0.254179,0.230671,0.233543,0.239464,0.007729,0.007728,0.007716,17.8,28.016
1992-06-26,wheat/winter wheat,5,1.012,0,0.94,16579.4,4179.6,3758.1,3194.4,7.1831,0,0.221249,0.224428,0.225389,0.223689,0.007728,0.007726,0.007715,17.3,29.542
1992-06-27,wheat/winter wheat,5,1.005,0,0.94,16817.7,4161.2,4009.9,3408.4,7.0794,0,0.201196,0.21019,0.214922,0.208769,0.007726,0.007725,0.007713,19,29.091
1992-06-28,wheat/winter wheat,5,0.998,17,0.94,16926.7,4141.7,4136.1,3515.7,6.969,0,0.258695,0.236971,0.238085,0.244584,0.007725,0.007724,0.007712,19,15.511
1992-06-29,wheat/winter wheat,5,0.986,0,0.96,17085,4120.4,4312.8,3665.9,6.8521,10,0.229893,0.234551,0.237475,0.233973,0.007724,0.007722,0.007711,25.6,27.493
1992-06-30,wheat/winter wheat,5,0.975,0,0.94,17245.3,4097.5,4493.1,3819.2,6.7239,0,0.208589,0.219581,0.225847,0.218006,0.007722,0.007721,0.00771,23.6,26.113
1992-07-01,wheat/winter wheat,5,0.964,17,0.93,17391.7,4073.1,4661.5,3962.2,6.5867,0,0.258433,0.232077,0.235052,0.241854,0.007721,0.007719,0.007708,24.2,26.323
1992-07-02,wheat/winter wheat,5,0.956,0,0.96,17556.1,4047.8,4848.6,4121.3,6.4406,0,0.226705,0.229683,0.230809,0.229065,0.007719,0.007718,0.007707,21.2,21.499
1992-07-03,wheat/winter wheat,5,0.949,0,0.96,17761.3,4021.9,5076.6,4315.2,6.2886,0,0.211694,0.219293,0.223207,0.218064,0.007717,0.007716,0.007705,19,24.314
1992-07-04,wheat/winter wheat,5,0.941,17,0.98,17868.3,3995.4,5208.6,4427.3,6.133,8.5,0.343272,0.242806,0.243004,0.276361,0.007717,0.007715,0.007704,19.3,15.512
1992-07-05,wheat/winter wheat,5,0.935,0,0.96,17937.1,3968.5,5303.3,4507.8,5.9739,0.2,0.23769,0.240347,0.241882,0.239973,0.007715,0.007713,0.007703,17.8,8.617
1992-07-06,wheat/winter wheat,5,0.931,0,1,18017.8,3941.8,5409.6,4598.2,5.8128,2.3,0.239112,0.239581,0.240331,0.239675,0.007714,0.007712,0.007701,14.1,5.381
1992-07-07,wheat/winter wheat,5,0.925,0,0.96,18216.6,3915,5632.8,4787.9,5.6527,0,0.224427,0.229684,0.232818,0.228977,0.007712,0.00771,0.0077,17.7,23.461
1992-07-08,wheat/winter wheat,5,0.918,0,0.96,18442.3,3887.7,5883,5000.5,5.4914,0,0.208503,0.219056,0.225098,0.217552,0.00771,0.007709,0.007698,19.4,27.885
1992-07-09,wheat/winter wheat,5,0.909,17,0.95,18620.7,3860.1,6087.1,5174,5.3282,0,0.263028,0.236075,0.237922,0.245675,0.007709,0.007707,0.007697,21.6,24.032
1992-07-10,wheat/winter wheat,5,0.9,0,0.97,18792.6,3832,6285.3,5342.5,5.1621,0,0.227848,0.232312,0.234339,0.231499,0.007708,0.007706,0.007696,21.3,23.596
1992-07-11,wheat/winter wheat,5,0.893,0,0.98,18892,3804,6411.8,5450,4.9938,0.5,0.220935,0.227833,0.231101,0.226623,0.007706,0.007704,0.007694,18.6,13.015
1992-07-12,wheat/winter wheat,5,0.886,0,0.98,18995.7,3776.1,6542.5,5561.1,4.8257,0.8,0.213717,0.223204,0.227766,0.221562,0.007704,0.007703,0.007693,18.3,15.163
1992-07-13,wheat/winter wheat,5,0.879,0,0.97,19161.2,3748.3,6734.4,5724.3,4.6581,0,0.198662,0.213657,0.220904,0.211074,0.007703,0.007701,0.007691,18.5,22.174
1992-07-14,wheat/winter wheat,5,0.874,17,1,19241.6,3720.8,6841.7,5815.5,4.4913,4.3,0.293665,0.245567,0.24489,0.261374,0.007702,0.0077,0.00769,16.8,9.065
1992-07-15,wheat/winter wheat,5,0.869,0,0.97,19386.4,3693.8,7012.5,5960.6,4.3266,0,0.232838,0.237604,0.239769,0.236737,0.007701,0.007699,0.007689,15.8,17.489
1992-07-16,wheat/winter wheat,5,0.865,0,0.97,19556.8,3667.4,7208.2,6127,4.1647,0,0.220365,0.229322,0.233063,0.227583,0.007699,0.007697,0.007688,15.2,21.521
1992-07-17,wheat/winter wheat,5,0.857,0,0.98,19671.5,3641.2,7348.5,6246.2,4.0061,4,0.23346,0.229659,0.230457,0.231192,0.007698,0.007696,0.007686,19.8,17.443
1992-07-18,wheat/winter wheat,5,0.85,0,0.98,19788.2,3615.3,7490.5,6366.9,3.8486,1,0.226125,0.225347,0.227409,0.226294,0.007697,0.007695,0.007685,18.5,16.623
1992-07-19,wheat/winter wheat,5,0.846,0,0.97,19845.9,3590.1,7573.1,6437.1,3.6933,0,0.222781,0.223413,0.226046,0.22408,0.007696,0.007694,0.007684,14.5,2.683
1992-07-20,wheat/winter wheat,5,0.835,0,0.97,19936.9,3564.9,7689,6535.6,3.5422,0,0.20495,0.213276,0.218936,0.212387,0.007694,0.007692,0.007682,24.8,24.2
1992-07-21,wheat/winter wheat,5,0.822,17,0.96,19991.3,3539.6,7768.5,6603.2,3.391,4,0.283798,0.238387,0.239063,0.253749,0.007693,0.007691,0.007681,26.7,24.1
1992-07-22,wheat/winter wheat,5,0.814,0,0.97,20055.9,3514.9,7857.8,6679.1,3.2395,0,0.235519,0.239412,0.240619,0.238517,0.007692,0.00769,0.00768,19.7,13
1992-07-23,wheat/winter wheat,5,0.806,0,0.97,20085.3,3490.6,7911.5,6724.7,3.0911,0,0.225151,0.232547,0.235417,0.231038,0.00769,0.007688,0.007679,21.2,7.826
1992-07-24,wheat/winter wheat,6,0.727,0,0.22,20250.9,3467.1,8100.6,6885.5,2.9455,0,0.218406,0.231054,0.234657,0.228039,0.007688,0.007687,0.007677,20.3,27.633
1992-07-25,wheat/winter wheat,6,0.465,0,0.67,20305.4,3444.7,8177.4,6950.8,2.8043,2.1,0.222482,0.230605,0.234442,0.229176,0.007687,0.007685,0.007676,20.9,23.804
1992-07-26,wheat/winter wheat,6,0.25,0,0.25,20305.4,3444.7,8177.4,6950.8,2.6701,0,0.220526,0.230171,0.234246,0.228314,0.007685,0.007684,0.007675,19,18.616
1992-07-27,wheat/winter wheat,6,0.25,0,1,20305.4,3444.7,8177.4,6950.8,2.6701,2.8,0.233961,0.230171,0.234245,0.232792,0.007683,0.007682,0.007673,21.3,19.24
1992-07-28,wheat/winter wheat,6,0.25,0,0.29,20305.4,3444.7,8177.4,6950.8,2.6701,0,0.231901,0.230126,0.234048,0.232025,0.007682,0.007681,0.007672,16.1,18.365
1992-07-29,wheat/winter wheat,6,0.25,0,0.26,20305.4,3444.7,8177.4,6950.8,2.6701,0,0.22955,0.229609,0.233824,0.230994,0.00768,0.007679,0.00767,17.1,26.335
1992-07-30,wheat/winter wheat,6,0.25,0,0.26,20305.4,3444.7,8177.4,6950.8,2.6701,0,0.227204,0.229092,0.2336,0.229965,0.008001,0.008712,0.007846,21.8,24.83
1992-07-31,,0,0.75,0,0.97,0,0,0,0,0,0,0.206084,0.224435,0.23158,0.2207,0.007997,0.009584,0.007843,20.9,16.925
1992-08-01,,0,0.75,0,0.96,0,0,0,0,0,0,0.183276,0.219344,0.229368,0.210663,0.007993,0.009574,0.007841,21.4,20.483
1992-08-02,,0,0.75,0,0.94,0,0,0,0,0,5.7,0.220951,0.217324,0.227654,0.221976,0.007989,0.009563,0.007838,21.5,14.571
1992-08-03,,0,0.75,0,0.96,0,0,0,0,0,0,0.193599,0.211317,0.225038,0.209985,0.007985,0.009553,0.007835,23.6,20.173
1992-08-04,,0,0.75,0,0.95,0,0,0,0,0,0,0.171367,0.206357,0.222872,0.200199,0.007981,0.009543,0.007833,19.9,18.206
1992-08-05,,0,0.75,0,0.93,0,0,0,0,0,0,0.145395,0.200485,0.220303,0.188728,0.007979,0.009533,0.00783,19.8,24.079
1992-08-06,,0,0.75,0,0.92,0,0,0,0,0,0,0.117135,0.193994,0.217457,0.176195,0.007976,0.009523,0.007827,22.8,22.883
1992-08-07,,0,0.75,0,0.93,0,0,0,0,0,0,0.090375,0.18774,0.214706,0.164274,0.007975,0.009512,0.007824,20,25.4
1992-08-08,,0,0.75,0,0.79,0,0,0,0,0,0,0.071244,0.182053,0.212198,0.155165,0.007974,0.009502,0.007821,22.8,25.4
1992-08-09,,0,0.75,0,0.33,0,0,0,0,0,0,0.06759,0.173964,0.208622,0.150059,0.007973,0.009491,0.007818,29,20.1
1992-08-10,,0,0.75,0,0.27,0,0,0,0,0,0,0.065378,0.163957,0.204183,0.144506,0.007972,0.00948,0.007815,26.5,22.6
1992-08-11,,0,0.75,0,0.29,0,0,0,0,0,1.7,0.08138,0.159206,0.202066,0.147551,0.00797,0.00947,0.007812,20.4,15.709
1992-08-12,,0,0.75,0,0.6,0,0,0,0,0,0.1,0.070911,0.154081,0.199778,0.14159,0.00797,0.009462,0.007808,19.5,19.667
1992-08-13,,0,0.75,0,0.31,0,0,0,0,0,2.1,0.090709,0.15086,0.198336,0.146635,0.007969,0.009455,0.007806,16.9,10.224
1992-08-14,,0,0.75,0,0.65,0,0,0,0,0,10.9,0.195215,0.150732,0.197762,0.181236,0.007966,0.009449,0.007803,14.9,6.188
1992-08-15,,0,0.75,0,0.83,0,0,0,0,0,0.1,0.183067,0.150452,0.196508,0.176676,0.007964,0.009444,0.007801,14.7,13.868
1992-08-16,,0,0.75,0,0.82,0,0,0,0,0,0,0.165733,0.15008,0.194841,0.170218,0.007962,0.00944,0.007799,16.1,19.808
1992-08-17,,0,0.75,0,0.82,0,0,0,0,0,1.4,0.170931,0.149888,0.193985,0.171602,0.00796,0.009435,0.007797,15.7,6.755
1992-08-18,,0,0.75,0,0.82,0,0,0,0,0,0,0.154036,0.149522,0.192349,0.165302,0.007958,0.009431,0.007795,16.4,17.481
1992-08-19,,0,0.75,0,0.94,0,0,0,0,0,0,0.137604,0.145917,0.190739,0.158086,0.007957,0.009427,0.007793,18.3,16.651
1992-08-20,,0,0.75,0,0.94,0,0,0,0,0,1.5,0.131808,0.141307,0.188677,0.153931,0.007955,0.009423,0.007792,20.4,19.118
1992-08-21,,0,0.75,0,0.8,0,0,0,0,0,3.4,0.15067,0.140972,0.187172,0.159604,0.007953,0.009419,0.00779,19.4,12.278
1992-08-22,,0,0.75,0,0.94,0,0,0,0,0,0,0.132366,0.136971,0.18538,0.151572,0.007951,0.009415,0.007788,16.8,21.59
1992-08-23,,0,0.75,0,0.93,0,0,0,0,0,0.9,0.131653,0.134825,0.184417,0.150298,0.00795,0.009411,0.007786,15.3,10.771
1992-08-24,,0,0.75,0,0.93,0,0,0,0,0,0,0.117633,0.13173,0.183027,0.14413,0.007949,0.009407,0.007784,16,12.635
1992-08-25,,0,0.75,0,0.92,0,0,0,0,0,1.4,0.122533,0.129703,0.182116,0.144784,0.007948,0.009404,0.007783,18.1,7.405
1992-08-26,,0,0.75,0,0.73,0,0,0,0,0,23.1,0.241808,0.229444,0.181999,0.217751,0.007946,0.009399,0.007781,19.2,13.468
1992-08-27,,0,0.75,0,0.94,0,0,0,0,0,0.6,0.228665,0.233307,0.18219,0.214721,0.007943,0.009393,0.00778,18.9,10.945
1992-08-28,,0,0.75,0,0.93,0,0,0,0,0,0.1,0.203434,0.227511,0.181949,0.204298,0.00794,0.009387,0.007778,24.1,18.898
1992-08-29,,0,0.75,0,0.92,0,0,0,0,0,0.5,0.188918,0.223136,0.181767,0.19794,0.007936,0.00938,0.007776,21.6,17.137
1992-08-30,,0,0.75,0,0.91,0,0,0,0,0,0.1,0.183313,0.221644,0.181704,0.195554,0.007934,0.009373,0.007774,15.8,6.49
1992-08-31,,0,0.75,0,0.88,0,0,0,0,0,14.8,0.236086,0.243336,0.239395,0.239606,0.007932,0.009368,0.007772,16.5,8.443
1992-09-01,,0,0.75,0,0.97,0,0,0,0,0,8,0.238989,0.244253,0.244959,0.242734,0.00793,0.009363,0.007771,12.1,6.697
1992-09-02,,0,0.75,0,0.97,0,0,0,0,0,0,0.223459,0.237193,0.240131,0.233594,0.007928,0.009359,0.007769,13.2,14.207
1992-09-03,,0,0.75,0,0.96,0,0,0,0,0,5.1,0.232858,0.241243,0.24235,0.238817,0.007927,0.009355,0.007768,15.5,9.335
1992-09-04,,0,0.75,0,0.97,0,0,0,0,0,1.5,0.231972,0.239048,0.240479,0.237166,0.007926,0.009351,0.007767,12,11.96
1992-09-05,,0,0.75,0,0.96,0,0,0,0,0,4.5,0.237681,0.242616,0.243186,0.241161,0.007924,0.009348,0.007766,10.8,9.81
1992-09-06,,0,0.75,0,0.97,0,0,0,0,0,0,0.224473,0.236877,0.239531,0.233627,0.007923,0.009345,0.007764,11.5,14.22
1992-09-07,,0,0.75,0,0.97,0,0,0,0,0,0.8,0.21919,0.233466,0.236951,0.229869,0.007922,0.009342,0.007763,12.3,17.941
1992-09-08,,0,0.75,0,0.96,0,0,0,0,0,1.2,0.221176,0.231237,0.235498,0.229304,0.007921,0.009339,0.007762,13.3,9.512
1992-09-09,,0,0.75,0,0.97,0,0,0,0,0,0,0.208563,0.228439,0.234159,0.223721,0.007919,0.009335,0.007761,12.5,15.985
1992-09-10,,0,0.75,0,0.96,0,0,0,0,0,0,0.195813,0.22559,0.232922,0.218109,0.007918,0.009332,0.00776,12.8,17.405
1992-09-11,,0,0.75,0,0.95,0,0,0,0,0,0,0.183169,0.222744,0.231686,0.212533,0.007916,0.009329,0.007759,14.9,12.897
1992-09-12,,0,0.75,0,0.94,0,0,0,0,0,0,0.174672,0.220816,0.230847,0.208778,0.007915,0.009325,0.007758,14,9.535
1992-09-13,,0,0.75,0,0.94,0,0,0,0,0,0,0.164974,0.218606,0.229885,0.204488,0.007914,0.009322,0.007757,12.4,14.334
1992-09-14,,0,0.75,0,0.93,0,0,0,0,0,0,0.156924,0.21676,0.22908,0.200922,0.007913,0.009318,0.007756,13.7,7.559
1992-09-15,,0,0.75,0,0.93,0,0,0,0,0,0,0.146871,0.214444,0.22807,0.196462,0.007912,0.009315,0.007755,13.5,9.882
1992-09-16,,0,0.75,0,0.92,0,0,0,0,0,0,0.136064,0.211939,0.226977,0.19166,0.007911,0.009312,0.007753,14.9,6.031
1992-09-17,,0,0.75,0,0.92,0,0,0,0,0,0,0.124309,0.209196,0.225778,0.186428,0.00791,0.009309,0.007752,12.7,16.484
1992-09-18,,0,0.75,0,0.91,0,0,0,0,0,0,0.114676,0.206932,0.224787,0.182132,0.00791,0.009305,0.007751,10.9,16.388
1992-09-19,,0,0.75,0,0.91,0,0,0,0,0,0,0.10426,0.20447,0.223709,0.17748,0.007909,0.009302,0.00775,11.4,15.654
1992-09-20,,0,0.75,0,0.9,0,0,0,0,0,0.2,0.100129,0.203011,0.223069,0.175403,0.007909,0.009299,0.007749,11.4,7.197
1992-09-21,,0,0.75,0,0.9,0,0,0,0,0,0,0.090523,0.200719,0.222064,0.171102,0.007908,0.009297,0.007748,13.1,14.138
1992-09-22,wheat/winter wheat,1,0.4,0,0.76,53,53,0,0,0.106,0,0.084015,0.198777,0.221211,0.168001,0.007908,0.009293,0.007747,15.1,13.765
1992-09-23,wheat/winter wheat,1,0.4,0,0.63,53,53,0,0,0.106,0,0.080021,0.197187,0.220513,0.165907,0.007908,0.00929,0.007746,15.8,12.952
1992-09-24,wheat/winter wheat,1,0.4,0,0.54,53,53,0,0,0.106,0.4,0.082832,0.196592,0.220251,0.166559,0.007907,0.009287,0.007745,14.6,4.801
1992-09-25,wheat/winter wheat,1,0.4,0,0.61,53,53,0,0,0.106,0.3,0.084415,0.195993,0.219987,0.166798,0.007907,0.009284,0.007744,14.2,5.911
1992-09-26,wheat/winter wheat,1,0.4,0,0.64,53,53,0,0,0.106,0.2,0.083786,0.19497,0.219537,0.166098,0.007906,0.00928,0.007743,14.1,13.024
1992-09-27,wheat/winter wheat,1,0.4,0,0.62,53,53,0,0,0.106,0,0.081314,0.193977,0.2191,0.164797,0.007906,0.009277,0.007742,14.3,13.433
1992-09-28,wheat/winter wheat,1,0.4,0,0.58,53,53,0,0,0.106,0,0.079154,0.192982,0.218662,0.1636,0.007906,0.009274,0.00774,13.2,12.349
1992-09-29,wheat/winter wheat,1,0.4,0,0.52,53,53,0,0,0.106,0,0.077254,0.191978,0.21822,0.162484,0.007905,0.00927,0.007739,11.1,13.244
1992-09-30,wheat/winter wheat,1,0.4,0,0.49,53,53,0,0,0.106,0,0.076316,0.191408,0.217969,0.161898,0.007905,0.009268,0.007738,11.1,5.684
1992-10-01,wheat/winter wheat,2,0.405,0,0.44,56.4,56.4,0,0,0.106,0,0.075557,0.190911,0.217749,0.161406,0.007905,0.009265,0.007737,8.8,7.6
1992-10-02,wheat/winter wheat,2,0.405,0,0.43,56.4,56.3,0,0,0.1127,0,0.07459,0.190232,0.21745,0.160757,0.007905,0.009263,0.007736,8.7,9.4
1992-10-03,wheat/winter wheat,2,0.405,0,0.46,56.3,56.3,0,0,0.1126,0,0.073513,0.189099,0.217085,0.159899,0.007904,0.00926,0.007735,10.8,7.5
1992-10-04,wheat/winter wheat,2,0.405,0,0.43,60.6,60.5,0,0,0.1126,0,0.072069,0.187188,0.21647,0.158575,0.007904,0.009258,0.007735,9.3,11
1992-10-05,wheat/winter wheat,2,0.405,0,0.37,65.4,65.2,0,0,0.121,3,0.101568,0.186132,0.216136,0.167945,0.007904,0.009256,0.007734,9,12.8
1992-10-06,wheat/winter wheat,2,0.405,0,0.89,68.8,68.5,0,0,0.1303,1,0.110728,0.185859,0.216049,0.170879,0.007904,0.009254,0.007733,11.3,3.4
1992-10-07,wheat/winter wheat,2,0.405,0,0.9,72.1,71.7,0,0,0.1369,0,0.109555,0.185494,0.215931,0.170326,0.007903,0.009252,0.007732,8.8,3.4
1992-10-08,wheat/winter wheat,2,0.405,0,0.9,75.6,75.2,0,0,0.1433,0,0.108378,0.18512,0.215811,0.16977,0.007903,0.009251,0.007732,9.4,3.3
1992-10-09,wheat/winter wheat,2,0.405,0,0.9,79,78.5,0,0,0.1503,1,0.117223,0.184745,0.215694,0.172554,0.007903,0.009249,0.007731,8,3.2
1992-10-10,wheat/winter wheat,2,0.405,0,0.94,82.5,82,0,0,0.1569,0,0.115632,0.184245,0.215536,0.171805,0.007902,0.009248,0.00773,4.9,5
1992-10-11,wheat/winter wheat,2,0.405,0,0.93,87.6,87,0,0,0.1638,0,0.114313,0.183824,0.215404,0.17118,0.007902,0.009246,0.00773,6,10
1992-10-12,wheat/winter wheat,2,0.405,0,0.93,92.2,91.4,0,0,0.1738,0,0.111728,0.182978,0.215146,0.169951,0.007902,0.009245,0.007729,4.1,7.943
1992-10-13,wheat/winter wheat,2,0.405,0,0.93,96.6,95.7,0,0,0.1827,0,0.10956,0.18225,0.214929,0.168913,0.007902,0.009244,0.007729,1.9,11.197
1992-10-14,wheat/winter wheat,2,0.405,0,0.93,100.1,99.1,0,0,0.1913,0,0.10749,0.181535,0.214721,0.167915,0.007902,0.009243,0.007728,0.6,5.564
1992-10-15,wheat/winter wheat,2,0.406,0,0.93,103.9,102.9,0,0,0.1981,0,0.106524,0.181191,0.214624,0.167447,0.007901,0.009242,0.007728,5.7,2.9
1992-10-16,wheat/winter wheat,2,0.406,0,0.93,107.4,106.3,0,0,0.2056,0,0.105125,0.180755,0.214394,0.166758,0.007901,0.009241,0.007727,4.7,1.002
1992-10-17,wheat/winter wheat,2,0.406,0,0.93,112.2,111,0,0,0.2124,0,0.103832,0.180346,0.214177,0.166118,0.007901,0.00924,0.007727,2.9,6.981
1992-10-18,wheat/winter wheat,2,0.406,0,0.93,117.5,116.2,0,0,0.2218,0,0.10258,0.179943,0.213962,0.165495,0.007901,0.009239,0.007726,2.9,8.501
1992-10-19,wheat/winter wheat,2,0.406,0,0.93,123.6,122.1,0,0,0.2321,0,0.100593,0.179291,0.213611,0.164498,0.007901,0.009238,0.007726,5,8.693
1992-10-20,wheat/winter wheat,2,0.406,0,0.93,129.7,128,0,0,0.244,0,0.099237,0.178835,0.213363,0.163811,0.007901,0.009238,0.007726,4.2,9.264
1992-10-21,wheat/winter wheat,2,0.407,0,0.93,135.8,134,0,0,0.2558,0,0.097868,0.178365,0.213106,0.163113,0.007901,0.009237,0.007725,4.4,7.139
1992-10-22,wheat/winter wheat,2,0.407,0,0.94,140.7,138.8,0,0,0.2677,0.6,0.10288,0.178062,0.212939,0.164627,0.007901,0.009236,0.007725,4,3.761
1992-10-23,wheat/winter wheat,2,0.407,0,0.94,147.2,145.1,0,0,0.2772,1.2,0.113529,0.177638,0.212705,0.167958,0.0079,0.009235,0.007725,3.5,7.319
1992-10-24,wheat/winter wheat,2,0.408,0,0.94,152.6,150.4,0,0,0.2897,2.1,0.133626,0.177384,0.212566,0.174525,0.0079,0.009235,0.007724,5.1,3.831
1992-10-25,wheat/winter wheat,2,0.408,0,0.95,158.3,155.8,0,0,0.3004,2.7,0.159356,0.177037,0.212378,0.182924,0.0079,0.009234,0.007724,4.6,4.105
1992-10-26,wheat/winter wheat,2,0.408,0,0.86,162.4,159.8,0,0,0.3112,2.5,0.183575,0.176977,0.212285,0.190946,0.0079,0.009233,0.007724,3.2,1.49
1992-10-27,wheat/winter wheat,2,0.408,0,0.85,166.6,163.9,0,0,0.3191,0,0.183029,0.176928,0.212207,0.190721,0.0079,0.009233,0.007723,0,3.076
1992-10-28,wheat/winter wheat,2,0.409,0,0.87,171.2,168.3,0,0,0.3274,2.6,0.208283,0.176872,0.212122,0.199092,0.007899,0.009232,0.007723,3.7,2.015
1992-10-29,wheat/winter wheat,2,0.41,0,0.88,177,173.9,0,0,0.3361,3,0.236442,0.177714,0.212012,0.208723,0.007899,0.009231,0.007723,4.9,3.581
1992-10-30,wheat/winter wheat,2,0.41,0,0.89,183.3,180,0,0,0.3473,0.1,0.235391,0.17819,0.21183,0.20847,0.007899,0.009231,0.007723,3.7,4.263
1992-10-31,wheat/winter wheat,2,0.41,0,0.88,183.2,179.9,0,0,0.3594,0,0.235367,0.178188,0.211827,0.20846,0.007899,0.00923,0.007722,-1.2,6.915
1992-11-01,wheat/winter wheat,2,0.41,0,0.88,188.4,184.9,0,0,0.3593,0,0.23481,0.178134,0.211747,0.208231,0.007899,0.00923,0.007722,0.2,4.132
1992-11-02,wheat/winter wheat,2,0.411,0,0.89,195.6,191.8,0,0,0.3692,0.9,0.241823,0.177957,0.211486,0.210422,0.007898,0.009229,0.007722,3,7.467
1992-11-03,wheat/winter wheat,2,0.412,0,0.88,202.6,198.5,0,0,0.383,2.4,0.240187,0.19962,0.210984,0.21693,0.007898,0.009229,0.007722,7.2,3.516
1992-11-04,wheat/winter wheat,2,0.413,0,0.88,209.2,204.7,0,0,0.3963,0.6,0.237585,0.204855,0.210562,0.217668,0.007898,0.009228,0.007721,5.4,3.303
1992-11-05,wheat/winter wheat,2,0.415,0,0.84,214.5,209.7,0,0,0.4086,1,0.2381,0.211111,0.21036,0.219857,0.007898,0.009228,0.007721,7.7,1.879
1992-11-06,wheat/winter wheat,2,0.418,0,0.83,220,214.9,0,0,0.4185,0,0.233644,0.211666,0.210125,0.218478,0.007897,0.009227,0.007721,10.8,1.9
1992-11-07,wheat/winter wheat,2,0.42,0,0.84,224.5,219,0,0,0.4288,1.8,0.239016,0.221086,0.20994,0.223347,0.007896,0.009226,0.007721,10.8,1.165
1992-11-08,wheat/winter wheat,2,0.421,0,0.83,232.8,226.7,0,0,0.4369,0,0.236318,0.222241,0.209844,0.222801,0.007896,0.009225,0.00772,3.6,6.319
1992-11-09,wheat/winter wheat,2,0.421,0,0.83,232.7,226.6,0,0,0.4522,0,0.2363,0.222239,0.209842,0.222794,0.007896,0.009224,0.00772,-1.6,6.639
1992-11-10,wheat/winter wheat,2,0.422,0,0.86,238,231.4,0,0,0.4521,0.6,0.241274,0.222155,0.209785,0.224405,0.007896,0.009223,0.00772,4.5,1.816
1992-11-11,wheat/winter wheat,2,0.423,0,0.86,246.1,238.8,0,0,0.4617,0.4,0.244101,0.222056,0.209717,0.225291,0.007895,0.009222,0.007719,6.2,3.555
1992-11-12,wheat/winter wheat,2,0.425,0,0.85,250.9,243.2,0,0,0.4764,3,0.243541,0.241707,0.21953,0.234926,0.007895,0.009222,0.007719,5.2,1.45
1992-11-13,wheat/winter wheat,2,0.425,0,0.97,254.8,246.6,0,0,0.485,1,0.241934,0.241976,0.230422,0.238111,0.007895,0.009221,0.007719,3,0.56
1992-11-14,wheat/winter wheat,2,0.426,0,0.96,259.2,250.7,0,0,0.4919,1,0.241584,0.241768,0.238432,0.240595,0.007895,0.00922,0.007719,2,1.37
1992-11-15,wheat/winter wheat,2,0.426,0,0.78,263,254.1,0,0,0.4999,1,0.24175,0.241754,0.241036,0.241513,0.007894,0.00922,0.007718,1.2,0.56
1992-11-16,wheat/winter wheat,2,0.427,0,0.97,266.7,257.4,0,0,0.5066,2,0.24319,0.243047,0.242795,0.243011,0.007894,0.009219,0.007718,4.1,0.56
1992-11-17,wheat/winter wheat,2,0.429,0,0.97,273.6,263.6,0,0,0.5132,0,0.23832,0.240294,0.240998,0.239871,0.007894,0.009219,0.007718,5.9,2.402
1992-11-18,wheat/winter wheat,2,0.43,0,0.95,278.8,268.2,0,0,0.5254,4.3,0.244235,0.244312,0.244189,0.244245,0.007894,0.009218,0.007718,3.8,1.606
1992-11-19,wheat/winter wheat,2,0.431,0,0.98,285.8,274.4,0,0,0.5345,1.9,0.242776,0.243295,0.243445,0.243172,0.007894,0.009218,0.007717,4.1,2.515
1992-11-20,wheat/winter wheat,2,0.432,0,0.98,293.3,281,0,0,0.5468,0.2,0.238722,0.240565,0.24131,0.240199,0.007893,0.009217,0.007717,4.3,2.651
1992-11-21,wheat/winter wheat,2,0.433,0,0.98,302.1,288.6,0,0,0.5599,1.8,0.242,0.242102,0.24202,0.242041,0.007893,0.009217,0.007717,3.3,3.506
1992-11-22,wheat/winter wheat,2,0.433,0,0.98,309.4,295.1,0,0,0.575,0,0.238924,0.24011,0.240669,0.239901,0.007893,0.009216,0.007717,1.6,2.859
1992-11-23,wheat/winter wheat,2,0.433,0,0.71,313.8,298.9,0,0,0.5877,0.7,0.240401,0.240315,0.240418,0.240378,0.007893,0.009216,0.007717,0.7,1.222
1992-11-24,wheat/winter wheat,2,0.435,0,0.99,320.5,304.7,0,0,0.5953,0.6,0.240354,0.2404,0.240412,0.240389,0.007893,0.009216,0.007716,5.6,1.897
1992-11-25,wheat/winter wheat,2,0.438,0,0.95,326.3,309.7,0,0,0.6068,1.8,0.242318,0.242317,0.24209,0.242242,0.007893,0.009215,0.007716,7,1.505
1992-11-26,wheat/winter wheat,2,0.441,0,0.95,329.3,312.2,0,0,0.6166,4,0.244331,0.244488,0.244431,0.244417,0.007892,0.009215,0.007716,7.3,0.518
1992-11-27,wheat/winter wheat,2,0.442,0,0.99,337.4,319.1,0,0,0.6216,2,0.243352,0.243538,0.243634,0.243508,0.007892,0.009214,0.007716,3.9,2.49
1992-11-28,wheat/winter wheat,2,0.443,0,1,340.5,321.7,0,0,0.6351,2,0.243379,0.243395,0.243419,0.243398,0.007892,0.009213,0.007716,3.9,0.4
1992-11-29,wheat/winter wheat,2,0.444,0,0.99,343.7,324.4,0,0,0.6403,0,0.2396,0.240768,0.241401,0.240589,0.007891,0.009213,0.007715,2,0.4
1992-11-30,wheat/winter wheat,2,0.445,0,0.98,347.7,327.7,0,0,0.6455,0,0.23769,0.239146,0.239954,0.23893,0.007891,0.009212,0.007715,3.8,0.83
1992-12-01,wheat/winter wheat,2,0.448,0,0.98,354.9,333.6,0,0,0.6521,0,0.236194,0.237946,0.238854,0.237665,0.007891,0.009212,0.007715,6.4,1.854
1992-12-02,wheat/winter wheat,2,0.45,0,0.89,364.6,341.6,0,0,0.6637,3.9,0.243913,0.243819,0.243383,0.243705,0.007891,0.009211,0.007715,4.9,3.422
1992-12-03,wheat/winter wheat,2,0.453,0,0.98,374.9,349.9,0,0,0.6793,1.5,0.241868,0.242684,0.242867,0.242473,0.00789,0.00921,0.007715,6.7,2.988
1992-12-04,wheat/winter wheat,2,0.455,0,0.98,385,358,0,0,0.6958,3.1,0.243643,0.243908,0.24389,0.243814,0.00789,0.00921,0.007714,4.9,3.053
1992-12-05,wheat/winter wheat,2,0.455,0,0.98,393.3,364.7,0,0,0.7117,0,0.239308,0.240825,0.241541,0.240558,0.00789,0.009209,0.007714,2.5,2.215
1992-12-06,wheat/winter wheat,2,0.456,0,0.98,401.4,371.2,0,0,0.7247,0,0.237697,0.239158,0.240007,0.238954,0.00789,0.009209,0.007714,1.6,2.225
1992-12-07,wheat/winter wheat,2,0.456,0,0.98,409.2,377.4,0,0,0.7375,0,0.236656,0.238087,0.238951,0.237898,0.00789,0.009208,0.007714,0.8,2.146
1992-12-08,wheat/winter wheat,2,0.456,0,0.98,414.1,381.3,0,0,0.7497,0,0.236005,0.237347,0.238188,0.23718,0.007889,0.009208,0.007713,1.7,1.097
1992-12-09,wheat/winter wheat,2,0.457,0,0.98,418.9,385.1,0,0,0.7574,0,0.235455,0.236777,0.237595,0.236609,0.007889,0.009207,0.007713,2.4,1.025
1992-12-10,wheat/winter wheat,2,0.457,0,0.98,423.5,388.8,0,0,0.7648,0,0.235003,0.236321,0.23712,0.236148,0.007889,0.009207,0.007713,2.8,0.966
1992-12-11,wheat/winter wheat,2,0.458,0,0.98,429.1,393.2,0,0,0.772,2.7,0.243186,0.242305,0.241332,0.242274,0.007889,0.009206,0.007713,2.3,1.226
1992-12-12,wheat/winter wheat,2,0.459,0,0.95,437.7,400,0,0,0.7807,5.1,0.24511,0.245092,0.244947,0.24505,0.007889,0.009206,0.007713,3.3,1.958
1992-12-13,wheat/winter wheat,2,0.46,0,0.98,446.4,406.9,0,0,0.794,0,0.239609,0.241266,0.242014,0.240963,0.007889,0.009206,0.007713,2.8,2.032
1992-12-14,wheat/winter wheat,2,0.463,0,0.93,452.4,411.5,0,0,0.8075,2.2,0.242974,0.24292,0.242811,0.242902,0.007888,0.009205,0.007712,6.3,1.161
1992-12-15,wheat/winter wheat,2,0.465,0,0.98,463.3,420,0,0,0.8165,0,0.239238,0.240501,0.241103,0.240281,0.007888,0.009205,0.007712,5.4,2.963
1992-12-16,wheat/winter wheat,2,0.465,0,1,471.7,426.4,0,0,0.8331,0,0.237838,0.23907,0.239823,0.238911,0.007888,0.009204,0.007712,0,3.842
1992-12-17,wheat/winter wheat,2,0.465,0,1,471.5,426.3,0,0,0.8457,0,0.237039,0.238161,0.238918,0.238039,0.007888,0.009204,0.007712,-0.8,3.449
1992-12-18,wheat/winter wheat,2,0.465,0,1,471.3,426.2,0,0,0.8455,0,0.237039,0.237235,0.238149,0.237474,0.007888,0.009204,0.007712,-1.5,2.892
1992-12-19,wheat/winter wheat,2,0.465,0,0.95,477.2,430.7,0,0,0.8453,1.3,0.249341,0.236621,0.237525,0.241162,0.007888,0.009203,0.007712,1.8,1.202
1992-12-20,wheat/winter wheat,2,0.465,0,0.99,481.9,434.3,0,0,0.8542,7.3,0.321812,0.236227,0.237081,0.26504,0.007888,0.009203,0.007712,1.8,0.895
1992-12-21,wheat/winter wheat,2,0.465,0,0.89,481.6,434.2,0,0,0.8612,0,0.3218,0.235941,0.236736,0.264826,0.007888,0.009203,0.007711,-0.2,1.566
1992-12-22,wheat/winter wheat,2,0.465,0,0.89,481.4,434.1,0,0,0.861,0,0.321792,0.235724,0.236462,0.264659,0.007888,0.009203,0.007711,-3.2,1.861
1992-12-23,wheat/winter wheat,2,0.465,0,0.89,481.2,434,0,0,0.8607,0,0.321785,0.235723,0.236115,0.264541,0.007888,0.009203,0.007711,-4.8,4.003
1992-12-24,wheat/winter wheat,2,0.465,0,0.89,481,433.9,0,0,0.8606,0,0.321781,0.235722,0.235859,0.264454,0.007888,0.009203,0.007711,-8.2,3.198
1992-12-25,wheat/winter wheat,2,0.465,0,0.89,480.9,433.9,0,0,0.8604,0,0.321778,0.235722,0.235858,0.264453,0.007888,0.009203,0.007711,-9.8,2.785
1992-12-26,wheat/winter wheat,2,0.465,0,1,480.8,433.8,0,0,0.8603,0,0.321778,0.235722,0.235858,0.264453,0.007888,0.009203,0.007711,-9,2.96
1992-12-27,wheat/winter wheat,2,0.465,0,1,480.5,433.7,0,0,0.8601,0,0.321778,0.235722,0.235858,0.264453,0.007888,0.009203,0.007711,-2.3,3.384
1992-12-28,wheat/winter wheat,2,0.465,0,1,480.3,433.6,0,0,0.8599,0,0.321778,0.235722,0.235858,0.264453,0.007888,0.009203,0.007711,-6,3.633
1992-12-29,wheat/winter wheat,2,0.465,0,0.89,480.1,433.5,0,0,0.8597,0,0.321769,0.23572,0.235856,0.264448,0.007888,0.009203,0.007711,-4.1,1.039
1992-12-30,wheat/winter wheat,2,0.465,0,0.89,479.9,433.3,0,0,0.8595,0,0.321757,0.235718,0.235854,0.264443,0.007888,0.009203,0.007711,-1.6,1.33
1992-12-31,wheat/winter wheat,2,0.465,0,0.89,479.6,433.2,0,0,0.8593,0,0.321745,0.235716,0.235852,0.264438,0.007888,0.009203,0.007711,-2.1,1.422
1993-01-01,wheat/winter wheat,2,0.465,0,1,479.5,433.1,0,0,0.859,0,0.321745,0.235716,0.235852,0.264438,0.007888,0.009203,0.007711,-7.4,3.821
1993-01-02,wheat/winter wheat,2,0.465,0,0.88,479.3,433.1,0,0,0.8589,0,0.321743,0.235716,0.235851,0.264437,0.007888,0.009203,0.007711,-10.7,4.249
1993-01-03,wheat/winter wheat,2,0.465,0,0.88,479.2,433,0,0,0.8587,0,0.321736,0.235715,0.23585,0.264434,0.007888,0.009203,0.007711,-13.2,4.051
1993-01-04,wheat/winter wheat,2,0.465,0,0.88,479.1,433,0,0,0.8586,0,0.321729,0.235714,0.235849,0.26443,0.007888,0.009203,0.007711,-12.6,3.946
1993-01-05,wheat/winter wheat,2,0.465,0,0.88,479,432.9,0,0,0.8585,0,0.321708,0.23571,0.235845,0.264421,0.007888,0.009203,0.007711,-5.9,4.121
1993-01-06,wheat/winter wheat,2,0.466,0,0.91,484.1,436.9,0,0,0.8584,3,0.350165,0.235541,0.235654,0.273786,0.007888,0.009203,0.007711,2.3,0.966
1993-01-07,wheat/winter wheat,2,0.467,0,0.91,493.8,444.3,0,0,0.8661,6.9,0.417218,0.235304,0.235388,0.29597,0.007888,0.009203,0.007711,3.1,2.127
1993-01-08,wheat/winter wheat,2,0.468,0,0.91,502.5,450.8,0,0,0.8806,0.1,0.416008,0.235036,0.235081,0.295375,0.007888,0.009203,0.007711,2.9,1.881
1993-01-09,wheat/winter wheat,2,0.469,0,1.11,513.9,459.5,0,0,0.8935,2.5,0.437251,0.234997,0.23491,0.302386,0.007888,0.009202,0.007711,2.2,3.214
1993-01-10,wheat/winter wheat,2,0.472,0,1.32,524.8,467.7,0,0,0.9104,1.3,0.343798,0.334953,0.234891,0.304547,0.007888,0.009202,0.007711,7.4,2.073
1993-01-11,wheat/winter wheat,2,0.476,0,0.95,534.2,474.6,0,0,0.9263,1.2,0.252544,0.434082,0.234576,0.307067,0.007887,0.009202,0.007711,9.1,1.69
1993-01-12,wheat/winter wheat,2,0.477,0,0.95,540.8,479.4,0,0,0.9398,7.9,0.293276,0.469839,0.234403,0.332506,0.007887,0.009202,0.007711,4,1.183
1993-01-13,wheat/winter wheat,2,0.479,0,0.94,554.4,489.4,0,0,0.9492,0,0.289887,0.46936,0.234053,0.3311,0.007887,0.009202,0.00771,4.2,3.661
1993-01-14,wheat/winter wheat,2,0.482,0,0.95,569.7,500.3,0,0,0.9685,1.1,0.241677,0.422983,0.333595,0.332751,0.007887,0.009202,0.00771,6.8,3.61
1993-01-15,wheat/winter wheat,2,0.483,0,0.98,584.2,510.7,0,0,0.9899,0,0.236121,0.324734,0.433046,0.3313,0.007886,0.009202,0.00771,3.9,3.902
1993-01-16,wheat/winter wheat,2,0.488,0,0.98,602.4,523.4,0,0,1.01,0,0.230717,0.286006,0.469315,0.328679,0.007886,0.009202,0.00771,10.9,3.689
1993-01-17,wheat/winter wheat,2,0.492,0,0.98,620.6,536,0,0,1.0347,0,0.22642,0.243464,0.409561,0.293148,0.007885,0.009201,0.00771,9.2,5.053
1993-01-18,wheat/winter wheat,2,0.494,0,0.99,637.8,547.8,0,0,1.059,0,0.223117,0.238535,0.312705,0.258119,0.007885,0.0092,0.00771,5.3,3.788
1993-01-19,wheat/winter wheat,2,0.495,0,0.99,651.9,557.3,0,0,1.0818,1,0.23018,0.236692,0.275562,0.247478,0.007885,0.009199,0.00771,2.9,2.799
1993-01-20,wheat/winter wheat,2,0.498,0,1,660.5,563.1,0,0,1.1003,3,0.240886,0.241338,0.285944,0.256056,0.007884,0.009199,0.00771,6.6,1.273
1993-01-21,wheat/winter wheat,2,0.501,0,1,680.1,576.1,0,0,1.1115,2.2,0.239208,0.241659,0.244667,0.241845,0.007884,0.009198,0.00771,7.7,3.403
1993-01-22,wheat/winter wheat,2,0.506,0,1,694.7,585.6,0,0,1.1366,1.2,0.237805,0.240282,0.241387,0.239825,0.007884,0.009197,0.007709,9.4,2.261
1993-01-23,wheat/winter wheat,2,0.507,0,0.99,713.3,597.6,0,0,1.1548,3.4,0.241084,0.24274,0.242948,0.242257,0.007883,0.009196,0.007709,4,3.546
1993-01-24,wheat/winter wheat,2,0.511,0,0.99,732.8,610,0,0,1.1781,1.9,0.238831,0.241494,0.242079,0.240801,0.007883,0.009196,0.007709,7.6,3.161
1993-01-25,wheat/winter wheat,2,0.511,0,0.99,746.5,618.7,0,0,1.2019,0.7,0.238061,0.239816,0.240516,0.239464,0.007883,0.009195,0.007709,2.1,2.482
1993-01-26,wheat/winter wheat,2,0.511,0,0.59,756.4,625,0,0,1.2187,7.2,0.245332,0.245282,0.245212,0.245275,0.007882,0.009194,0.007708,1,1.422
1993-01-27,wheat/winter wheat,2,0.511,0,1,756,624.9,0,0,1.2308,1.1,0.256545,0.240254,0.241503,0.246101,0.007882,0.009194,0.007708,-1.9,7.396
1993-01-28,wheat/winter wheat,2,0.511,0,1,755.7,624.7,0,0,1.2305,0,0.256545,0.238347,0.239641,0.244845,0.007882,0.009193,0.007708,-2.4,4.362
1993-01-29,wheat/winter wheat,2,0.511,0,1,755.4,624.6,0,0,1.2302,0,0.256545,0.237344,0.23853,0.24414,0.007882,0.009193,0.007708,-4.3,3.242
1993-01-30,wheat/winter wheat,2,0.511,0,1,755.1,624.4,0,0,1.2299,0,0.256545,0.236726,0.237791,0.243687,0.007882,0.009193,0.007708,-5.4,5.86
1993-01-31,wheat/winter wheat,2,0.511,0,1,754.9,624.3,0,0,1.2296,0,0.256545,0.236306,0.237264,0.243372,0.007882,0.009193,0.007708,-6.2,7.588
1993-02-01,wheat/winter wheat,2,0.511,0,1,754.6,624.1,0,0,1.2294,0,0.256545,0.236002,0.23687,0.243139,0.007882,0.009193,0.007708,-2.7,1.999
1993-02-02,wheat/winter wheat,2,0.511,0,1,754.2,624,0,0,1.2291,0,0.256545,0.235772,0.236563,0.24296,0.007882,0.009193,0.007708,-2.9,6.553
1993-02-03,wheat/winter wheat,2,0.511,0,1,753.9,623.8,0,0,1.2288,0,0.256545,0.235592,0.236318,0.242819,0.007882,0.009193,0.007707,-0.6,2.459
1993-02-04,wheat/winter wheat,2,0.511,0,1,753.5,623.6,0,0,1.2284,0,0.256545,0.235448,0.236117,0.242704,0.007882,0.009192,0.007707,-1,3.005
1993-02-05,wheat/winter wheat,2,0.511,0,0.46,765.5,631.2,0,0,1.228,0,0.256024,0.234943,0.235665,0.242211,0.007882,0.009192,0.007707,0.1,1.779
1993-02-06,wheat/winter wheat,2,0.512,0,0.58,777.5,638.8,0,0,1.2427,2.4,0.278855,0.234585,0.235315,0.249585,0.007882,0.009192,0.007707,1.6,1.463
1993-02-07,wheat/winter wheat,2,0.512,0,0.47,777.1,638.6,0,0,1.2574,0,0.278836,0.234556,0.235221,0.249537,0.007882,0.009192,0.007707,-0.2,4.489
1993-02-08,wheat/winter wheat,2,0.512,0,0.91,796.1,650.7,0,0,1.257,0,0.276493,0.234051,0.234649,0.248397,0.007882,0.009192,0.007707,1.8,4.026
1993-02-09,wheat/winter wheat,2,0.513,0,0.93,810.5,659.8,0,0,1.2802,0.1,0.275134,0.233742,0.234317,0.247731,0.007882,0.009192,0.007707,2.8,1.912
1993-02-10,wheat/winter wheat,2,0.513,0,0.91,824,668.3,0,0,1.2977,0,0.273229,0.233332,0.2339,0.24682,0.007882,0.009192,0.007707,0.5,1.822
1993-02-11,wheat/winter wheat,2,0.513,0,0.91,823.6,668.1,0,0,1.3141,0,0.273151,0.233315,0.233882,0.246783,0.007882,0.009192,0.007707,-0.6,2.211
1993-02-12,wheat/winter wheat,2,0.513,0,0.91,846.8,682.8,0,0,1.3137,0,0.270768,0.232795,0.233361,0.245641,0.007882,0.009192,0.007707,0.6,6.463
1993-02-13,wheat/winter wheat,2,0.513,0,0.91,846.4,682.6,0,0,1.3419,0,0.27067,0.232773,0.233339,0.245594,0.007882,0.009191,0.007707,-0.7,1.324
1993-02-14,wheat/winter wheat,2,0.513,0,0.91,863.2,693.2,0,0,1.3415,0,0.268696,0.232335,0.232902,0.244644,0.007882,0.009191,0.007707,0.7,2.801
1993-02-15,wheat/winter wheat,2,0.513,0,0.91,886.3,707.7,0,0,1.362,0,0.266226,0.231778,0.23235,0.243451,0.007882,0.009191,0.007707,1.1,5.401
1993-02-16,wheat/winter wheat,2,0.513,0,1,885.9,707.5,0,0,1.39,0.8,0.273791,0.231778,0.23235,0.245973,0.007882,0.009191,0.007707,-0.8,3.742
1993-02-17,wheat/winter wheat,2,0.514,0,0.93,903.7,718.7,0,0,1.3896,4.1,0.312173,0.231211,0.231791,0.258392,0.007882,0.009191,0.007707,2.8,2.312
1993-02-18,wheat/winter wheat,2,0.515,0,0.99,928.7,734.4,0,0,1.4111,0.4,0.243356,0.244525,0.2444,0.244094,0.007882,0.009191,0.007707,1.9,5.38
1993-02-19,wheat/winter wheat,2,0.516,0,0.99,951.7,748.7,0,0,1.4412,3.9,0.241823,0.243608,0.24401,0.243147,0.007882,0.009191,0.007707,2.8,4.001
1993-02-20,wheat/winter wheat,2,0.516,0,0.58,982.1,767.7,0,0,1.4688,3.4,0.243328,0.243544,0.24372,0.243531,0.007882,0.009191,0.007707,1.6,8.917
1993-02-21,wheat/winter wheat,2,0.516,0,1,981.6,767.4,0,0,1.5052,0.8,0.250855,0.239689,0.240888,0.243811,0.007882,0.009191,0.007707,-1,4.72
1993-02-22,wheat/winter wheat,2,0.516,0,1,981.3,767.3,0,0,1.5048,0,0.250855,0.238071,0.239309,0.242745,0.007882,0.00919,0.007706,-4.4,11.69
1993-02-23,wheat/winter wheat,2,0.516,0,1,980.9,767.1,0,0,1.5044,0,0.250855,0.237181,0.238321,0.242119,0.007882,0.00919,0.007706,-3.4,6.376
1993-02-24,wheat/winter wheat,2,0.516,0,1,980.4,766.8,0,0,1.5041,0.8,0.259044,0.236618,0.237648,0.244436,0.007882,0.00919,0.007706,-0.9,3.487
1993-02-25,wheat/winter wheat,2,0.516,0,1,980,766.6,0,0,1.5036,0.3,0.262106,0.236229,0.23716,0.245165,0.007882,0.00919,0.007706,-0.8,2.614
1993-02-26,wheat/winter wheat,2,0.516,0,1,979.5,766.4,0,0,1.5032,0.1,0.263037,0.235945,0.23679,0.245257,0.007882,0.00919,0.007706,-2,7.36
1993-02-27,wheat/winter wheat,2,0.516,0,1,979.1,766.2,0,0,1.5028,0.7,0.270763,0.235728,0.236501,0.247664,0.007882,0.00919,0.007706,-2.7,6.112
1993-02-28,wheat/winter wheat,2,0.516,0,1,978.7,766,0,0,1.5024,0,0.270763,0.235557,0.236268,0.247529,0.007882,0.00919,0.007706,-1.1,5.249
1993-03-01,wheat/winter wheat,2,0.516,0,0.57,1010.4,785.7,0,0,1.502,0,0.269679,0.234616,0.235481,0.246592,0.007882,0.00919,0.007706,0.5,10.331
1993-03-02,wheat/winter wheat,2,0.516,0,0.54,1009.9,785.5,0,0,1.5399,0,0.269652,0.234578,0.235357,0.246529,0.007882,0.00919,0.007706,-1.3,10.576
1993-03-03,wheat/winter wheat,2,0.516,0,0.54,1009.5,785.3,0,0,1.5395,0,0.269628,0.234545,0.235252,0.246475,0.007882,0.00919,0.007706,-4,9.458
1993-03-04,wheat/winter wheat,2,0.516,0,1,1009.1,785.1,0,0,1.5391,0.1,0.269628,0.234532,0.235176,0.246445,0.007882,0.00919,0.007706,-3.8,10.886
1993-03-05,wheat/winter wheat,2,0.516,0,1,1008.7,784.9,0,0,1.5387,0,0.269628,0.23452,0.23511,0.246419,0.007882,0.00919,0.007706,-2.8,6.548
1993-03-06,wheat/winter wheat,2,0.517,0,0.93,1046.5,808.3,0,0,1.5383,0,0.26569,0.233519,0.234108,0.244439,0.007882,0.00919,0.007706,2.5,10.1
1993-03-07,wheat/winter wheat,2,0.518,0,0.92,1084.4,831.8,0,0,1.5834,0,0.262235,0.232629,0.233266,0.24271,0.007882,0.00919,0.007706,1.8,10.581
1993-03-08,wheat/winter wheat,2,0.518,0,0.92,1083.8,831.5,0,0,1.6284,0,0.262112,0.232597,0.233235,0.242648,0.007882,0.00919,0.007706,-0.3,7.955
1993-03-09,wheat/winter wheat,2,0.518,0,0.92,1083.3,831.2,0,0,1.6279,0,0.261997,0.232566,0.233207,0.24259,0.007882,0.00919,0.007706,-0.7,13.799
1993-03-10,wheat/winter wheat,2,0.518,0,0.92,1124.1,856.4,0,0,1.6274,0,0.2582,0.231564,0.232266,0.240677,0.007881,0.00919,0.007706,1.9,11.77
1993-03-11,wheat/winter wheat,2,0.519,0,0.93,1159.4,878.2,0,0,1.6758,0,0.255158,0.23074,0.231499,0.239132,0.007881,0.00919,0.007706,1.5,8.105
1993-03-12,wheat/winter wheat,2,0.52,0,0.93,1201.3,903.9,0,0,1.7176,0,0.252462,0.229994,0.230809,0.237755,0.007881,0.00919,0.007706,2.7,10.138
1993-03-13,wheat/winter wheat,2,0.523,0,0.93,1249.6,933.2,0,0,1.7669,0,0.248649,0.228911,0.229816,0.235792,0.007881,0.009189,0.007706,5.4,9.977
1993-03-14,wheat/winter wheat,2,0.526,0,0.91,1303.3,965.2,0,0,1.8231,0,0.236875,0.234832,0.229241,0.233649,0.007881,0.009189,0.007706,6.7,10.436
1993-03-15,wheat/winter wheat,2,0.531,0,0.96,1369,1003.6,0,0,1.8842,0,0.230679,0.232784,0.228084,0.230516,0.007881,0.009189,0.007706,8.3,12.602
1993-03-16,wheat/winter wheat,2,0.538,0,0.97,1427.7,1037,0,0,1.9575,1.8,0.232168,0.23413,0.227533,0.231277,0.00788,0.009188,0.007706,10.4,8.991
1993-03-17,wheat/winter wheat,2,0.542,0,0.97,1465.6,1058,0,0,2.0211,0.5,0.229887,0.231856,0.226246,0.22933,0.00788,0.009187,0.007705,8.1,2.795
1993-03-18,wheat/winter wheat,2,0.549,0,0.97,1506.8,1080.4,0,0,2.0611,1.4,0.233434,0.232375,0.224944,0.230251,0.007879,0.009187,0.007705,9.8,3.101
1993-03-19,wheat/winter wheat,2,0.552,0,0.97,1564.7,1111.4,0,0,2.1035,0.2,0.227766,0.229704,0.223506,0.226992,0.007879,0.009186,0.007705,5.4,9.836
1993-03-20,wheat/winter wheat,2,0.555,0,0.97,1633.8,1147.7,0,0,2.1623,0,0.220101,0.226288,0.221644,0.222678,0.007878,0.009185,0.007705,6.6,12.253
1993-03-21,wheat/winter wheat,2,0.56,0,0.97,1712.2,1188,0,0,2.2311,0,0.212992,0.223064,0.219863,0.21864,0.007878,0.009184,0.007704,8,13.576
1993-03-22,wheat/winter wheat,2,0.567,0,0.97,1773.1,1218.5,0,0,2.3073,0.1,0.207196,0.220388,0.218364,0.215316,0.007877,0.009183,0.007704,10.3,7.096
1993-03-23,wheat/winter wheat,2,0.572,0,0.99,1849.6,1255.8,0,0,2.3647,0.8,0.206446,0.217185,0.216239,0.21329,0.007877,0.009182,0.007704,8.1,11.177
1993-03-24,wheat/winter wheat,2,0.574,0,0.99,1922.4,1291,0,0,2.4351,0,0.19994,0.2141,0.214182,0.209407,0.007876,0.009181,0.007703,4.7,13.198
1993-03-25,wheat/winter wheat,2,0.575,0,0.99,1982.3,1319.8,0,0,2.5012,0.7,0.201065,0.212236,0.212935,0.208745,0.007876,0.00918,0.007703,2.5,10.462
1993-03-26,wheat/winter wheat,2,0.576,0,0.99,2044.3,1349.6,0,0,2.5554,0,0.196763,0.210146,0.211531,0.206147,0.007876,0.009179,0.007703,1.1,13.919
1993-03-27,wheat/winter wheat,2,0.576,0,1,2043.4,1349.1,0,0,2.6115,0.1,0.196763,0.210146,0.211531,0.206147,0.007875,0.009179,0.007702,-0.1,10.843
1993-03-28,wheat/winter wheat,2,0.576,0,0.99,2100,1376.3,0,0,2.6106,0,0.193009,0.2083,0.210288,0.203866,0.007875,0.009178,0.007702,0.7,10.895
1993-03-29,wheat/winter wheat,2,0.576,0,0.8,2148.4,1399.6,0,0,2.6619,0.8,0.197826,0.207248,0.209509,0.204861,0.007875,0.009177,0.007702,0.1,6.072
1993-03-30,wheat/winter wheat,2,0.576,0,0.99,2199.8,1424.2,0,0,2.7057,0,0.194215,0.205446,0.208288,0.202649,0.007875,0.009177,0.007702,0.8,6.285
1993-03-31,wheat/winter wheat,2,0.577,0,0.99,2274.6,1459.9,0,0,2.7521,0,0.189383,0.203006,0.206632,0.199673,0.007875,0.009177,0.007702,3.1,14.071
1993-04-01,wheat/winter wheat,2,0.58,0,0.99,2349.2,1495,0,0,2.8191,0,0.182836,0.199649,0.204345,0.19561,0.007874,0.009176,0.007701,4.8,11.638
1993-04-02,wheat/winter wheat,2,0.583,0,0.99,2445.8,1539.9,0,0,2.8852,0,0.175531,0.195841,0.201741,0.191038,0.007874,0.009176,0.007701,5.2,19.067
1993-04-03,wheat/winter wheat,2,0.586,0,0.99,2505.5,1567.2,0,0,2.9693,0,0.171441,0.193668,0.200248,0.188452,0.007874,0.009175,0.007701,5.5,4.593
1993-04-04,wheat/winter wheat,2,0.59,0,0.99,2571.5,1596.9,0,0,3.0204,0,0.167887,0.191773,0.198941,0.1862,0.007874,0.009175,0.007701,5.4,6.538
1993-04-05,wheat/winter wheat,2,0.593,0,0.99,2647.8,1630.7,0,0,3.076,0,0.163397,0.189353,0.197266,0.183339,0.007874,0.009174,0.007701,5.5,9.387
1993-04-06,wheat/winter wheat,2,0.597,0,0.99,2732.2,1667.3,0,0,3.1391,2,0.175616,0.186482,0.195271,0.18579,0.007873,0.009174,0.007701,6.9,10.675
1993-04-07,wheat/winter wheat,2,0.602,0,0.97,2814.7,1702.3,0,0,3.2074,3.8,0.206235,0.184261,0.193461,0.194652,0.007873,0.009173,0.0077,6.7,9.719
1993-04-08,wheat/winter wheat,2,0.605,0,0.96,2877.8,1728.7,0,0,3.2727,0,0.201669,0.182159,0.191751,0.19186,0.007873,0.009173,0.0077,4.9,3.076
1993-04-09,wheat/winter wheat,2,0.605,0,0.96,2951.1,1759.4,0,0,3.3219,0,0.197666,0.180296,0.190238,0.1894,0.007873,0.009172,0.0077,1.4,11.055
1993-04-10,wheat/winter wheat,2,0.605,0,0.96,3038.1,1795.8,0,0,3.379,0,0.192941,0.178069,0.188433,0.186481,0.007872,0.009172,0.0077,0.9,21.283
1993-04-11,wheat/winter wheat,2,0.606,0,0.96,3135.1,1836.1,0,0,3.4468,0,0.187195,0.175314,0.186204,0.182905,0.007872,0.009171,0.0077,2.3,22.783
1993-04-12,wheat/winter wheat,2,0.608,0,0.97,3244.5,1881.2,0,0,3.522,0,0.180964,0.172269,0.183747,0.178994,0.007872,0.009171,0.007699,4,22.411
1993-04-13,wheat/winter wheat,2,0.612,0,0.97,3362.7,1929,0,0,3.6056,0,0.174434,0.169013,0.181125,0.174857,0.007871,0.00917,0.007699,5.6,19.741
1993-04-14,wheat/winter wheat,2,0.618,0,0.99,3485.2,1977.2,0,0,3.6943,0,0.166849,0.164665,0.178022,0.169845,0.007871,0.009169,0.007699,8.1,17.22
1993-04-15,wheat/winter wheat,2,0.624,0,0.99,3623,2029.8,0,0,3.7835,0,0.158682,0.159916,0.174616,0.164404,0.007871,0.009169,0.007699,8.6,19.896
1993-04-16,wheat/winter wheat,2,0.629,0,0.99,3762.1,2081.6,0,0,3.8807,0,0.152945,0.156464,0.172046,0.160485,0.00787,0.009168,0.007699,7.2,21.499
1993-04-17,wheat/winter wheat,2,0.636,0,0.99,3902.5,2131.9,0,0,3.9762,0,0.144757,0.151293,0.167931,0.15466,0.00787,0.009167,0.007698,10.7,17.429
1993-04-18,wheat/winter wheat,2,0.644,0,0.98,4004.6,2167.1,0,0,4.0686,7.5,0.210207,0.1477,0.16443,0.174112,0.007869,0.009167,0.007698,9.9,9.979
1993-04-19,wheat/winter wheat,2,0.648,0,0.98,4147,2215,0,0,4.1332,0,0.201284,0.143993,0.160534,0.168604,0.007869,0.009166,0.007698,6.7,20.928
1993-04-20,wheat/winter wheat,2,0.653,0,0.98,4286.4,2260.7,0,0,4.221,0,0.19431,0.14125,0.157483,0.164348,0.007868,0.009165,0.007697,7,19.444
1993-04-21,wheat/winter wheat,2,0.663,0,0.98,4448.3,2310.9,0,0,4.3044,0,0.181825,0.136515,0.15217,0.156837,0.007868,0.009164,0.007697,13.8,19.686
1993-04-22,wheat/winter wheat,2,0.676,0,0.98,4623.1,2361.4,0,0,4.3955,0,0.171238,0.132771,0.1479,0.150637,0.007867,0.009164,0.007697,16.1,20.481
1993-04-23,wheat/winter wheat,2,0.687,0,0.98,4800.7,2409.4,0,0,4.4869,0,0.16074,0.129263,0.143856,0.144619,0.007866,0.009163,0.007697,15.1,20.111
1993-04-24,wheat/winter wheat,3,0.702,0,0.98,4979.5,2454.1,0,0,4.5731,0,0.144088,0.124022,0.137626,0.135246,0.007865,0.009162,0.007696,18.1,21.857
1993-04-25,wheat/winter wheat,3,0.715,0,0.98,5150.9,2496.8,0,0,4.6534,0,0.1294,0.118666,0.130989,0.126352,0.007865,0.009161,0.007696,20.1,20.789
1993-04-26,wheat/winter wheat,3,0.729,0,0.99,5339.5,2543.6,0,0,4.73,0,0.117599,0.113062,0.124692,0.118451,0.007864,0.00916,0.007696,20.2,23.425
1993-04-27,wheat/winter wheat,3,0.741,0,0.99,5517.2,2587.7,0,0,4.8138,0,0.111543,0.109807,0.120958,0.114103,0.007863,0.009159,0.007695,18.7,21.178
1993-04-28,wheat/winter wheat,3,0.755,0,0.99,5693.5,2631.2,0,0,4.8925,0,0.10454,0.105972,0.116308,0.10894,0.007863,0.009158,0.007695,19.5,21.598
1993-04-29,wheat/winter wheat,3,0.768,0,0.99,5879.6,2677,0,0,4.9702,0,0.098847,0.102558,0.111474,0.104293,0.007862,0.009157,0.007694,19.3,22.531
1993-04-30,wheat/winter wheat,3,0.782,0,0.98,6081.1,2726.5,0,0,5.0517,3.3,0.12059,0.100588,0.107402,0.109527,0.007861,0.009155,0.007694,19.2,23.03
1993-05-01,wheat/winter wheat,3,0.795,0,0.98,6284.5,2776.4,0,0,5.1396,0,0.111243,0.099165,0.104623,0.105011,0.00786,0.009154,0.007694,18.6,22.96
1993-05-02,wheat/winter wheat,3,0.806,0,0.98,6453.1,2817.6,0,0,5.228,0.1,0.104162,0.097983,0.102444,0.10153,0.007859,0.009153,0.007693,16.7,18.738
1993-05-03,wheat/winter wheat,3,0.814,0,0.98,6546.8,2840.4,0,0,5.301,0,0.101311,0.097355,0.10134,0.100002,0.007859,0.009152,0.007693,11.2,5.458
1993-05-04,wheat/winter wheat,3,0.82,0,0.98,6767.7,2894.2,0,0,5.3414,0,0.098127,0.096575,0.099996,0.0982327,0.007858,0.00915,0.007692,8.9,25.992
1993-05-05,wheat/winter wheat,3,0.826,0,0.99,6978.4,2945.5,0,0,5.4365,0,0.095683,0.095612,0.098854,0.0967162,0.007858,0.009149,0.007692,8.7,24.505
1993-05-06,wheat/winter wheat,3,0.832,0,0.99,7076.2,2969.2,0,0,5.5271,0.4,0.094517,0.095111,0.09825,0.0959595,0.007857,0.009148,0.007692,8.3,5.824
1993-05-07,wheat/winter wheat,3,0.842,0,0.99,7255.7,3012.8,0,0,5.569,0.3,0.092526,0.094213,0.09716,0.094633,0.007857,0.009147,0.007691,14.9,19.952
1993-05-08,wheat/winter wheat,3,0.856,0,0.99,7448,3059.2,0,0,5.6457,0,0.090377,0.093155,0.095859,0.0931304,0.007856,0.009146,0.007691,17.9,21.539
1993-05-09,wheat/winter wheat,3,0.87,0,0.98,7636.6,3104.7,0,0,5.7274,0,0.088442,0.092116,0.094563,0.091707,0.007856,0.009145,0.00769,18.7,22.127
1993-05-10,wheat/winter wheat,3,0.883,0,0.98,7828.6,3150.9,0,0,5.8072,0,0.087092,0.091404,0.093665,0.0907203,0.007855,0.009144,0.00769,18.2,21.646
1993-05-11,wheat/winter wheat,3,0.898,0,0.98,8009.9,3194.3,0,0,5.8879,0,0.085592,0.090672,0.092728,0.0896637,0.007855,0.009143,0.00769,19.7,21.752
1993-05-12,wheat/winter wheat,3,0.913,0,0.98,8213.8,3243,0,0,5.9638,0,0.084238,0.09008,0.091953,0.088757,0.007854,0.009142,0.007689,19.5,23.897
1993-05-13,wheat/winter wheat,3,0.928,0,0.98,8410.5,3289.8,0,0,6.0487,0,0.083102,0.089639,0.091356,0.0880322,0.007854,0.009141,0.007689,19.6,24.034
1993-05-14,wheat/winter wheat,3,0.943,0,0.98,8625.4,3340.9,0,0,6.1302,0,0.082082,0.089288,0.090862,0.0874103,0.007853,0.00914,0.007689,19.8,25.746
1993-05-15,wheat/winter wheat,3,0.956,0,0.97,8803.3,3383,0,0,6.2187,0,0.081369,0.089066,0.090544,0.0869932,0.007853,0.009139,0.007688,16,18.465
1993-05-16,wheat/winter wheat,3,0.965,0,0.97,8982.8,3425.4,0,0,6.2918,0.5,0.08082,0.08889,0.090316,0.086675,0.007852,0.009138,0.007688,12.6,17.823
1993-05-17,wheat/winter wheat,3,0.976,0,0.92,9227.7,3483.1,0,0,6.3652,0,0.080002,0.08862,0.089994,0.0862051,0.007852,0.009137,0.007688,14.2,28.344
1993-05-18,wheat/winter wheat,3,0.99,0,0.68,9450.9,3535.6,0,0,6.4649,0,0.0792,0.088344,0.089713,0.0857523,0.007851,0.009135,0.007687,17,28.503
1993-05-19,wheat/winter wheat,3,1.006,0,0.41,9596.4,3569.7,0,0,6.5554,0,0.078473,0.088084,0.089497,0.0853514,0.007851,0.009134,0.007687,20.4,26.14
1993-05-20,wheat/winter wheat,3,1.024,0,0.17,9639.2,3579.7,0,0,6.614,0,0.077803,0.087834,0.08934,0.0849923,0.00785,0.009133,0.007686,22.1,24.667
1993-05-21,wheat/winter wheat,3,1.039,0,0.29,9630.5,3575.3,0,0,6.6311,8.6,0.1477,0.087816,0.089254,0.108257,0.007848,0.009132,0.007686,19.2,16.847
1993-05-22,wheat/winter wheat,3,1.05,0,0.77,9623.2,3571.7,0,0,6.6236,2.6,0.145787,0.087808,0.089218,0.107604,0.007847,0.009131,0.007685,13.2,3.272
1993-05-23,wheat/winter wheat,3,1.062,0,0.99,9671.4,3582.9,0,0,6.6175,0,0.122895,0.087792,0.089145,0.0999441,0.007846,0.00913,0.007685,15.2,12.748
1993-05-24,wheat/winter wheat,3,1.075,0,0.99,9843,3622.5,0,0,6.6365,0,0.104409,0.087773,0.089059,0.093747,0.007845,0.009128,0.007685,16,18.983
1993-05-25,wheat/winter wheat,3,1.089,0,0.98,10041.4,3668.2,0,0,6.704,0,0.094351,0.087752,0.088964,0.0903555,0.007844,0.009127,0.007684,17.2,22.38
1993-05-26,wheat/winter wheat,3,1.099,0,0.73,10179.5,3700,0,0,6.7817,0,0.091778,0.087736,0.088892,0.0894687,0.007844,0.009126,0.007684,12.5,12.802
1993-05-27,wheat/winter wheat,4,1.1,0,0.64,10236.7,3712.5,2.5,2.1,6.8356,7.1,0.145111,0.08773,0.088864,0.107235,0.007842,0.009125,0.007683,10.7,5.53
1993-05-28,wheat/winter wheat,4,1.1,0,0.69,10234.4,3711.4,2.5,2.1,6.8568,0.7,0.121884,0.087716,0.0888,0.0994666,0.007842,0.009124,0.007683,14,12.002
1993-05-29,wheat/winter wheat,4,1.1,0,0.45,10303.5,3724,16.3,13.9,6.8548,0.1,0.100303,0.087696,0.088711,0.0922368,0.007841,0.009123,0.007683,11.5,13.475
1993-05-30,wheat/winter wheat,4,1.1,0,0.39,10357.8,3732.6,32.6,27.7,6.8759,10.2,0.178681,0.087681,0.08864,0.118334,0.007839,0.009122,0.007682,16.1,25.627
1993-05-31,wheat/winter wheat,4,1.1,0,0.69,10352.4,3729.9,32.6,27.7,6.8903,2.3,0.151008,0.087665,0.088571,0.109081,0.007838,0.009121,0.007682,14.7,21.851
1993-06-01,wheat/winter wheat,4,1.1,0,0.58,10485.9,3745.4,96.8,82.3,6.8858,0,0.111791,0.087644,0.088475,0.0959697,0.007838,0.00912,0.007682,14.5,22.29
1993-06-02,wheat/winter wheat,4,1.1,0,0.29,10588.4,3755.3,154.4,131.2,6.9113,0,0.096311,0.087626,0.088395,0.0907774,0.007837,0.009119,0.007681,16.3,22.668
1993-06-03,wheat/winter wheat,4,1.1,0,0.43,10584.9,3753.6,154.4,131.2,6.9275,1.8,0.094022,0.087616,0.088353,0.0899972,0.007836,0.009118,0.007681,14.8,10.01
1993-06-04,wheat/winter wheat,4,1.1,0,0.05,10576.5,3749.3,154.4,131.2,6.9246,0,0.090547,0.087595,0.088259,0.0888005,0.007836,0.009117,0.00768,15.4,29.05
1993-06-05,wheat/winter wheat,4,1.1,0,0.03,10567,3744.6,154.4,131.2,6.9178,0,0.089222,0.087577,0.088178,0.088326,0.007835,0.009116,0.00768,15.8,30.434
1993-06-06,wheat/winter wheat,5,1.09,0,0.02,10554.8,3736.7,156.2,132.8,6.9103,0,0.088472,0.087562,0.08811,0.088048,0.007835,0.009115,0.00768,18.1,19.492
1993-06-07,wheat/winter wheat,5,1.08,0,0.02,10543.6,3727.3,160,136,6.8897,0,0.087467,0.087349,0.088016,0.0876105,0.007834,0.009114,0.007679,16.5,28.235
1993-06-08,wheat/winter wheat,5,1.068,0,0.02,10531.9,3715.6,165.8,141,6.858,0,0.086601,0.087159,0.087932,0.0872308,0.007834,0.009113,0.007679,16.8,26.325
1993-06-09,wheat/winter wheat,5,1.055,0,0.02,10518.9,3700.7,174.2,148.1,6.8136,0,0.085639,0.086942,0.087834,0.0868052,0.007833,0.009112,0.007679,18.6,30.017
1993-06-10,wheat/winter wheat,5,1.036,0,0.02,10502.7,3681,185.8,158,6.7533,0,0.084691,0.08672,0.087735,0.0863819,0.007833,0.009111,0.007678,22,27.872
1993-06-11,wheat/winter wheat,5,1.018,0,0.98,10488.3,3659.1,200.6,170.5,6.6706,0,0.083783,0.0865,0.087635,0.0859727,0.007832,0.00911,0.007678,21.6,18.194
1993-06-12,wheat/winter wheat,5,1.015,0,0.97,10593.2,3643.9,318.4,270.6,6.5708,32,0.2843,0.186489,0.08763,0.18614,0.007831,0.009106,0.007678,14.1,3.43
1993-06-13,wheat/winter wheat,5,1.012,0,1.05,10710.9,3628.6,448.9,381.6,6.4798,27.1,0.370313,0.244934,0.129185,0.248144,0.007831,0.009102,0.007677,12.1,3.859
1993-06-14,wheat/winter wheat,5,1.009,0,0.95,10916.7,3612.9,666,566.1,6.3878,0,0.275505,0.229064,0.221428,0.241999,0.00783,0.009099,0.007675,13.2,17.388
1993-06-15,wheat/winter wheat,5,1.007,0,0.97,11132,3597.1,892.7,758.8,6.294,0.1,0.22206,0.227433,0.225998,0.225164,0.007828,0.009095,0.007674,12.5,18.312
1993-06-16,wheat/winter wheat,5,1.004,0,0.97,11320,3581.1,1092.9,929,6.1991,0.4,0.202074,0.213456,0.215753,0.210428,0.007826,0.009092,0.007673,12.5,15.356
1993-06-17,wheat/winter wheat,5,1.001,0,0.97,11526.3,3564.8,1311.3,1114.6,6.1031,4.2,0.206638,0.20047,0.206237,0.204448,0.007825,0.009088,0.007671,14.2,17.787
1993-06-18,wheat/winter wheat,5,0.997,0,0.96,11705.3,3548,1503.6,1278,6.005,0.5,0.186776,0.186654,0.196118,0.189849,0.007823,0.009085,0.00767,14.8,14.115
1993-06-19,wheat/winter wheat,5,0.992,0,0.97,11828,3530.9,1641.1,1394.9,5.9045,6.4,0.2217,0.179631,0.190769,0.197367,0.007822,0.009082,0.007669,15,7.833
1993-06-20,wheat/winter wheat,5,0.988,0,0.96,12037.2,3513.4,1863.7,1584.2,5.8016,7.5,0.228602,0.202581,0.182809,0.204664,0.00782,0.009079,0.007668,14.4,17.771
1993-06-21,wheat/winter wheat,5,0.985,0,0.94,12303.5,3495.8,2142.8,1821.4,5.697,0,0.205495,0.187157,0.171517,0.188056,0.007819,0.009076,0.007667,14,24.021
1993-06-22,wheat/winter wheat,5,0.981,0,0.93,12519.4,3477.9,2372.7,2016.8,5.591,0,0.188795,0.176135,0.163397,0.176109,0.007817,0.009073,0.007666,14.4,18.736
1993-06-23,wheat/winter wheat,5,0.977,0,0.95,12710.4,3459.7,2578.4,2191.6,5.4836,1,0.176972,0.168352,0.157611,0.167645,0.007816,0.009071,0.007665,14.6,16.044
1993-06-24,wheat/winter wheat,5,0.975,0,0.95,12933.7,3441.7,2815.9,2393.5,5.3748,5.6,0.197026,0.156786,0.149345,0.167719,0.007815,0.009069,0.007664,11.7,19.642
1993-06-25,wheat/winter wheat,5,0.973,0,0.91,13148.8,3423.8,3045.1,2588.3,5.2666,0.1,0.178247,0.145746,0.141523,0.155172,0.007814,0.009067,0.007664,11.2,18.637
1993-06-26,wheat/winter wheat,5,0.972,0,0.88,13345.2,3406,3255.9,2767.6,5.1592,0,0.165311,0.139401,0.136372,0.147028,0.007813,0.009065,0.007663,11.6,16.292
1993-06-27,wheat/winter wheat,5,0.969,0,0.9,13479.8,3388.3,3405.9,2895,5.0526,0.7,0.157801,0.136113,0.133525,0.14248,0.007812,0.009063,0.007662,12.4,12.49
1993-06-28,wheat/winter wheat,5,0.966,0,0.93,13637.2,3370.6,3578.5,3041.7,4.9463,2,0.154015,0.133582,0.131333,0.139643,0.007811,0.009061,0.007662,13,18.62
1993-06-29,wheat/winter wheat,5,0.962,0,0.83,13799.4,3352.7,3755.9,3192.5,4.84,0,0.139409,0.12693,0.125315,0.130551,0.00781,0.00906,0.007661,15.3,20.573
1993-06-30,wheat/winter wheat,5,0.957,0,0.78,13998.5,3334.6,3969.9,3374.4,4.7325,0,0.122997,0.117779,0.117139,0.119305,0.007809,0.009059,0.007661,14.6,27.386
1993-07-01,wheat/winter wheat,5,0.953,0,0.69,14157.5,3316.5,4144.7,3523,4.6243,0,0.112685,0.111075,0.110709,0.11149,0.007809,0.009058,0.00766,14.5,24.757
1993-07-02,wheat/winter wheat,5,0.946,0,0.6,14292.7,3298,4296.4,3651.9,4.5156,0,0.101252,0.102988,0.102809,0.10235,0.007808,0.009056,0.00766,18.4,29.751
1993-07-03,wheat/winter wheat,5,0.938,0,0.4,14363.4,3278.9,4385.2,3727.4,4.4042,0,0.094618,0.098011,0.097901,0.0968431,0.007808,0.009055,0.007659,18.8,21.365
1993-07-04,wheat/winter wheat,5,0.926,0,0.26,14360.7,3257.7,4405,3744.3,4.2899,0,0.091004,0.095291,0.095365,0.0938866,0.007807,0.009054,0.007659,19.9,15.749
1993-07-05,wheat/winter wheat,5,0.917,0,0.22,14353.6,3233.9,4425.3,3761.5,4.1689,0.1,0.089157,0.093937,0.094154,0.0924158,0.007807,0.009053,0.007659,17.1,13.653
1993-07-06,wheat/winter wheat,5,0.911,0,0.65,14347.2,3210.4,4445.6,3778.7,4.0416,14,0.211223,0.093591,0.093691,0.132835,0.007805,0.009052,0.007658,13.3,14.541
1993-07-07,wheat/winter wheat,5,0.907,0,0.87,14339.9,3186.7,4465.6,3795.8,3.9152,4.1,0.226925,0.093548,0.093473,0.137982,0.007804,0.009051,0.007658,12.6,18.009
1993-07-08,wheat/winter wheat,5,0.902,0,0.69,14439.7,3166.9,4584.1,3896.5,3.7892,0,0.202925,0.093172,0.09285,0.129649,0.007802,0.00905,0.007657,14.2,20.314
1993-07-09,wheat/winter wheat,5,0.894,0,0.69,14553.2,3146.9,4716.6,4009.1,3.6704,0,0.162441,0.092598,0.091893,0.115644,0.007801,0.009049,0.007657,20.1,27.742
1993-07-10,wheat/winter wheat,5,0.887,0,0.77,14594.7,3127,4777.7,4061,3.5504,0.8,0.149625,0.092434,0.09178,0.11128,0.0078,0.009048,0.007657,17,14.7
1993-07-11,wheat/winter wheat,5,0.885,0,1,14638.4,3107.7,4840.4,4114.3,3.431,21,0.246239,0.18961,0.09178,0.175876,0.007798,0.009045,0.007656,11.7,3.996
1993-07-12,wheat/winter wheat,5,0.883,0,0.93,14796,3088.7,5015.5,4263.2,3.3147,2.7,0.238475,0.208918,0.091749,0.179714,0.007797,0.009042,0.007656,12.5,16.86
1993-07-13,wheat/winter wheat,5,0.881,0,0.84,14925.3,3070.3,5162.3,4387.9,3.2012,0.3,0.224949,0.203226,0.091675,0.173283,0.007795,0.009039,0.007656,11.9,19.201
1993-07-14,wheat/winter wheat,5,0.877,0,0.95,15058.2,3052.3,5312.1,4515.3,3.0908,0,0.208152,0.194307,0.091577,0.164679,0.007794,0.009036,0.007655,14.5,20.239
1993-07-15,wheat/winter wheat,5,0.872,0,1,15163.2,3034.6,5434.1,4619,2.9824,8,0.243658,0.22266,0.091574,0.185964,0.007793,0.009033,0.007655,15,10.2
1993-07-16,wheat/winter wheat,5,0.867,0,0.99,15313.5,3017.1,5600.8,4760.7,2.8761,4.6,0.236496,0.237546,0.10244,0.192161,0.007791,0.00903,0.007654,16.5,19.456
1993-07-17,wheat/winter wheat,5,0.86,0,0.99,15442.7,2999.9,5746.6,4884.6,2.7714,1.8,0.231488,0.234124,0.103514,0.189709,0.00779,0.009028,0.007654,18,16.721
1993-07-18,wheat/winter wheat,5,0.855,0,0.98,15588.3,2982.9,5908.3,5022.1,2.6681,0.3,0.215793,0.225498,0.102756,0.181349,0.007788,0.009025,0.007654,17.1,20.36
1993-07-19,wheat/winter wheat,5,0.849,0,0.97,15689.1,2966.3,6025.2,5121.4,2.5664,0.1,0.205146,0.219712,0.10229,0.175716,0.007787,0.009022,0.007653,17.1,12.997
1993-07-20,wheat/winter wheat,5,0.843,0,0.98,15811.1,2950,6163,5238.5,2.4666,2.4,0.20773,0.215738,0.101989,0.175152,0.007785,0.009019,0.007653,16.8,17.06
1993-07-21,wheat/winter wheat,5,0.84,0,0.97,15903.6,2934.2,6270.9,5330.2,2.3688,0.1,0.198466,0.210853,0.101632,0.170317,0.007784,0.009015,0.007652,13.8,10.507
1993-07-22,wheat/winter wheat,5,0.836,0,0.97,16034.1,2918.9,6416.3,5453.9,2.274,0.4,0.183959,0.203309,0.101108,0.162792,0.007783,0.009012,0.007652,14.7,19.637
1993-07-23,wheat/winter wheat,5,0.832,0,0.98,16137.6,2904,6534.4,5554.3,2.1819,1.2,0.176651,0.199512,0.10086,0.159008,0.007781,0.00901,0.007651,14.6,15.162
1993-07-24,wheat/winter wheat,5,0.825,0,0.95,16225.3,2889.4,6636.4,5640.9,2.0925,6.7,0.223055,0.196226,0.100609,0.173297,0.00778,0.009007,0.007651,18.2,15.473
1993-07-25,wheat/winter wheat,5,0.819,0,0.92,16322,2875.2,6747.1,5735,2.005,0.4,0.207,0.189879,0.100131,0.16567,0.007778,0.009004,0.007651,17.3,17.755
1993-07-26,wheat/winter wheat,5,0.816,0,0.94,16421.3,2861.4,6860.1,5831.1,1.9197,2.3,0.208586,0.186338,0.099876,0.164933,0.007777,0.009001,0.00765,13.8,19.286
1993-07-27,wheat/winter wheat,5,0.812,0,0.95,16510.5,2848.2,6962.3,5918,1.8374,2.3,0.213394,0.183995,0.09971,0.1657,0.007775,0.008998,0.00765,13.8,16.76
1993-07-28,wheat/winter wheat,5,0.807,0,0.92,16583.6,2835.4,7048.1,5990.9,1.758,0.5,0.204886,0.180949,0.099495,0.161777,0.007774,0.008995,0.007649,16,13.993
1993-07-29,wheat/winter wheat,5,0.802,0,0.89,16659.4,2823,7136.4,6066,1.6812,0,0.190414,0.175928,0.099146,0.155162,0.007772,0.008992,0.007649,17.2,16.15
1993-07-30,wheat/winter wheat,6,0.546,0,0.33,16698.6,2811.1,7187.5,6109.4,1.6066,0,0.182301,0.175751,0.099074,0.152375,0.007771,0.008989,0.007648,22.8,20.372
1993-07-31,wheat/winter wheat,6,0.372,0,1,16707.8,2799.8,7207.9,6126.7,1.5354,3.4,0.205709,0.175751,0.099074,0.160178,0.007769,0.008986,0.007648,16.9,9.037
1993-08-01,wheat/winter wheat,6,0.25,0,0.61,16707.8,2799.8,7207.9,6126.7,1.4677,0,0.203963,0.175713,0.099059,0.159578,0.007767,0.008984,0.007648,15.5,18.513
1993-08-02,wheat/winter wheat,6,0.25,0,0.41,16707.8,2799.8,7207.9,6126.7,1.4677,0.1,0.200537,0.175639,0.099029,0.158402,0.007766,0.00898,0.007647,18.2,21.643
1993-08-03,wheat/winter wheat,6,0.25,0,0.93,16707.8,2799.8,7207.9,6126.7,1.4677,1.6,0.205862,0.175631,0.099025,0.160173,0.007764,0.008977,0.007647,20.8,21.539
1993-08-04,wheat/winter wheat,6,0.25,0,0.93,16707.8,2799.8,7207.9,6126.7,1.4677,0,0.211185,0.175622,0.099022,0.161943,0.008046,0.009847,0.007803,18.8,18.199
1993-08-05,,0,0.75,0,0.74,0,0,0,0,0,0.1,0.203093,0.175427,0.098942,0.159154,0.008042,0.010721,0.007802,17.4,8.849
1993-08-06,,0,0.75,0,0.88,0,0,0,0,0,10.4,0.23509,0.234171,0.099328,0.189529,0.00804,0.010713,0.007801,15.2,10.963
1993-08-07,,0,0.75,0,0.9,0,0,0,0,0,0.3,0.221187,0.231482,0.099253,0.183974,0.008037,0.010705,0.0078,15.6,15.078
1993-08-08,,0,0.75,0,0.89,0,0,0,0,0,1.5,0.226357,0.229635,0.09917,0.185054,0.008035,0.010697,0.0078,16.4,9.35
1993-08-09,,0,0.75,0,0.9,0,0,0,0,0,2.2,0.226666,0.233254,0.099522,0.186481,0.008032,0.01069,0.007799,16.7,16.654
1993-08-10,,0,0.75,0,0.9,0,0,0,0,0,8.6,0.236759,0.243432,0.154212,0.211468,0.00803,0.010684,0.007797,14.9,9.591
1993-08-11,,0,0.75,0,0.9,0,0,0,0,0,0.8,0.222577,0.237161,0.161136,0.206958,0.008028,0.010677,0.007796,13.8,18.868
1993-08-12,,0,0.75,0,0.9,0,0,0,0,0,0,0.200322,0.231663,0.161491,0.197825,0.008025,0.01067,0.007795,19.5,17.459
1993-08-13,,0,0.75,0,0.88,0,0,0,0,0,0.1,0.182923,0.227516,0.161321,0.190587,0.008022,0.010663,0.007793,15.5,19.674
1993-08-14,,0,0.75,0,0.87,0,0,0,0,0,0,0.16092,0.222507,0.161115,0.181514,0.00802,0.010655,0.007791,16.8,23.318
1993-08-15,,0,0.75,0,0.87,0,0,0,0,0,0,0.140845,0.217877,0.160924,0.173215,0.008017,0.010646,0.00779,21.6,18.458
1993-08-16,,0,0.75,0,0.85,0,0,0,0,0,0,0.122547,0.213605,0.160747,0.165633,0.008015,0.010637,0.007788,21.1,17.575
1993-08-17,,0,0.75,0,0.84,0,0,0,0,0,0,0.102722,0.208924,0.160552,0.157399,0.008014,0.010628,0.007786,16.5,23.395
1993-08-18,,0,0.75,0,0.83,0,0,0,0,0,0,0.089329,0.205722,0.160419,0.151823,0.008013,0.01062,0.007785,13.8,15.444
1993-08-19,,0,0.75,0,0.67,0,0,0,0,0,0,0.080782,0.203037,0.160307,0.148042,0.008013,0.010612,0.007783,14.1,13.502
1993-08-20,,0,0.75,0,0.5,0,0,0,0,0,0,0.072316,0.198982,0.160137,0.143812,0.008012,0.010605,0.007781,16.8,17.773
1993-08-21,,0,0.75,0,0.28,0,0,0,0,0,0,0.069985,0.195748,0.160001,0.141911,0.008012,0.010598,0.00778,16.5,13.375
1993-08-22,,0,0.75,0,0.2,0,0,0,0,0,2.3,0.092409,0.193255,0.159897,0.14852,0.008011,0.010591,0.007778,14.7,11.275
1993-08-23,,0,0.75,0,0.73,0,0,0,0,0,0.1,0.081835,0.190052,0.159762,0.143883,0.00801,0.010585,0.007777,12.7,15.718
1993-08-24,,0,0.75,0,0.52,0,0,0,0,0,0,0.074723,0.186885,0.159628,0.140412,0.00801,0.010579,0.007776,12.9,16.128
1993-08-25,,0,0.75,0,0.37,0,0,0,0,0,0,0.071269,0.184272,0.159517,0.138353,0.008009,0.010574,0.007774,12.5,13.957
1993-08-26,,0,0.75,0,0.24,0,0,0,0,0,10.5,0.175268,0.182084,0.159424,0.172259,0.008008,0.010569,0.007773,12.3,13.775
1993-08-27,,0,0.75,0,0.72,0,0,0,0,0,8.6,0.235695,0.199994,0.159354,0.198347,0.008006,0.010564,0.007772,11.3,9.866
1993-08-28,,0,0.75,0,0.76,0,0,0,0,0,0,0.222505,0.199878,0.159237,0.193873,0.008004,0.010559,0.007771,11.5,18.786
1993-08-29,,0,0.75,0,0.75,0,0,0,0,0,0,0.209101,0.199588,0.159115,0.189268,0.008003,0.010554,0.00777,12.2,16.403
1993-08-30,,0,0.75,0,0.74,0,0,0,0,0,5.5,0.237775,0.220076,0.159063,0.205638,0.008001,0.010549,0.007768,11.7,6.209
1993-08-31,,0,0.75,0,0.9,0,0,0,0,0,2.2,0.236283,0.234912,0.159454,0.210216,0.008,0.010545,0.007767,11.8,7.32
1993-09-01,,0,0.75,0,0.9,0,0,0,0,0,2.2,0.234205,0.239629,0.168211,0.214015,0.007998,0.010541,0.007766,13.3,11.455
1993-09-02,,0,0.75,0,0.91,0,0,0,0,0,2.4,0.237634,0.241224,0.18081,0.219889,0.007997,0.010537,0.007765,11.2,7.648
1993-09-03,,0,0.75,0,0.9,0,0,0,0,0,5.7,0.23786,0.243474,0.226257,0.235863,0.007996,0.010533,0.007764,13.1,9.899
1993-09-04,,0,0.75,0,0.96,0,0,0,0,0,8.7,0.237246,0.244005,0.244664,0.241972,0.007995,0.01053,0.007763,11.1,11.323
1993-09-05,,0,0.75,0,0.97,0,0,0,0,0,5.7,0.235693,0.243088,0.244261,0.241014,0.007993,0.010526,0.007762,10.2,13.88
1993-09-06,,0,0.75,0,0.97,0,0,0,0,0,0.9,0.232836,0.239329,0.240979,0.237715,0.007992,0.010523,0.007761,10.2,10.233
1993-09-07,,0,0.75,0,0.96,0,0,0,0,0,0,0.224453,0.236038,0.238478,0.23299,0.007991,0.010519,0.00776,11.5,10.657
1993-09-08,,0,0.75,0,0.96,0,0,0,0,0,1.4,0.228891,0.234666,0.2369,0.233486,0.007989,0.010516,0.007759,12.1,11.321
1993-09-09,,0,0.75,0,0.96,0,0,0,0,0,11.7,0.23412,0.243432,0.244813,0.240788,0.007988,0.010512,0.007758,17.4,14.465
1993-09-10,,0,0.75,0,0.97,0,0,0,0,0,5,0.239674,0.243628,0.244275,0.242526,0.007986,0.010508,0.007757,14.9,6.002
1993-09-11,,0,0.75,0,0.97,0,0,0,0,0,0,0.22871,0.238181,0.240403,0.235765,0.007984,0.010503,0.007756,14.4,11.512
1993-09-12,,0,0.75,0,0.96,0,0,0,0,0,0,0.224634,0.236345,0.238446,0.233142,0.007983,0.010499,0.007755,10.7,4.043
1993-09-13,,0,0.75,0,0.96,0,0,0,0,0,1.2,0.228582,0.234617,0.236906,0.233368,0.007981,0.010495,0.007754,10.2,8.956
1993-09-14,,0,0.75,0,0.76,0,0,0,0,0,13.7,0.260338,0.246006,0.245929,0.250758,0.00798,0.010492,0.007753,12,5.9
1993-09-15,,0,0.75,0,0.97,0,0,0,0,0,2,0.233865,0.24234,0.243747,0.239984,0.007979,0.010488,0.007752,13.8,8.6
1993-09-16,,0,0.75,0,0.82,0,0,0,0,0,17.4,0.304493,0.246151,0.245873,0.265506,0.007978,0.010485,0.007751,11.6,3.2
1993-09-17,,0,0.75,0,0.97,0,0,0,0,0,0.8,0.241237,0.24475,0.245315,0.243767,0.007977,0.010481,0.00775,8.2,6.18
1993-09-18,,0,0.75,0,0.97,0,0,0,0,0,1.4,0.237613,0.241685,0.242609,0.240636,0.007976,0.010479,0.007749,8.3,7.151
1993-09-19,,0,0.75,0,0.97,0,0,0,0,0,0,0.227731,0.237249,0.239517,0.234833,0.007975,0.010476,0.007748,7.8,17.118
1993-09-20,,0,0.75,0,0.97,0,0,0,0,0,0,0.216734,0.23423,0.237224,0.229396,0.007974,0.010473,0.007747,10.1,15.676
1993-09-21,,0,0.75,0,0.96,0,0,0,0,0,0,0.206741,0.232,0.235684,0.224808,0.007973,0.010469,0.007746,15.2,11.813
1993-09-22,wheat/winter wheat,1,0.4,0,0.96,53,53,0,0,0.106,0.3,0.205814,0.23112,0.23514,0.224025,0.007971,0.010465,0.007745,16.5,8.991
1993-09-23,wheat/winter wheat,1,0.4,0,0.96,53,53,0,0,0.106,0,0.202275,0.230325,0.234724,0.222442,0.007969,0.010461,0.007744,15.4,8.032
1993-09-24,wheat/winter wheat,1,0.4,0,0.96,53,53,0,0,0.106,0,0.199736,0.229755,0.234451,0.221314,0.007968,0.010457,0.007743,13.4,4.024
1993-09-25,wheat/winter wheat,1,0.4,0,0.95,53,53,0,0,0.106,0.3,0.197967,0.228681,0.233977,0.220209,0.007966,0.010453,0.007742,15.6,11.224
1993-09-26,wheat/winter wheat,1,0.4,0,0.95,53,53,0,0,0.106,12.9,0.243229,0.24504,0.24508,0.244449,0.007964,0.010449,0.007741,12.4,5.249
1993-09-27,wheat/winter wheat,1,0.4,0,0.97,53,53,0,0,0.106,0,0.236712,0.240529,0.241691,0.239644,0.007963,0.010445,0.00774,10.9,4.392
1993-09-28,wheat/winter wheat,1,0.4,0,0.97,53,53,0,0,0.106,0,0.233597,0.238071,0.239578,0.237082,0.007962,0.010442,0.007739,11.1,7.565
1993-09-29,wheat/winter wheat,1,0.4,0,0.97,53,53,0,0,0.106,0,0.229238,0.23622,0.238033,0.234497,0.007961,0.010438,0.007738,9.1,13.978
1993-09-30,wheat/winter wheat,1,0.4,0,0.97,53,53,0,0,0.106,0,0.224791,0.234956,0.236901,0.232216,0.00796,0.010436,0.007737,6,13.409
1993-10-01,wheat/winter wheat,1,0.4,0,0.97,53,53,0,0,0.106,0,0.220569,0.233971,0.236057,0.230199,0.007959,0.010433,0.007736,6.2,9.808
1993-10-02,wheat/winter wheat,1,0.4,0,0.97,53,53,0,0,0.106,0,0.215675,0.232882,0.235344,0.227967,0.007958,0.01043,0.007735,11.9,10.232
1993-10-03,wheat/winter wheat,2,0.405,0,0.96,56,55.9,0,0,0.106,1.9,0.23072,0.232089,0.23489,0.232566,0.007957,0.010427,0.007734,12.7,3.865
1993-10-04,wheat/winter wheat,2,0.405,0,0.97,60.9,60.8,0,0,0.1119,0,0.224824,0.230885,0.234326,0.230012,0.007956,0.010424,0.007734,13,12.197
1993-10-05,wheat/winter wheat,2,0.405,0,0.97,66.2,65.9,0,0,0.1215,0,0.220493,0.22982,0.233928,0.22808,0.007954,0.010421,0.007733,14.2,10.89
1993-10-06,wheat/winter wheat,2,0.405,0,0.97,70.7,70.4,0,0,0.1319,0,0.217965,0.229193,0.233697,0.226952,0.007953,0.010417,0.007732,12.1,7.302
1993-10-07,wheat/winter wheat,2,0.405,0,0.97,75.9,75.5,0,0,0.1407,0,0.215101,0.228475,0.233437,0.225671,0.007951,0.010414,0.007731,12.7,8.501
1993-10-08,wheat/winter wheat,2,0.405,0,0.96,81.2,80.7,0,0,0.1509,0.1,0.213492,0.227816,0.2332,0.224836,0.00795,0.01041,0.00773,10.8,8.45
1993-10-09,wheat/winter wheat,2,0.405,0,0.77,85.1,84.5,0,0,0.1612,6,0.242907,0.242578,0.240881,0.242122,0.007949,0.010407,0.007729,12.4,2.903
1993-10-10,wheat/winter wheat,2,0.405,0,0.97,91.7,90.9,0,0,0.1689,0,0.235755,0.239531,0.240257,0.238514,0.007948,0.010404,0.007728,11,10.693
1993-10-11,wheat/winter wheat,2,0.405,0,0.97,96.6,95.8,0,0,0.1817,0.4,0.236404,0.238333,0.239221,0.237986,0.007947,0.010401,0.007727,11.1,4.848
1993-10-12,wheat/winter wheat,2,0.405,0,0.98,102.1,101.1,0,0,0.1914,0.3,0.235051,0.237415,0.238298,0.236921,0.007946,0.010398,0.007726,13.4,5.227
1993-10-13,wheat/winter wheat,2,0.405,0,0.98,110.1,109,0,0,0.2021,0,0.230288,0.235629,0.237116,0.234344,0.007945,0.010395,0.007725,13.6,9.625
1993-10-14,wheat/winter wheat,2,0.405,0,0.92,115.3,114.1,0,0,0.2178,1.4,0.238204,0.237772,0.237568,0.237848,0.007943,0.010392,0.007724,12,3.564
1993-10-15,wheat/winter wheat,2,0.405,0,0.91,120,118.7,0,0,0.228,1.4,0.240923,0.240769,0.24001,0.240567,0.007942,0.010389,0.007724,6.2,3.109
1993-10-16,wheat/winter wheat,2,0.405,0,0.97,126.4,124.9,0,0,0.2371,0,0.237033,0.239091,0.239481,0.238535,0.007942,0.010386,0.007723,4.9,8.287
1993-10-17,wheat/winter wheat,2,0.405,0,0.98,133,131.4,0,0,0.2496,0,0.234589,0.23753,0.238467,0.236862,0.007941,0.010384,0.007722,4.4,10.777
1993-10-18,wheat/winter wheat,2,0.405,0,0.98,138.8,137.1,0,0,0.2626,0,0.233293,0.236523,0.237629,0.235815,0.007941,0.010383,0.007722,1.5,9.734
1993-10-19,wheat/winter wheat,2,0.405,0,0.98,144.5,142.7,0,0,0.2739,0,0.231946,0.235808,0.236955,0.234903,0.00794,0.010381,0.007721,1.2,9
1993-10-20,wheat/winter wheat,2,0.405,0,0.98,150.9,149,0,0,0.2852,1,0.237441,0.237091,0.236975,0.237169,0.00794,0.01038,0.00772,5.2,5.7
1993-10-21,wheat/winter wheat,2,0.405,0,0.93,157.1,155,0,0,0.2976,0.3,0.237172,0.237405,0.237234,0.23727,0.00794,0.010378,0.00772,6.2,4.2
1993-10-22,wheat/winter wheat,2,0.405,0,0.98,163.4,161.2,0,0,0.3097,0,0.235107,0.236714,0.236982,0.236268,0.007939,0.010377,0.00772,6.8,4
1993-10-23,wheat/winter wheat,2,0.405,0,0.98,168.7,166.4,0,0,0.3221,0,0.233488,0.235927,0.23656,0.235325,0.007939,0.010375,0.007719,5.6,2.4
1993-10-24,wheat/winter wheat,2,0.405,0,0.98,174.2,171.7,0,0,0.3325,0,0.232032,0.23532,0.236136,0.234496,0.007938,0.010374,0.007719,5.7,2.3
1993-10-25,wheat/winter wheat,2,0.406,0,0.98,180.3,177.8,0,0,0.3431,0,0.230867,0.234912,0.235792,0.233857,0.007938,0.010372,0.007718,4.7,3.8
1993-10-26,wheat/winter wheat,2,0.406,0,0.98,185.6,182.9,0,0,0.3551,0,0.229956,0.234624,0.235519,0.233366,0.007937,0.010371,0.007718,5.4,2.1
1993-10-27,wheat/winter wheat,2,0.406,0,0.98,191.1,188.2,0,0,0.3654,0,0.228952,0.234336,0.235265,0.232851,0.007937,0.01037,0.007717,7.2,2
1993-10-28,wheat/winter wheat,2,0.407,0,0.98,196.6,193.7,0,0,0.376,0,0.22781,0.234023,0.23502,0.232284,0.007936,0.010368,0.007717,6.9,2
1993-10-29,wheat/winter wheat,2,0.407,0,0.83,201.4,198.3,0,0,0.3868,1.5,0.238696,0.236635,0.235431,0.23692,0.007936,0.010367,0.007716,3.6,1.314
1993-10-30,wheat/winter wheat,2,0.407,0,0.93,208.8,205.5,0,0,0.3961,0,0.236917,0.236837,0.235891,0.236548,0.007935,0.010366,0.007716,1.9,8.225
1993-10-31,wheat/winter wheat,2,0.407,0,0.93,215.5,212,0,0,0.4105,0,0.236023,0.236592,0.236117,0.236244,0.007935,0.010364,0.007716,0.3,5.64
1993-11-01,wheat/winter wheat,2,0.407,0,0.93,215.4,212,0,0,0.4235,0,0.235756,0.236367,0.236191,0.236105,0.007935,0.010364,0.007715,-0.5,4.966
1993-11-02,wheat/winter wheat,2,0.407,0,0.98,220.7,217.1,0,0,0.4233,0,0.235245,0.236084,0.236139,0.235822,0.007935,0.010363,0.007715,0,2.861
1993-11-03,wheat/winter wheat,2,0.407,0,0.98,225.9,222.1,0,0,0.4335,0,0.234839,0.235813,0.236032,0.235561,0.007935,0.010362,0.007715,0.3,2.53
1993-11-04,wheat/winter wheat,2,0.407,0,0.98,230.5,226.6,0,0,0.4436,0,0.234412,0.235544,0.235887,0.235281,0.007935,0.010362,0.007715,1.3,1.455
1993-11-05,wheat/winter wheat,2,0.408,0,0.98,235.9,231.8,0,0,0.4526,0,0.234108,0.235331,0.235746,0.235061,0.007934,0.010361,0.007714,2.6,2.049
1993-11-06,wheat/winter wheat,2,0.408,0,0.98,240.5,236.3,0,0,0.4629,0,0.233851,0.235159,0.235612,0.234874,0.007934,0.010361,0.007714,2.2,1.28
1993-11-07,wheat/winter wheat,2,0.409,0,0.87,245.2,240.8,0,0,0.4719,4.8,0.244406,0.244115,0.243411,0.243977,0.007934,0.01036,0.007714,4.9,1.14
1993-11-08,wheat/winter wheat,2,0.41,0,0.98,250.9,246.3,0,0,0.481,1.1,0.242037,0.242546,0.242698,0.242427,0.007934,0.010359,0.007714,5.5,1.811
1993-11-09,wheat/winter wheat,2,0.411,0,0.95,256,251.2,0,0,0.4918,3.1,0.243927,0.244005,0.243958,0.243964,0.007934,0.010359,0.007713,5.5,1.411
1993-11-10,wheat/winter wheat,2,0.412,0,0.98,262.5,257.4,0,0,0.5016,0,0.239355,0.240888,0.241597,0.240613,0.007933,0.010358,0.007713,5.1,2.404
1993-11-11,wheat/winter wheat,2,0.412,0,0.98,268.4,263,0,0,0.514,0.5,0.239473,0.240087,0.240545,0.240035,0.007933,0.010357,0.007713,2.5,2.24
1993-11-12,wheat/winter wheat,2,0.413,0,0.98,276.4,270.6,0,0,0.5251,0,0.237548,0.238827,0.239502,0.238626,0.007933,0.010356,0.007713,3.7,3.454
1993-11-13,wheat/winter wheat,2,0.413,0,0.98,284.6,278.4,0,0,0.5403,0,0.236784,0.237963,0.238694,0.237813,0.007932,0.010355,0.007712,1.5,5.101
1993-11-14,wheat/winter wheat,2,0.413,0,0.75,289.9,283.4,0,0,0.5558,7.5,0.245746,0.245566,0.245378,0.245563,0.007932,0.010354,0.007712,0.8,1.753
1993-11-15,wheat/winter wheat,2,0.413,0,0.7,293.9,287.3,0,0,0.5657,1.1,0.242599,0.24299,0.243265,0.242951,0.007932,0.010354,0.007712,1.2,0.76
1993-11-16,wheat/winter wheat,2,0.413,0,0.98,298.7,291.8,0,0,0.5734,0,0.238927,0.240411,0.241158,0.240165,0.007932,0.010353,0.007712,1.1,1.342
1993-11-17,wheat/winter wheat,2,0.413,0,0.98,298.5,291.7,0,0,0.5824,0,0.23764,0.238965,0.239789,0.238798,0.007932,0.010353,0.007711,-0.1,1.838
1993-11-18,wheat/winter wheat,2,0.413,0,0.98,298.4,291.7,0,0,0.5823,0,0.237635,0.237691,0.238716,0.238014,0.007932,0.010352,0.007711,-2.5,3.576
1993-11-19,wheat/winter wheat,2,0.413,0,1,298.2,291.6,0,0,0.5821,0.5,0.242802,0.236947,0.237954,0.239234,0.007932,0.010352,0.007711,-1.3,1.585
1993-11-20,wheat/winter wheat,2,0.413,0,1,298.1,291.5,0,0,0.582,0.3,0.246199,0.23646,0.237399,0.240019,0.007932,0.010352,0.007711,-4.5,3.456
1993-11-21,wheat/winter wheat,2,0.413,0,1,298,291.5,0,0,0.5819,0,0.246199,0.236115,0.23698,0.239765,0.007932,0.010352,0.007711,-7.3,2.412
1993-11-22,wheat/winter wheat,2,0.413,0,1,297.9,291.4,0,0,0.5818,6,0.314557,0.235859,0.236655,0.262357,0.007932,0.010352,0.007711,-4.4,1.811
1993-11-23,wheat/winter wheat,2,0.413,0,1,297.8,291.3,0,0,0.5816,0,0.314557,0.235661,0.236395,0.262204,0.007932,0.010351,0.007711,-4.8,4.063
1993-11-24,wheat/winter wheat,2,0.413,0,1,297.7,291.3,0,0,0.5815,0,0.314557,0.235503,0.236182,0.262081,0.007932,0.010351,0.007711,-8.6,2.734
1993-11-25,wheat/winter wheat,2,0.413,0,1,297.6,291.2,0,0,0.5814,0,0.314557,0.235375,0.236006,0.261979,0.007932,0.010351,0.007711,-5.6,4.025
1993-11-26,wheat/winter wheat,2,0.413,0,1,297.4,291.2,0,0,0.5813,0,0.314557,0.235268,0.235857,0.261894,0.007932,0.010351,0.007711,-5.3,1.52
1993-11-27,wheat/winter wheat,2,0.413,0,1,297.3,291.1,0,0,0.5812,0,0.314557,0.235178,0.23573,0.261822,0.007932,0.010351,0.00771,-2.9,1.513
1993-11-28,wheat/winter wheat,2,0.413,0,1,297.2,291,0,0,0.581,0.1,0.315626,0.235101,0.23562,0.262116,0.007932,0.010351,0.00771,-3.1,2.446
1993-11-29,wheat/winter wheat,2,0.413,0,1,297,291,0,0,0.5809,0,0.315626,0.235034,0.235524,0.262061,0.007932,0.010351,0.00771,-5.1,1.768
1993-11-30,wheat/winter wheat,2,0.413,0,1,296.9,290.9,0,0,0.5808,0,0.315626,0.234976,0.235439,0.262014,0.007932,0.01035,0.00771,-8.3,1.753
1993-12-01,wheat/winter wheat,2,0.413,0,1,296.8,290.9,0,0,0.5807,0,0.315626,0.234925,0.235364,0.261972,0.007932,0.01035,0.00771,-6.6,2.265
1993-12-02,wheat/winter wheat,2,0.413,0,1,296.7,290.8,0,0,0.5806,0.8,0.32417,0.234879,0.235297,0.264782,0.007932,0.01035,0.00771,-0.7,2.069
1993-12-03,wheat/winter wheat,2,0.415,0,0.93,300.9,294.8,0,0,0.5804,0,0.323968,0.234813,0.235204,0.264662,0.007932,0.01035,0.00771,6.2,1.145
1993-12-04,wheat/winter wheat,2,0.417,0,0.87,309.7,303,0,0,0.5884,0,0.322818,0.234631,0.234966,0.264139,0.007932,0.01035,0.00771,6.9,3.03
1993-12-05,wheat/winter wheat,2,0.418,0,0.87,316.3,309.1,0,0,0.6046,0,0.321968,0.234509,0.234798,0.263758,0.007932,0.010349,0.00771,5.1,1.966
1993-12-06,wheat/winter wheat,2,0.42,0,0.93,320.6,313.1,0,0,0.6169,0,0.24545,0.245549,0.245363,0.245454,0.007931,0.010349,0.00771,6.1,1.094
1993-12-07,wheat/winter wheat,2,0.421,0,0.99,328.6,320.4,0,0,0.6248,3.1,0.244089,0.244383,0.244477,0.244316,0.007931,0.010348,0.00771,3.2,3.218
1993-12-08,wheat/winter wheat,2,0.422,0,0.99,333.6,325,0,0,0.6393,3.5,0.244354,0.244491,0.244514,0.244453,0.007931,0.010347,0.007709,2.4,1.393
1993-12-09,wheat/winter wheat,2,0.423,0,0.92,338.4,329.4,0,0,0.6484,19,0.333656,0.246201,0.246167,0.275341,0.007931,0.010347,0.007709,5.8,1.198
1993-12-10,wheat/winter wheat,2,0.425,0,0.93,346.9,337.1,0,0,0.6572,3.4,0.26712,0.246243,0.246234,0.253199,0.007931,0.010346,0.007709,4.1,2.845
1993-12-11,wheat/winter wheat,2,0.426,0,0.99,353.8,343.4,0,0,0.6724,0.5,0.243462,0.244071,0.244284,0.243939,0.00793,0.010346,0.007709,4,1.841
1993-12-12,wheat/winter wheat,2,0.427,0,0.99,360,348.9,0,0,0.6848,1.5,0.242616,0.242913,0.243095,0.242875,0.00793,0.010345,0.007709,3.1,1.617
1993-12-13,wheat/winter wheat,2,0.427,0,1,363.4,352,0,0,0.6957,5.3,0.245265,0.245184,0.245108,0.245186,0.00793,0.010344,0.007708,1.9,0.787
1993-12-14,wheat/winter wheat,2,0.428,0,1,367.7,355.8,0,0,0.7018,1.6,0.243146,0.243374,0.243547,0.243356,0.00793,0.010344,0.007708,2.3,1.03
1993-12-15,wheat/winter wheat,2,0.428,0,0.96,374.8,362.1,0,0,0.7094,0.8,0.241653,0.241979,0.242247,0.241959,0.007929,0.010343,0.007708,1,2.026
1993-12-16,wheat/winter wheat,2,0.429,0,0.98,383.1,369.5,0,0,0.7219,2.4,0.242781,0.243195,0.243184,0.243053,0.007929,0.010343,0.007708,4.3,2.06
1993-12-17,wheat/winter wheat,2,0.431,0,0.99,390.1,375.7,0,0,0.7366,1.4,0.241906,0.242458,0.242621,0.242328,0.007929,0.010342,0.007708,4.2,1.666
1993-12-18,wheat/winter wheat,2,0.432,0,1,399,383.5,0,0,0.7488,0.3,0.240023,0.240733,0.2412,0.240652,0.007929,0.010342,0.007708,3.5,2.42
1993-12-19,wheat/winter wheat,2,0.436,0,0.98,404.9,388.7,0,0,0.7643,7.4,0.244968,0.245398,0.245394,0.245253,0.007929,0.010341,0.007707,8.5,1.27
1993-12-20,wheat/winter wheat,2,0.437,0,0.98,411.4,394.3,0,0,0.7744,0,0.23914,0.241178,0.242042,0.240787,0.007928,0.01034,0.007707,4,1.495
1993-12-21,wheat/winter wheat,2,0.437,0,1,419.5,401.3,0,0,0.7855,0.1,0.238114,0.239434,0.240303,0.239284,0.007928,0.01034,0.007707,0.3,2.236
1993-12-22,wheat/winter wheat,2,0.437,0,1,426.5,407.3,0,0,0.7993,1.6,0.242319,0.24182,0.241518,0.241886,0.007928,0.010339,0.007707,0.5,1.781
1993-12-23,wheat/winter wheat,2,0.438,0,0.97,434.8,414.4,0,0,0.8113,5.1,0.244933,0.24498,0.244886,0.244933,0.007928,0.010339,0.007707,2.4,1.938
1993-12-24,wheat/winter wheat,2,0.438,0,1,438.9,418,0,0,0.8252,2.4,0.243941,0.24402,0.244084,0.244015,0.007928,0.010338,0.007706,0.7,0.857
1993-12-25,wheat/winter wheat,2,0.438,0,1,438.7,417.8,0,0,0.8323,9,0.246178,0.246148,0.246119,0.246148,0.007928,0.010338,0.007706,-0.1,0.599
1993-12-26,wheat/winter wheat,2,0.438,0,0.99,442,420.7,0,0,0.832,3.2,0.24461,0.24469,0.24476,0.244687,0.007928,0.010338,0.007706,0.1,0.61
1993-12-27,wheat/winter wheat,2,0.438,0,1,441.8,420.6,0,0,0.8378,0,0.240045,0.241289,0.241984,0.241106,0.007928,0.010337,0.007706,-1.1,2.352
1993-12-28,wheat/winter wheat,2,0.438,0,1,441.6,420.5,0,0,0.8375,0,0.238247,0.239526,0.240332,0.239368,0.007928,0.010337,0.007706,-1.9,2.444
1993-12-29,wheat/winter wheat,2,0.438,0,1,441.4,420.4,0,0,0.8373,0,0.237286,0.238457,0.239253,0.238332,0.007928,0.010337,0.007706,-4.8,3.578
1993-12-30,wheat/winter wheat,2,0.438,0,1,451,428.6,0,0,0.8371,2.5,0.243258,0.242669,0.242145,0.242691,0.007928,0.010337,0.007706,2.3,3.075
1993-12-31,wheat/winter wheat,2,0.441,0,0.99,461.9,437.9,0,0,0.8534,2.2,0.243097,0.243328,0.243258,0.243228,0.007928,0.010337,0.007706,6,2.297
1994-01-01,wheat/winter wheat,2,0.442,0,0.98,471.5,446,0,0,0.8717,3.3,0.244349,0.24431,0.244243,0.244301,0.007927,0.010336,0.007706,3,2.156
1994-01-02,wheat/winter wheat,2,0.442,0,1,481.2,454.2,0,0,0.8877,0.6,0.241466,0.242017,0.242385,0.241956,0.007927,0.010336,0.007706,0.8,2.635
1994-01-03,wheat/winter wheat,2,0.442,0,1,487.8,459.8,0,0,0.9038,0.3,0.239947,0.240571,0.241041,0.240519,0.007927,0.010336,0.007705,0.1,1.532
1994-01-04,wheat/winter wheat,2,0.442,0,1,498.6,468.9,0,0,0.9148,1.2,0.241791,0.241548,0.241441,0.241594,0.007927,0.010335,0.007705,2.6,3.977
1994-01-05,wheat/winter wheat,2,0.444,0,0.97,507.5,476.3,0,0,0.9327,4.2,0.244515,0.244551,0.244436,0.2445,0.007927,0.010335,0.007705,4.3,1.796
1994-01-06,wheat/winter wheat,2,0.446,0,1,518.2,485.3,0,0,0.9474,1.5,0.242874,0.243105,0.243259,0.243079,0.007927,0.010335,0.007705,5,2.132
1994-01-07,wheat/winter wheat,2,0.446,0,0.98,526.8,492.4,0,0,0.965,0,0.239325,0.240573,0.241248,0.240382,0.007927,0.010334,0.007705,1.7,1.853
1994-01-08,wheat/winter wheat,2,0.447,0,0.98,537.9,501.6,0,0,0.9791,0,0.237714,0.23906,0.239861,0.238878,0.007927,0.010334,0.007705,2.1,2.466
1994-01-09,wheat/winter wheat,2,0.447,0,1,537.7,501.5,0,0,0.9972,0.3,0.238406,0.238703,0.239186,0.238765,0.007926,0.010333,0.007705,-0.5,1.165
1994-01-10,wheat/winter wheat,2,0.447,0,1,543.3,506.1,0,0,0.9969,0,0.237378,0.238092,0.238611,0.238027,0.007926,0.010333,0.007705,1.5,0.974
1994-01-11,wheat/winter wheat,2,0.447,0,1,548,510.1,0,0,1.0061,0.3,0.238303,0.238201,0.238398,0.238301,0.007926,0.010333,0.007705,1.3,0.715
1994-01-12,wheat/winter wheat,2,0.449,0,0.97,558.5,518.7,0,0,1.0138,1.1,0.241141,0.240429,0.239794,0.240454,0.007926,0.010333,0.007705,4.2,2.054
1994-01-13,wheat/winter wheat,2,0.452,0,0.98,571.3,529,0,0,1.0307,7.3,0.244641,0.245259,0.245264,0.245054,0.007926,0.010332,0.007704,7.9,2.339
1994-01-14,wheat/winter wheat,2,0.455,0,0.99,584.7,539.9,0,0,1.0511,0.1,0.239004,0.241081,0.241956,0.24068,0.007926,0.010332,0.007704,6.1,2.546
1994-01-15,wheat/winter wheat,2,0.456,0,0.99,598.1,550.5,0,0,1.0723,1.7,0.242071,0.242095,0.242102,0.242089,0.007926,0.010331,0.007704,4.2,2.626
1994-01-16,wheat/winter wheat,2,0.456,0,0.96,607.6,558.1,0,0,1.0931,0.2,0.239681,0.240445,0.240891,0.240339,0.007925,0.010331,0.007704,0.8,1.989
1994-01-17,wheat/winter wheat,2,0.456,0,0.43,607.3,557.9,0,0,1.1081,0,0.239677,0.238435,0.239455,0.239189,0.007925,0.01033,0.007704,-2.3,5.002
1994-01-18,wheat/winter wheat,2,0.456,0,0.43,607,557.8,0,0,1.1078,0,0.239674,0.237393,0.238459,0.238508,0.007925,0.01033,0.007704,-0.7,1.403
1994-01-19,wheat/winter wheat,2,0.457,0,0.73,617.6,566.2,0,0,1.1075,0.3,0.24203,0.236705,0.237724,0.23882,0.007925,0.01033,0.007704,1.7,2.183
1994-01-20,wheat/winter wheat,2,0.457,0,1,626.3,573.2,0,0,1.1241,1,0.251827,0.236291,0.237221,0.24178,0.007925,0.01033,0.007704,0.4,1.673
1994-01-21,wheat/winter wheat,2,0.457,0,0.93,635.6,580.5,0,0,1.1377,0,0.251446,0.235916,0.236761,0.241375,0.007925,0.010329,0.007703,1.7,1.717
1994-01-22,wheat/winter wheat,2,0.459,0,1,644.9,587.9,0,0,1.1521,0.1,0.25184,0.235706,0.236476,0.241341,0.007925,0.010329,0.007703,4.1,1.541
1994-01-23,wheat/winter wheat,2,0.461,0,0.97,652.7,594,0,0,1.1666,8.6,0.245827,0.245885,0.245782,0.245831,0.007925,0.010329,0.007703,4.7,1.117
1994-01-24,wheat/winter wheat,2,0.461,0,0.99,666.6,604.9,0,0,1.1785,0.8,0.241437,0.242439,0.242929,0.242268,0.007925,0.010328,0.007703,2.6,2.86
1994-01-25,wheat/winter wheat,2,0.463,0,0.98,675.9,612.1,0,0,1.1998,6.9,0.245479,0.245523,0.245494,0.245499,0.007925,0.010328,0.007703,3.3,1.509
1994-01-26,wheat/winter wheat,2,0.464,0,0.99,691.5,624.2,0,0,1.214,8,0.245592,0.245827,0.245873,0.245764,0.007924,0.010328,0.007703,3.8,3.092
1994-01-27,wheat/winter wheat,2,0.466,0,0.97,699.9,630.6,0,0,1.2376,18.6,0.330714,0.246223,0.246218,0.274385,0.007924,0.010327,0.007703,4.5,1.091
1994-01-28,wheat/winter wheat,2,0.467,0,1.06,707.8,636.6,0,0,1.2502,16.9,0.370313,0.246272,0.246272,0.287619,0.007924,0.010326,0.007703,2.9,0.648
1994-01-29,wheat/winter wheat,2,0.467,0,1,717.3,643.9,0,0,1.2619,1,0.308332,0.246273,0.246273,0.266959,0.007924,0.010326,0.007702,1.6,1.37
1994-01-30,wheat/winter wheat,2,0.469,0,1,728.6,652.4,0,0,1.276,2,0.24591,0.245982,0.246001,0.245964,0.007924,0.010325,0.007702,3.8,1.73
1994-01-31,wheat/winter wheat,2,0.47,0,0.99,738.6,660,0,0,1.2928,0,0.239476,0.241396,0.242259,0.241044,0.007924,0.010325,0.007702,3.8,1.3
1994-02-01,wheat/winter wheat,2,0.471,0,0.99,748.6,667.5,0,0,1.3076,0,0.237531,0.239302,0.240284,0.239039,0.007924,0.010324,0.007702,3.2,1.28
1994-02-02,wheat/winter wheat,2,0.473,0,0.99,758.1,674.6,0,0,1.3222,0,0.235624,0.237769,0.238857,0.237416,0.007923,0.010324,0.007702,3.6,0.928
1994-02-03,wheat/winter wheat,2,0.473,0,0.99,773.1,685.8,0,0,1.336,0,0.234838,0.236854,0.237927,0.236539,0.007923,0.010323,0.007702,1.4,3.015
1994-02-04,wheat/winter wheat,2,0.473,0,0.99,788.7,697.4,0,0,1.3578,0,0.234244,0.236213,0.237246,0.235901,0.007923,0.010323,0.007702,0,3.572
1994-02-05,wheat/winter wheat,2,0.473,0,0.99,808.2,711.9,0,0,1.3804,0,0.233344,0.235597,0.236637,0.235193,0.007923,0.010323,0.007701,0,5.594
1994-02-06,wheat/winter wheat,2,0.473,0,0.99,820.3,721,0,0,1.4088,0,0.232884,0.235278,0.236239,0.2348,0.007923,0.010322,0.007701,0.1,1.83
1994-02-07,wheat/winter wheat,2,0.473,0,0.99,832.5,730,0,0,1.4265,0,0.232345,0.234981,0.235894,0.234407,0.007923,0.010322,0.007701,0.4,1.672
1994-02-08,wheat/winter wheat,2,0.473,0,0.99,844,738.6,0,0,1.4442,0,0.231776,0.234712,0.235595,0.234028,0.007923,0.010322,0.007701,0.4,1.294
1994-02-09,wheat/winter wheat,2,0.474,0,0.99,863,752.7,0,0,1.461,0,0.231156,0.234452,0.235326,0.233645,0.007923,0.010321,0.007701,2,3.93
1994-02-10,wheat/winter wheat,2,0.475,0,1,885.1,769.1,0,0,1.4885,0.1,0.231215,0.234391,0.235201,0.233602,0.007923,0.010321,0.007701,2.8,4.726
1994-02-11,wheat/winter wheat,2,0.475,0,0.99,903,782.3,0,0,1.5204,0,0.230778,0.234217,0.235021,0.233339,0.007923,0.010321,0.007701,1.1,3.548
1994-02-12,wheat/winter wheat,2,0.475,0,1,902.6,782.1,0,0,1.5462,0.5,0.235491,0.234217,0.234965,0.234891,0.007922,0.010321,0.007701,-2.6,1.192
1994-02-13,wheat/winter wheat,2,0.475,0,1,902.4,782,0,0,1.5458,0,0.235491,0.234216,0.234916,0.234874,0.007922,0.01032,0.007701,-10.7,9.314
1994-02-14,wheat/winter wheat,2,0.475,0,1,902.1,781.9,0,0,1.5456,0,0.235491,0.234215,0.234872,0.234859,0.007922,0.01032,0.007701,-8.4,9.574
1994-02-15,wheat/winter wheat,2,0.475,0,1,901.8,781.7,0,0,1.5453,0,0.235491,0.234214,0.234833,0.234846,0.007922,0.01032,0.007701,-6.3,9.371
1994-02-16,wheat/winter wheat,2,0.475,0,1,901.4,781.6,0,0,1.545,0,0.235491,0.234214,0.234796,0.234834,0.007922,0.01032,0.007701,-5.3,9.136
1994-02-17,wheat/winter wheat,2,0.475,0,1,901.1,781.4,0,0,1.5447,0,0.235491,0.234214,0.234764,0.234823,0.007922,0.01032,0.007701,-4.9,7.374
1994-02-18,wheat/winter wheat,2,0.475,0,1,900.8,781.2,0,0,1.5444,0,0.235491,0.234214,0.234734,0.234813,0.007922,0.01032,0.007701,-5.2,7.811
1994-02-19,wheat/winter wheat,2,0.475,0,1,900.5,781.1,0,0,1.5441,0.3,0.238456,0.234214,0.234707,0.235793,0.007922,0.01032,0.007701,-5,3.548
1994-02-20,wheat/winter wheat,2,0.475,0,1,900.1,780.9,0,0,1.5438,0,0.238456,0.234214,0.234682,0.235784,0.007922,0.01032,0.007701,-5.5,6.655
1994-02-21,wheat/winter wheat,2,0.475,0,1,899.7,780.7,0,0,1.5434,1.6,0.256115,0.234214,0.23466,0.241663,0.007922,0.01032,0.007701,-1.9,5.183
1994-02-22,wheat/winter wheat,2,0.475,0,1,899.3,780.5,0,0,1.543,3,0.290274,0.234214,0.234639,0.253042,0.007922,0.01032,0.007701,-3,4.744
1994-02-23,wheat/winter wheat,2,0.475,0,1,899,780.3,0,0,1.5426,3,0.324412,0.234214,0.234619,0.264415,0.007922,0.01032,0.007701,-4.1,4.266
1994-02-24,wheat/winter wheat,2,0.475,0,1,898.7,780.2,0,0,1.5423,0,0.324412,0.234214,0.234601,0.264409,0.007922,0.01032,0.007701,-7,8.695
1994-02-25,wheat/winter wheat,2,0.475,0,1,898.3,780,0,0,1.542,0,0.324412,0.234214,0.234584,0.264403,0.007922,0.01032,0.007701,-3.4,9.377
1994-02-26,wheat/winter wheat,2,0.475,0,1,898,779.8,0,0,1.5417,0,0.324412,0.234214,0.234569,0.264398,0.007922,0.01032,0.007701,-3.8,5.314
1994-02-27,wheat/winter wheat,2,0.475,0,0.69,923.8,798.9,0,0,1.5414,0,0.324237,0.234085,0.234458,0.26426,0.007922,0.01032,0.007701,1.6,6.531
1994-02-28,wheat/winter wheat,2,0.477,0,0.95,951.8,819.4,0,0,1.5785,0.2,0.324609,0.233884,0.234259,0.264251,0.007922,0.01032,0.007701,4,5.701
1994-03-01,wheat/winter wheat,2,0.477,0,1,951.3,819.2,0,0,1.6185,3.2,0.35802,0.233884,0.234258,0.275387,0.007922,0.01032,0.0077,-0.7,1.823
1994-03-02,wheat/winter wheat,2,0.477,0,1,950.8,818.9,0,0,1.6181,1.4,0.372755,0.233884,0.234256,0.280299,0.007922,0.01032,0.0077,-0.1,2.61
1994-03-03,wheat/winter wheat,2,0.478,0,0.96,974.5,836.3,0,0,1.6176,1.2,0.384234,0.233774,0.234152,0.284053,0.007922,0.01032,0.0077,3.1,3.409
1994-03-04,wheat/winter wheat,2,0.479,0,0.95,1002.5,856.6,0,0,1.6513,2.1,0.403614,0.233577,0.233967,0.290386,0.007922,0.01032,0.0077,2.5,5.927
1994-03-05,wheat/winter wheat,2,0.48,0,0.93,1039.8,883.6,0,0,1.6909,0,0.401559,0.233016,0.233446,0.28934,0.007922,0.01032,0.0077,3,10.979
1994-03-06,wheat/winter wheat,2,0.483,0,0.97,1077.6,910.6,0,0,1.7433,3.4,0.332603,0.332194,0.233035,0.299277,0.007922,0.01032,0.0077,5.2,8.072
1994-03-07,wheat/winter wheat,2,0.486,0,0.98,1103.5,928.9,0,0,1.7959,3.7,0.26787,0.43188,0.232876,0.310875,0.007922,0.01032,0.0077,5.8,2.687
1994-03-08,wheat/winter wheat,2,0.49,0,0.96,1136,951.4,0,0,1.8313,0,0.242689,0.355449,0.245855,0.281331,0.007922,0.01032,0.0077,7.7,4.575
1994-03-09,wheat/winter wheat,2,0.497,0,0.96,1167,972.3,0,0,1.8749,0,0.237469,0.257956,0.245853,0.247092,0.007922,0.010319,0.0077,11.1,3.661
1994-03-10,wheat/winter wheat,2,0.502,0,0.99,1210.3,1001,0,0,1.9153,0,0.233247,0.241362,0.242254,0.238954,0.007921,0.010319,0.0077,8,7.648
1994-03-11,wheat/winter wheat,2,0.504,0,0.99,1260.1,1033.6,0,0,1.9707,0,0.230213,0.23754,0.239251,0.235668,0.007921,0.010318,0.0077,5.2,13.649
1994-03-12,wheat/winter wheat,2,0.508,0,0.99,1297.1,1057.5,0,0,2.0335,0,0.228295,0.236013,0.23765,0.233986,0.00792,0.010317,0.007699,5.7,6.062
1994-03-13,wheat/winter wheat,2,0.509,0,0.99,1325.1,1075.5,0,0,2.0796,11.6,0.245835,0.24592,0.245847,0.245867,0.00792,0.010316,0.007699,3.9,2.563
1994-03-14,wheat/winter wheat,2,0.513,0,0.99,1363,1099.4,0,0,2.1142,6.4,0.244028,0.24493,0.245183,0.244713,0.00792,0.010315,0.007699,6.1,5.8
1994-03-15,wheat/winter wheat,2,0.516,0,0.99,1407,1126.8,0,0,2.1602,0.9,0.239773,0.241431,0.242157,0.241121,0.007919,0.010314,0.007699,5.6,8.357
1994-03-16,wheat/winter wheat,2,0.517,0,0.99,1449.1,1153,0,0,2.2129,3.1,0.243215,0.243415,0.243387,0.243339,0.007919,0.010313,0.007698,2.8,8.939
1994-03-17,wheat/winter wheat,2,0.518,0,0.99,1490.3,1178.4,0,0,2.2631,1.2,0.241319,0.241988,0.242273,0.24186,0.007918,0.010312,0.007698,2.2,8.131
1994-03-18,wheat/winter wheat,2,0.519,0,1,1531.8,1204,0,0,2.312,1.2,0.241185,0.241567,0.241744,0.241498,0.007918,0.010311,0.007698,2.2,7.468
1994-03-19,wheat/winter wheat,2,0.521,0,0.99,1577.6,1232,0,0,2.3611,10.1,0.244719,0.245454,0.245623,0.245265,0.007918,0.010311,0.007698,3.7,7.877
1994-03-20,wheat/winter wheat,2,0.521,0,0.99,1626.8,1262,0,0,2.4148,1.1,0.240644,0.241974,0.242591,0.241736,0.007918,0.01031,0.007698,2,11.383
1994-03-21,wheat/winter wheat,2,0.522,0,0.99,1670.8,1288.8,0,0,2.4724,0,0.236825,0.239066,0.240148,0.23868,0.007917,0.010309,0.007697,1.6,8.739
1994-03-22,wheat/winter wheat,2,0.523,0,0.99,1725.4,1321.8,0,0,2.5237,0.3,0.235761,0.237501,0.238586,0.237282,0.007917,0.010309,0.007697,3,12.155
1994-03-23,wheat/winter wheat,2,0.528,0,0.96,1767.6,1346.7,0,0,2.5869,1.3,0.239983,0.239504,0.239148,0.239545,0.007917,0.010308,0.007697,8.5,3.794
1994-03-24,wheat/winter wheat,2,0.534,0,0.99,1846.6,1392.3,0,0,2.6346,3.8,0.239143,0.241522,0.241972,0.240879,0.007917,0.010307,0.007697,9.2,13.753
1994-03-25,wheat/winter wheat,2,0.539,0,1,1893.9,1419,0,0,2.7215,7.6,0.244086,0.244829,0.245006,0.24464,0.007916,0.010307,0.007697,7.4,5.051
1994-03-26,wheat/winter wheat,2,0.541,0,1,1955.2,1453.3,0,0,2.7724,1.2,0.240952,0.241993,0.242514,0.241819,0.007916,0.010306,0.007696,4.4,12.037
1994-03-27,wheat/winter wheat,2,0.544,0,0.99,2022.3,1490.5,0,0,2.8378,1,0.23896,0.24026,0.240859,0.240026,0.007916,0.010305,0.007696,4.2,14.882
1994-03-28,wheat/winter wheat,2,0.546,0,0.99,2091.7,1528.5,0,0,2.9084,0,0.23402,0.237038,0.23838,0.236479,0.007915,0.010304,0.007696,4.6,15.279
1994-03-29,wheat/winter wheat,2,0.552,0,1,2145.2,1557.1,0,0,2.9806,1.3,0.238186,0.238046,0.238079,0.238104,0.007915,0.010303,0.007696,9,6.457
1994-03-30,wheat/winter wheat,2,0.558,0,0.99,2234.5,1603.4,0,0,3.0348,0,0.232808,0.23538,0.236309,0.234832,0.007914,0.010302,0.007695,9.9,15.113
1994-03-31,wheat/winter wheat,2,0.564,0,1,2299.1,1636,0,0,3.1224,0.5,0.232802,0.233954,0.2351,0.233952,0.007914,0.010301,0.007695,9.2,10.073
1994-04-01,wheat/winter wheat,2,0.57,0,0.99,2360.4,1666.1,0,0,3.1839,5.5,0.242306,0.242943,0.242668,0.242639,0.007913,0.010299,0.007695,9.2,8.091
1994-04-02,wheat/winter wheat,2,0.575,0,0.99,2434,1701.6,0,0,3.2406,0,0.236151,0.238818,0.239906,0.238292,0.007912,0.010298,0.007694,6.6,12.111
1994-04-03,wheat/winter wheat,2,0.577,0,0.99,2504.5,1735.3,0,0,3.3074,0,0.23292,0.236151,0.23768,0.235584,0.007912,0.010297,0.007694,4.1,13.959
1994-04-04,wheat/winter wheat,2,0.58,0,1,2575.2,1768.6,0,0,3.3707,2.3,0.239986,0.23972,0.239156,0.239621,0.007911,0.010295,0.007694,5.2,11.719
1994-04-05,wheat/winter wheat,2,0.583,0,1,2649.9,1803.2,0,0,3.4332,0.9,0.238135,0.238998,0.239042,0.238725,0.007911,0.010294,0.007693,4.8,13.688
1994-04-06,wheat/winter wheat,2,0.586,0,1,2730.4,1840.1,0,0,3.4982,0,0.23376,0.236262,0.237249,0.235757,0.00791,0.010293,0.007693,4.8,15.652
1994-04-07,wheat/winter wheat,2,0.588,0,1,2802.7,1872.8,0,0,3.5674,0,0.230777,0.234299,0.235685,0.233587,0.00791,0.010291,0.007693,4.5,12.82
1994-04-08,wheat/winter wheat,2,0.591,0,1,2877.8,1906.3,0,0,3.6286,0.5,0.231039,0.233078,0.234672,0.23293,0.007909,0.01029,0.007692,4.8,13.938
1994-04-09,wheat/winter wheat,2,0.595,0,0.98,2952.7,1939.2,0,0,3.6913,1.4,0.237472,0.235022,0.234237,0.235577,0.007909,0.010289,0.007692,5.8,11.731
1994-04-10,wheat/winter wheat,2,0.599,0,0.98,3010.7,1964.2,0,0,3.7526,0.6,0.237753,0.236207,0.234462,0.236141,0.007908,0.010287,0.007692,5.9,6.037
1994-04-11,wheat/winter wheat,2,0.605,0,1,3086.4,1995.9,0,0,3.7992,7.3,0.243899,0.244374,0.244281,0.244185,0.007908,0.010286,0.007691,8.4,9.947
1994-04-12,wheat/winter wheat,2,0.612,0,1,3157.4,2024.6,0,0,3.8582,8.6,0.244197,0.244929,0.245209,0.244778,0.007907,0.010285,0.007691,10.6,8.173
1994-04-13,wheat/winter wheat,2,0.618,0,0.98,3255.3,2063,0,0,3.9114,14.2,0.279942,0.244596,0.244938,0.256492,0.007907,0.010284,0.00769,8.8,15.437
1994-04-14,wheat/winter wheat,2,0.622,0,1,3311.9,2084.9,0,0,3.9825,4,0.245601,0.245667,0.245687,0.245652,0.007906,0.010282,0.00769,5.7,4.3
1994-04-15,wheat/winter wheat,2,0.627,0,1,3410.7,2122,0,0,4.0229,0,0.236,0.239083,0.24055,0.238544,0.007906,0.010281,0.00769,6.8,17.461
1994-04-16,wheat/winter wheat,2,0.632,0,1,3519.6,2162,0,0,4.0915,0,0.231449,0.235316,0.23729,0.234685,0.007905,0.010279,0.007689,7.4,18.533
1994-04-17,wheat/winter wheat,2,0.636,0,1,3617.4,2197.1,0,0,4.1651,0,0.227923,0.233113,0.23526,0.232098,0.007904,0.010278,0.007689,6.2,15.406
1994-04-18,wheat/winter wheat,2,0.639,0,1,3714,2231.3,0,0,4.2298,0,0.22398,0.230741,0.233486,0.229402,0.007904,0.010277,0.007689,4.7,15.067
1994-04-19,wheat/winter wheat,2,0.642,0,1,3822.8,2269.2,0,0,4.2926,0,0.219598,0.228088,0.231598,0.226428,0.007903,0.010275,0.007688,4.8,18.481
1994-04-20,wheat/winter wheat,2,0.648,0,1,3966.8,2317.8,0,0,4.3621,0,0.213288,0.22424,0.228856,0.222128,0.007903,0.010274,0.007688,8.2,23.001
1994-04-21,wheat/winter wheat,2,0.656,0,1,4109.9,2364,0,0,4.451,0,0.207537,0.220703,0.226331,0.21819,0.007902,0.010272,0.007687,10.8,18.986
1994-04-22,wheat/winter wheat,2,0.665,0,1,4248.5,2406.6,0,0,4.5354,0,0.202193,0.217389,0.223961,0.214515,0.007901,0.01027,0.007687,12.5,16.699
1994-04-23,wheat/winter wheat,2,0.676,0,1,4404.2,2451.7,0,0,4.6127,0,0.194171,0.21238,0.220373,0.208975,0.0079,0.010268,0.007686,13.7,19.229
1994-04-24,wheat/winter wheat,2,0.687,0,1,4580.7,2499.6,0,0,4.6943,0,0.184596,0.20635,0.216049,0.202332,0.0079,0.010266,0.007686,14.3,21.815
1994-04-25,wheat/winter wheat,2,0.696,0,0.99,4771.1,2548.2,0,0,4.7806,0,0.176395,0.201106,0.212282,0.196595,0.007899,0.010264,0.007685,13,23.913
1994-04-26,wheat/winter wheat,3,0.705,0,0.99,4910.5,2583,0,0,4.8681,0,0.170847,0.197509,0.209694,0.192683,0.007898,0.010262,0.007685,10.8,15.881
1994-04-27,wheat/winter wheat,3,0.713,0,0.99,5065.9,2621.8,0,0,4.9307,0,0.164821,0.193565,0.206852,0.188413,0.007897,0.010259,0.007684,13,17.462
1994-04-28,wheat/winter wheat,3,0.722,0,0.99,5184.8,2651.3,0,0,5.0002,0,0.160776,0.190896,0.204921,0.185531,0.007896,0.010257,0.007683,13.1,10.682
1994-04-29,wheat/winter wheat,3,0.733,0,0.99,5287.4,2676.8,0,0,5.0532,0,0.155837,0.187569,0.202504,0.18197,0.007895,0.010254,0.007683,15.9,8.143
1994-04-30,wheat/winter wheat,3,0.743,0,1,5453.3,2717.9,0,0,5.0988,1,0.154164,0.1836,0.19961,0.179124,0.007894,0.010251,0.007682,15.3,17.849
1994-05-01,wheat/winter wheat,3,0.748,0,1,5561.8,2744.7,0,0,5.1722,0.4,0.152675,0.182473,0.198784,0.177978,0.007893,0.010249,0.007681,7.2,7.91
1994-05-02,wheat/winter wheat,3,0.753,0,0.99,5765.5,2795.1,0,0,5.2202,0,0.146443,0.177619,0.195221,0.173094,0.007892,0.010246,0.00768,8.2,25.514
1994-05-03,wheat/winter wheat,3,0.76,0,0.99,5976.1,2847,0,0,5.31,0,0.138797,0.170938,0.190295,0.166677,0.007891,0.010243,0.00768,9.7,26.71
1994-05-04,wheat/winter wheat,3,0.768,0,1,6172.3,2895.4,0,0,5.4027,0.6,0.13251,0.164592,0.185595,0.160899,0.00789,0.010241,0.007679,11.2,22.364
1994-05-05,wheat/winter wheat,3,0.774,0,1,6292.3,2924.9,0,0,5.4888,3.6,0.160424,0.163653,0.184897,0.169658,0.007889,0.010239,0.007678,9.3,10.432
1994-05-06,wheat/winter wheat,3,0.781,0,1,6481.8,2971.4,0,0,5.5413,0,0.153668,0.15903,0.181463,0.16472,0.007889,0.010236,0.007677,10.2,21.588
1994-05-07,wheat/winter wheat,3,0.79,0,1,6704.8,3026.1,0,0,5.6241,0,0.144034,0.151878,0.17586,0.157257,0.007888,0.010234,0.007677,12.3,26.675
1994-05-08,wheat/winter wheat,3,0.8,0,1,6931.2,3081.5,0,0,5.7211,0,0.134235,0.144104,0.168857,0.149065,0.007887,0.010232,0.007676,13.7,27.607
1994-05-09,wheat/winter wheat,3,0.811,0,1,7152.1,3135.4,0,0,5.8193,0,0.127011,0.13802,0.162439,0.14249,0.007886,0.01023,0.007675,14.7,25.79
1994-05-10,wheat/winter wheat,3,0.821,0,1,7344.6,3182.3,0,0,5.9147,0,0.121387,0.132937,0.156336,0.136887,0.007885,0.010228,0.007675,13.8,22.147
1994-05-11,wheat/winter wheat,3,0.832,0,1,7536.6,3229,0,0,5.9976,0,0.116325,0.12808,0.150347,0.131584,0.007885,0.010226,0.007674,14.5,21.957
1994-05-12,wheat/winter wheat,3,0.841,0,1,7698.6,3268.3,0,0,6.0799,1,0.114338,0.125711,0.147307,0.129118,0.007884,0.010224,0.007673,13.1,16.935
1994-05-13,wheat/winter wheat,3,0.852,0,0.99,7855.2,3306.2,0,0,6.1491,6,0.162552,0.123993,0.14494,0.143829,0.007883,0.010222,0.007673,14,17.687
1994-05-14,wheat/winter wheat,3,0.865,0,0.99,8056,3354.6,0,0,6.2158,0,0.149599,0.120131,0.139538,0.136423,0.007881,0.01022,0.007672,16.6,24.021
1994-05-15,wheat/winter wheat,3,0.877,0,0.99,8199.5,3389.2,0,0,6.3009,0,0.141764,0.117511,0.135775,0.131683,0.00788,0.010218,0.007671,15.6,15.574
1994-05-16,wheat/winter wheat,3,0.889,0,0.99,8363.4,3428.5,0,0,6.3614,0,0.134302,0.114827,0.131854,0.126994,0.007879,0.010217,0.007671,15.7,19.104
1994-05-17,wheat/winter wheat,3,0.901,0,1,8517.3,3465.4,0,0,6.4302,6.9,0.18806,0.113452,0.129821,0.143778,0.007878,0.010215,0.00767,16.4,17.575
1994-05-18,wheat/winter wheat,3,0.914,0,0.99,8683,3504.9,0,0,6.4946,0,0.178261,0.111446,0.126859,0.138855,0.007876,0.010213,0.007669,15.8,17.977
1994-05-19,wheat/winter wheat,3,0.921,0,1,8771.8,3526.1,0,0,6.5636,31,0.370313,0.211446,0.126859,0.236206,0.007876,0.010209,0.007669,10.1,3.231
1994-05-20,wheat/winter wheat,3,0.927,0,1,8870.3,3549.6,0,0,6.6006,10,0.348435,0.245707,0.192599,0.262247,0.007875,0.010205,0.007668,7.8,3.671
1994-05-21,wheat/winter wheat,3,0.936,0,1,9060.1,3594.7,0,0,6.6414,0.7,0.264843,0.24289,0.242625,0.250119,0.007874,0.010202,0.007667,11.2,21.259
1994-05-22,wheat/winter wheat,3,0.945,0,1,9194,3626.5,0,0,6.7199,15.7,0.306998,0.245069,0.245312,0.265793,0.007874,0.010198,0.007666,12.1,13.718
1994-05-23,wheat/winter wheat,3,0.955,0,1,9310.2,3654,0,0,6.775,2.4,0.24539,0.245511,0.245583,0.245495,0.007872,0.010195,0.007665,12.3,9.751
1994-05-24,wheat/winter wheat,3,0.967,0,1,9491,3696.7,0,0,6.8227,0.1,0.231618,0.235545,0.237883,0.235015,0.007871,0.010191,0.007664,14.5,20.106
1994-05-25,wheat/winter wheat,3,0.977,0,1,9583.4,3718.4,0,0,6.8966,0,0.228235,0.233048,0.23542,0.232234,0.007869,0.010188,0.007663,13.1,6.846
1994-05-26,wheat/winter wheat,3,0.989,0,1,9747.4,3757,0,0,6.9342,0.4,0.221087,0.228054,0.231645,0.226929,0.007868,0.010185,0.007662,13.9,17.204
1994-05-27,wheat/winter wheat,3,0.997,0,1,9884.3,3789.2,0,0,7.0008,0.5,0.216661,0.224954,0.229372,0.223662,0.007867,0.010181,0.007661,10.4,12.199
1994-05-28,wheat/winter wheat,3,1.004,0,1,10054.1,3829,0,0,7.0562,0.1,0.209506,0.219935,0.225691,0.218377,0.007865,0.010178,0.00766,9.2,19
1994-05-29,wheat/winter wheat,3,1.011,0,1,10189.1,3860.6,0,0,7.1248,0.4,0.2049,0.216697,0.223315,0.214971,0.007864,0.010174,0.007659,9.5,12.701
1994-05-30,wheat/winter wheat,3,1.019,0,1,10361,3900.7,0,0,7.1791,0.8,0.199548,0.212929,0.220549,0.211009,0.007863,0.010171,0.007658,9.4,18.966
1994-05-31,wheat/winter wheat,3,1.027,0,1,10516.4,3937,0,0,7.2481,0.8,0.194495,0.209364,0.217932,0.207263,0.007862,0.010168,0.007657,10.2,15.613
1994-06-01,wheat/winter wheat,3,1.039,0,1,10745.9,3990.4,0,0,7.3103,0,0.180618,0.199529,0.210708,0.196952,0.007861,0.010165,0.007656,14.6,27.734
1994-06-02,wheat/winter wheat,3,1.054,0,1,10861.3,4017.2,0,0,7.4017,0.7,0.173353,0.194302,0.206867,0.191507,0.00786,0.010162,0.007655,17.2,13.595
1994-06-03,wheat/winter wheat,3,1.068,0,1,11006.8,4050.9,0,0,7.4475,1.6,0.168049,0.190465,0.204038,0.187517,0.007858,0.010159,0.007654,16.3,15.714
1994-06-04,wheat/winter wheat,3,1.079,0,1,11170.1,4088.5,0,0,7.5049,1.5,0.16306,0.186843,0.201357,0.183753,0.007857,0.010156,0.007653,12.9,17.046
1994-06-05,wheat/winter wheat,3,1.087,0,1,11293.7,4117,0,0,7.5691,4.5,0.190299,0.186209,0.200878,0.192462,0.007856,0.010153,0.007653,10.7,11.633
1994-06-06,wheat/winter wheat,3,1.096,0,1,11476.7,4159.1,0,0,7.6176,0,0.180018,0.178906,0.195447,0.18479,0.007855,0.01015,0.007652,10.8,21.371
1994-06-07,wheat/winter wheat,4,1.1,0,1,11588,4183.5,5.1,4.3,7.689,0.7,0.176637,0.176489,0.19364,0.182256,0.007854,0.010147,0.007651,13.5,10.297
1994-06-08,wheat/winter wheat,4,1.1,0,1,11770.6,4220,28.1,23.9,7.7301,0,0.165057,0.168193,0.18743,0.17356,0.007853,0.010144,0.00765,16.3,20.782
1994-06-09,wheat/winter wheat,4,1.1,0,1,11891.8,4242.7,49.9,42.4,7.7916,0.4,0.16075,0.165089,0.185098,0.170312,0.007852,0.010142,0.007649,11.3,10.696
1994-06-10,wheat/winter wheat,4,1.1,0,1,12050.2,4270.4,86.6,73.6,7.8297,0.2,0.153522,0.15977,0.181094,0.164796,0.007851,0.010139,0.007648,11,17.026
1994-06-11,wheat/winter wheat,4,1.1,0,1,12233.3,4300,139.4,118.5,7.8761,0,0.145552,0.153237,0.175978,0.158256,0.00785,0.010137,0.007647,12.2,19.963
1994-06-12,wheat/winter wheat,4,1.1,0,1,12461.5,4333.2,220.6,187.6,7.9254,0,0.134952,0.14409,0.167825,0.148956,0.007849,0.010135,0.007646,14.5,26.416
1994-06-13,wheat/winter wheat,4,1.1,0,1,12553.4,4345.4,258.5,219.8,7.9805,0,0.132462,0.141804,0.165366,0.146544,0.007848,0.010132,0.007646,12.4,6.489
1994-06-14,wheat/winter wheat,4,1.1,0,1,12753.1,4368.4,355.1,301.8,8.0006,0,0.124509,0.134397,0.157,0.138635,0.007847,0.01013,0.007645,15.7,23.375
1994-06-15,wheat/winter wheat,4,1.1,0,1,12907.9,4384.3,438.2,372.4,8.0385,0,0.119357,0.129161,0.15055,0.133023,0.007847,0.010128,0.007644,12.1,15.473
1994-06-16,wheat/winter wheat,4,1.1,0,1,13008.1,4393.5,496.4,421.9,8.0647,2,0.120498,0.128996,0.150339,0.133278,0.007846,0.010127,0.007643,10.4,8
1994-06-17,wheat/winter wheat,4,1.1,0,1,13172,4406.9,599,509.2,8.0798,0,0.116265,0.124736,0.144898,0.128633,0.007845,0.010125,0.007643,10.8,16.6
1994-06-18,wheat/winter wheat,4,1.1,0,1,13269.3,4413.5,665.6,565.8,8.1016,5,0.146949,0.124331,0.144352,0.138544,0.007845,0.010123,0.007642,13.4,8
1994-06-19,wheat/winter wheat,4,1.1,0,1,13397.3,4420.1,762,647.7,8.1123,0,0.137875,0.120396,0.139027,0.132432,0.007844,0.010121,0.007642,16.4,13.6
1994-06-20,wheat/winter wheat,4,1.1,0,1,13644.3,4429.2,963.1,818.6,8.123,0,0.128462,0.116019,0.132922,0.125801,0.007843,0.01012,0.007641,14.8,28.1
1994-06-21,wheat/winter wheat,4,1.1,0,1,13806.1,4432.2,1107.4,941.3,8.1376,0,0.120651,0.112035,0.127183,0.119956,0.007842,0.010118,0.00764,18.8,16.5
1994-06-22,wheat/winter wheat,4,1.1,0,1,13908.7,4432.2,1206.8,1025.8,8.1424,0,0.113217,0.107849,0.121188,0.114085,0.007842,0.010117,0.00764,19.4,11.263
1994-06-23,wheat/winter wheat,5,1.091,0,1,14163.3,4430.3,1455.9,1237.5,8.1425,0,0.105805,0.103728,0.114692,0.108075,0.007841,0.010116,0.007639,14.4,27.378
1994-06-24,wheat/winter wheat,5,1.088,17,1,14439,4427.7,1726.3,1467.4,8.1311,0,0.240023,0.13257,0.109638,0.160743,0.00784,0.010114,0.007639,13.7,31.597
1994-06-25,wheat/winter wheat,5,1.081,17,0.88,14687.8,4423.5,1972.3,1676.5,8.1154,0,0.288989,0.224218,0.106669,0.206625,0.007839,0.01011,0.007639,18.8,30.852
1994-06-26,wheat/winter wheat,5,1.072,17,1,14857.5,4417.3,2143.5,1822,8.0903,0,0.342057,0.233906,0.183294,0.253086,0.007838,0.010106,0.007638,21.7,24.52
1994-06-27,wheat/winter wheat,5,1.063,0,1,14985.1,4409.2,2276,1934.6,8.0532,0,0.2339,0.237204,0.237304,0.236136,0.007836,0.010102,0.007636,21.6,19.126
1994-06-28,wheat/winter wheat,5,1.054,0,1,15190.1,4399.1,2485.8,2112.9,8.0045,0,0.217007,0.224522,0.228142,0.223224,0.007834,0.010098,0.007635,21.7,28.01
1994-06-29,wheat/winter wheat,5,1.044,0,1,15244,4386.9,2550.6,2168,7.9441,3.7,0.226895,0.219091,0.224078,0.223355,0.007832,0.010093,0.007634,23.2,16.837
1994-06-30,wheat/winter wheat,5,1.037,0,1,15487.4,4373.5,2801.6,2381.4,7.8709,0,0.210832,0.207596,0.215614,0.211347,0.00783,0.010088,0.007633,17.8,28.028
1994-07-01,wheat/winter wheat,5,1.032,17,1,15731.5,4359,3054.5,2596.3,7.7902,0,0.265839,0.23504,0.236601,0.245827,0.007828,0.010083,0.007631,16.6,28.679
1994-07-02,wheat/winter wheat,5,1.025,0,1,15972.6,4343.3,3306,2810.1,7.7035,0,0.226184,0.230236,0.232522,0.229647,0.007826,0.010078,0.00763,18.6,30.555
1994-07-03,wheat/winter wheat,5,1.016,0,0.98,16182.8,4325.9,3529,2999.6,7.6091,0,0.20717,0.216697,0.222564,0.215477,0.007823,0.010072,0.007628,21.2,29.85
1994-07-04,wheat/winter wheat,5,1.006,17,0.9,16354.8,4306.8,3716.6,3159.1,7.5049,0,0.257964,0.232376,0.235157,0.241832,0.007821,0.010067,0.007627,22.9,28.073
1994-07-05,wheat/winter wheat,5,1,0,1,16459.8,4286.6,3839.7,3263.8,7.3899,0.1,0.234234,0.234816,0.234582,0.234544,0.007818,0.010061,0.007625,17.9,13.398
1994-07-06,wheat/winter wheat,5,0.993,0,1,16647.2,4265.4,4044.6,3437.9,7.269,0,0.220464,0.225047,0.227447,0.224319,0.007816,0.010055,0.007624,18.4,23.925
1994-07-07,wheat/winter wheat,5,0.988,0,1,16767.7,4243.8,4184.5,3556.8,7.142,11.6,0.24243,0.242906,0.242792,0.242709,0.007813,0.01005,0.007622,15.3,15.834
1994-07-08,wheat/winter wheat,5,0.984,0,1,16855.5,4221.7,4292.8,3648.9,7.012,17.9,0.302258,0.246232,0.246188,0.264893,0.007812,0.010044,0.007621,15,10.637
1994-07-09,wheat/winter wheat,5,0.978,0,1,17056.1,4198.8,4512.7,3835.8,6.8795,0.1,0.23274,0.236595,0.238991,0.236109,0.00781,0.010039,0.007619,17.8,25.014
1994-07-10,wheat/winter wheat,5,0.97,0,1,17260,4175.2,4736.7,4026.2,6.7424,0,0.218742,0.226471,0.230774,0.225329,0.007807,0.010033,0.007617,18.7,26.797
1994-07-11,wheat/winter wheat,5,0.962,0,1,17473.3,4150.6,4971.2,4225.5,6.6004,0,0.203752,0.216075,0.223166,0.214331,0.007805,0.010027,0.007616,20.2,29.311
1994-07-12,wheat/winter wheat,5,0.953,17,0.99,17650.3,4124.8,5171.2,4395.5,6.4527,0,0.256572,0.234271,0.236524,0.242456,0.007802,0.010021,0.007614,22.5,27.984
1994-07-13,wheat/winter wheat,5,0.942,0,1,17805.9,4097.9,5351.6,4548.8,6.2982,0,0.225466,0.229313,0.231175,0.228651,0.0078,0.010015,0.007612,23.7,27.324
1994-07-14,wheat/winter wheat,5,0.931,0,1,17948.6,4069.8,5520.4,4692.4,6.1365,0,0.209003,0.218094,0.222992,0.216696,0.007797,0.010008,0.00761,23.9,26.779
1994-07-15,wheat/winter wheat,5,0.921,17,0.99,18086.4,4041,5685.5,4832.6,5.9683,2.4,0.275941,0.240427,0.241169,0.252512,0.007794,0.010002,0.007609,22.8,23.987
1994-07-16,wheat/winter wheat,5,0.912,0,1,18247.8,4011.6,5874.5,4993.3,5.7952,0,0.2318,0.23569,0.237774,0.235088,0.007791,0.009995,0.007607,21.2,23.634
1994-07-17,wheat/winter wheat,5,0.904,0,1,18415.8,3982,6070.3,5159.7,5.6189,0,0.220118,0.227758,0.231461,0.226446,0.007788,0.009988,0.007605,19.5,22.301
1994-07-18,wheat/winter wheat,5,0.897,0,1,18599.9,3952.3,6282.3,5340,5.4411,0,0.207378,0.219358,0.225374,0.21737,0.007785,0.009981,0.007603,18.6,24.461
1994-07-19,wheat/winter wheat,5,0.891,17,0.99,18790.6,3922.6,6500.9,5525.8,5.263,0,0.263576,0.237315,0.238855,0.246582,0.007783,0.009975,0.007601,18.5,24.557
1994-07-20,wheat/winter wheat,5,0.884,0,1,19004.3,3893,6742.5,5731.1,5.0851,0,0.228823,0.233304,0.235342,0.23249,0.00778,0.009968,0.007599,18.6,28.534
1994-07-21,wheat/winter wheat,5,0.875,0,1,19179.5,3863.4,6946,5904.1,4.9076,0,0.214369,0.224095,0.228614,0.22236,0.007777,0.009961,0.007597,20.8,27.916
1994-07-22,wheat/winter wheat,5,0.865,0,1,19322.8,3833.6,7118.2,6050.4,4.7297,0,0.198034,0.213804,0.221228,0.211022,0.007774,0.009954,0.007595,22.9,26.995
1994-07-23,wheat/winter wheat,5,0.854,17,0.98,19443.7,3803.6,7268.5,6178.2,4.5507,0,0.251972,0.236494,0.23789,0.242118,0.007771,0.009947,0.007593,24.1,25.798
1994-07-24,wheat/winter wheat,5,0.842,0,1,19550.8,3773.4,7405.1,6294.4,4.3706,0,0.226122,0.231046,0.232965,0.230044,0.007767,0.00994,0.00759,24.6,25.184
1994-07-25,wheat/winter wheat,5,0.831,0,1,19643.2,3743.3,7527.4,6398.3,4.19,0,0.211277,0.222129,0.226632,0.220013,0.007764,0.009932,0.007588,25,24.619
1994-07-26,wheat/winter wheat,5,0.818,0,0.99,19700.5,3713.2,7614.8,6472.5,4.0093,0,0.195161,0.2126,0.219889,0.209217,0.00776,0.009924,0.007586,26.5,23.13
1994-07-27,wheat/winter wheat,5,0.806,17,0.97,19756.6,3683.2,7700.7,6545.6,3.8285,0.1,0.253195,0.239499,0.240031,0.244242,0.007757,0.009916,0.007584,25.7,19.454
1994-07-28,wheat/winter wheat,6,0.588,0,0.16,19815.3,3654.2,7788.5,6620.2,3.6487,0,0.238468,0.24079,0.240906,0.240054,0.007753,0.009908,0.007581,26.1,23.793
1994-07-29,wheat/winter wheat,6,0.25,0,0.17,19815.3,3654.2,7788.5,6620.2,3.4745,0,0.235659,0.238661,0.239577,0.237965,0.007749,0.009899,0.007579,26.5,23.396
1994-07-30,wheat/winter wheat,6,0.25,0,0.17,19815.3,3654.2,7788.5,6620.2,3.4745,0,0.233737,0.237223,0.238425,0.236462,0.007745,0.00989,0.007576,26,22.024
1994-07-31,wheat/winter wheat,6,0.25,0,0.17,19815.3,3654.2,7788.5,6620.2,3.4745,0,0.232001,0.236263,0.237547,0.23527,0.00774,0.009881,0.007574,27.4,20.558
1994-08-01,wheat/winter wheat,6,0.25,0,0.17,19815.3,3654.2,7788.5,6620.2,3.4745,0,0.230267,0.235588,0.236875,0.234243,0.008065,0.01089,0.007752,27.6,23.226
1994-08-02,,0,0.75,0,0.97,0,0,0,0,0,0,0.204868,0.229836,0.234084,0.222929,0.008057,0.011751,0.007748,24.2,18.392
1994-08-03,,0,0.75,0,0.96,0,0,0,0,0,0,0.180603,0.224393,0.231725,0.21224,0.00805,0.01173,0.007743,22.1,23.181
1994-08-04,,0,0.75,0,0.94,0,0,0,0,0,0,0.156481,0.218905,0.22934,0.201575,0.008045,0.011711,0.007739,22,24.322
1994-08-05,,0,0.75,0,0.93,0,0,0,0,0,0,0.127355,0.212182,0.226412,0.18865,0.008041,0.01169,0.007735,25.3,24.581
1994-08-06,,0,0.75,0,0.91,0,0,0,0,0,0,0.105162,0.206967,0.224134,0.178754,0.008038,0.01167,0.00773,23.8,18.836
1994-08-07,,0,0.75,0,0.9,0,0,0,0,0,0,0.084697,0.202091,0.222,0.169596,0.008037,0.011652,0.007726,20.7,21.086
1994-08-08,,0,0.75,0,0.65,0,0,0,0,0,0,0.072665,0.197453,0.219966,0.163361,0.008035,0.011635,0.007722,20.5,21.86
1994-08-09,,0,0.75,0,0.36,0,0,0,0,0,0,0.068702,0.192567,0.217819,0.159696,0.008034,0.011619,0.007719,21.3,20.21
1994-08-10,,0,0.75,0,0.3,0,0,0,0,0,0,0.067715,0.188166,0.21588,0.157254,0.008033,0.011605,0.007715,21.1,18.823
1994-08-11,,0,0.75,0,0.3,0,0,0,0,0,11.5,0.182333,0.186429,0.215114,0.194625,0.008029,0.011591,0.007712,18.7,4.645
1994-08-12,,0,0.75,0,0.88,0,0,0,0,0,12.7,0.237316,0.239631,0.223663,0.233537,0.008025,0.011579,0.007709,17.7,9.079
1994-08-13,,0,0.75,0,0.91,0,0,0,0,0,1.5,0.233436,0.239594,0.23216,0.235063,0.008022,0.011569,0.007706,14.9,7.403
1994-08-14,,0,0.75,0,0.9,0,0,0,0,0,1.4,0.228153,0.237717,0.236909,0.23426,0.00802,0.01156,0.007703,12.1,15.407
1994-08-15,,0,0.75,0,0.96,0,0,0,0,0,0.2,0.22058,0.234847,0.236014,0.23048,0.008018,0.011552,0.007701,13.9,6.745
1994-08-16,,0,0.75,0,0.96,0,0,0,0,0,0,0.206292,0.231632,0.234437,0.22412,0.008015,0.011544,0.007699,13.9,16.575
1994-08-17,,0,0.75,0,0.95,0,0,0,0,0,0.3,0.192072,0.227768,0.232757,0.217532,0.008013,0.011536,0.007697,16,18.693
1994-08-18,,0,0.75,0,0.88,0,0,0,0,0,6.8,0.233368,0.23791,0.236694,0.235991,0.00801,0.011529,0.007695,13.4,14.224
1994-08-19,,0,0.75,0,0.97,0,0,0,0,0,6.4,0.239626,0.243817,0.244164,0.242536,0.008008,0.011522,0.007694,13.9,5.485
1994-08-20,,0,0.75,0,0.97,0,0,0,0,0,1.6,0.227347,0.239329,0.24142,0.236032,0.008006,0.011515,0.007692,16,15.721
1994-08-21,,0,0.75,0,0.97,0,0,0,0,0,0,0.216649,0.235519,0.23842,0.230196,0.008003,0.011508,0.00769,14.9,11.541
1994-08-22,,0,0.75,0,0.96,0,0,0,0,0,0,0.199614,0.231588,0.23582,0.222341,0.008,0.011501,0.007688,15.8,21.16
1994-08-23,,0,0.75,0,0.95,0,0,0,0,0,0,0.180935,0.227376,0.233807,0.214039,0.007998,0.011493,0.007687,16.9,21.681
1994-08-24,,0,0.75,0,0.94,0,0,0,0,0,0,0.171716,0.225275,0.232894,0.209962,0.007995,0.011485,0.007685,16.2,8.134
1994-08-25,,0,0.75,0,0.94,0,0,0,0,0,0,0.164014,0.223509,0.232127,0.20655,0.007993,0.011477,0.007683,17.2,6.56
1994-08-26,,0,0.75,0,0.79,0,0,0,0,0,7.5,0.229615,0.224618,0.231315,0.228516,0.00799,0.01147,0.007681,16.2,9.08
1994-08-27,,0,0.75,0,0.97,0,0,0,0,0,0.1,0.216069,0.221427,0.229929,0.222475,0.007987,0.011462,0.007679,18.4,15.529
1994-08-28,,0,0.75,0,0.82,0,0,0,0,0,3.4,0.230486,0.229786,0.228873,0.229715,0.007985,0.011454,0.007677,15.8,12.025
1994-08-29,,0,0.75,0,0.97,0,0,0,0,0,0.9,0.220977,0.227565,0.227258,0.225267,0.007982,0.011447,0.007676,14.6,16.798
1994-08-30,,0,0.75,0,0.96,0,0,0,0,0,0,0.207379,0.224556,0.225958,0.219298,0.00798,0.01144,0.007674,14,16.299
1994-08-31,,0,0.75,0,0.96,0,0,0,0,0,0,0.198844,0.222653,0.225135,0.215544,0.007978,0.011433,0.007672,12.3,10.061
1994-09-01,,0,0.75,0,0.95,0,0,0,0,0,2,0.211847,0.221085,0.224456,0.219129,0.007976,0.011427,0.007671,16.3,5.5
1994-09-02,,0,0.75,0,0.82,0,0,0,0,0,3,0.232631,0.223741,0.223839,0.226737,0.007973,0.01142,0.007669,17.6,5.4
1994-09-03,,0,0.75,0,0.76,0,0,0,0,0,1,0.230665,0.226825,0.223757,0.227082,0.007971,0.011414,0.007667,15.4,7.8
1994-09-04,,0,0.75,0,0.91,0,0,0,0,0,0,0.217898,0.224022,0.223636,0.221852,0.007969,0.011407,0.007666,17.3,12.4
1994-09-05,,0,0.75,0,0.96,0,0,0,0,0,1,0.221478,0.222602,0.223022,0.222367,0.007966,0.0114,0.007664,15.5,5.3
1994-09-06,,0,0.75,0,0.89,0,0,0,0,0,6,0.236475,0.241157,0.23786,0.238497,0.007964,0.011394,0.007662,14.7,7.6
1994-09-07,,0,0.75,0,0.97,0,0,0,0,0,0,0.230255,0.237614,0.237885,0.235251,0.007962,0.011389,0.007661,12.9,5.2
1994-09-08,,0,0.75,0,0.96,0,0,0,0,0,7,0.239813,0.243929,0.244341,0.242695,0.007961,0.011383,0.00766,15.4,5.1
1994-09-09,,0,0.75,0,0.97,0,0,0,0,0,0.1,0.220603,0.236539,0.239733,0.232292,0.007959,0.011378,0.007658,15.3,7.821
1994-09-10,,0,0.75,0,0.97,0,0,0,0,0,0.5,0.216212,0.234084,0.237371,0.229222,0.007957,0.011372,0.007657,12.8,10.067
1994-09-11,,0,0.75,0,0.96,0,0,0,0,0,1.7,0.222224,0.231633,0.235683,0.229846,0.007955,0.011367,0.007655,12.3,13.468
1994-09-12,,0,0.75,0,0.97,0,0,0,0,0,2.3,0.232369,0.234487,0.235071,0.233976,0.007953,0.011362,0.007654,15,8.51
1994-09-13,,0,0.75,0,0.97,0,0,0,0,0,0,0.217366,0.231169,0.233587,0.227374,0.007951,0.011356,0.007653,15.6,16.555
1994-09-14,,0,0.75,0,0.96,0,0,0,0,0,1.9,0.226653,0.229399,0.232683,0.229578,0.007949,0.011351,0.007651,14.6,12.876
1994-09-15,,0,0.75,0,0.97,0,0,0,0,0,1.3,0.227878,0.228754,0.23171,0.229448,0.007947,0.011346,0.00765,14.7,8.128
1994-09-16,,0,0.75,0,0.91,0,0,0,0,0,2.1,0.231188,0.233887,0.231951,0.232342,0.007946,0.011341,0.007649,11.7,5.852
1994-09-17,,0,0.75,0,0.91,0,0,0,0,0,1.7,0.233282,0.236993,0.234205,0.234826,0.007944,0.011336,0.007648,10.9,5.806
1994-09-18,,0,0.75,0,0.91,0,0,0,0,0,0.3,0.231865,0.235783,0.234732,0.234127,0.007943,0.011332,0.007646,11.1,5.218
1994-09-19,,0,0.75,0,0.97,0,0,0,0,0,0.2,0.22932,0.234598,0.234437,0.232785,0.007942,0.011328,0.007645,10.8,5.297
1994-09-20,,0,0.75,0,0.97,0,0,0,0,0,0.1,0.223125,0.232991,0.233758,0.229958,0.00794,0.011323,0.007644,10.7,11.607
1994-09-21,,0,0.75,0,0.97,0,0,0,0,0,0.1,0.219689,0.232008,0.233332,0.228343,0.007939,0.011319,0.007643,11.9,3.407
1994-09-22,wheat/winter wheat,1,0.4,0,0.96,53,53,0,0,0.106,0,0.217016,0.231414,0.233076,0.227169,0.007938,0.011315,0.007642,12.1,4.877
1994-09-23,wheat/winter wheat,1,0.4,0,0.96,53,53,0,0,0.106,0,0.213115,0.230546,0.2327,0.225454,0.007936,0.011311,0.007641,13,10.947
1994-09-24,wheat/winter wheat,1,0.4,0,0.96,53,53,0,0,0.106,0,0.208969,0.229621,0.232299,0.22363,0.007935,0.011307,0.00764,13.4,11.983
1994-09-25,wheat/winter wheat,1,0.4,0,0.96,53,53,0,0,0.106,0,0.20562,0.228872,0.231975,0.222156,0.007933,0.011302,0.007639,14.6,8.863
1994-09-26,wheat/winter wheat,1,0.4,0,0.96,53,53,0,0,0.106,0,0.20192,0.228043,0.231616,0.220527,0.007931,0.011297,0.007638,14.9,8.809
1994-09-27,wheat/winter wheat,1,0.4,0,0.95,53,53,0,0,0.106,0.2,0.200185,0.227205,0.231253,0.219548,0.007929,0.011293,0.007636,13.2,4.693
1994-09-28,wheat/winter wheat,1,0.4,0,0.95,53,53,0,0,0.106,0,0.194713,0.225975,0.23072,0.217136,0.007928,0.011288,0.007635,10.5,13.738
1994-09-29,wheat/winter wheat,1,0.4,0,0.95,53,53,0,0,0.106,0,0.190735,0.225079,0.230331,0.215381,0.007926,0.011284,0.007634,12.4,4.282
1994-09-30,wheat/winter wheat,1,0.4,0,0.95,53,53,0,0,0.106,0,0.187463,0.22434,0.23001,0.213938,0.007925,0.01128,0.007633,12.5,4.78
1994-10-01,wheat/winter wheat,1,0.4,0,0.95,53,53,0,0,0.106,0,0.183835,0.223518,0.229654,0.212336,0.007924,0.011276,0.007632,9.9,8.62
1994-10-02,wheat/winter wheat,1,0.4,0,0.94,53,53,0,0,0.106,0,0.181535,0.222997,0.229428,0.21132,0.007923,0.011272,0.007631,8.8,6.46
1994-10-03,wheat/winter wheat,2,0.408,0,0.95,56,55.9,0,0,0.106,2.5,0.204784,0.222627,0.229267,0.218893,0.007922,0.011269,0.00763,10.7,3.876
1994-10-04,wheat/winter wheat,2,0.408,0,0.96,59.8,59.6,0,0,0.1118,0.2,0.203143,0.221875,0.228941,0.217986,0.007921,0.011266,0.007629,5.7,12.523
1994-10-05,wheat/winter wheat,2,0.408,0,0.96,63.1,62.8,0,0,0.1192,1.5,0.216262,0.221489,0.228773,0.222174,0.00792,0.011263,0.007629,4,8.423
1994-10-06,wheat/winter wheat,2,0.408,0,0.96,67,66.6,0,0,0.1256,0,0.213378,0.220904,0.228518,0.220933,0.00792,0.011261,0.007628,4.2,13.361
1994-10-07,wheat/winter wheat,2,0.408,0,0.96,71,70.5,0,0,0.1331,0,0.211014,0.220316,0.228303,0.219878,0.007919,0.011259,0.007627,4.1,11.775
1994-10-08,wheat/winter wheat,2,0.408,0,0.96,74.1,73.4,0,0,0.1408,0,0.20963,0.21997,0.228177,0.219259,0.007919,0.011257,0.007626,4.9,3.292
1994-10-09,wheat/winter wheat,2,0.408,0,0.96,78.6,77.8,0,0,0.1468,0,0.207647,0.219471,0.227996,0.218371,0.007918,0.011254,0.007626,4.9,10.264
1994-10-10,wheat/winter wheat,2,0.408,0,0.96,83.4,82.4,0,0,0.1555,0,0.205716,0.218981,0.227821,0.217506,0.007917,0.011252,0.007625,5.1,10.905
1994-10-11,wheat/winter wheat,2,0.408,0,0.96,88.5,87.4,0,0,0.1647,0,0.203429,0.218396,0.227614,0.21648,0.007917,0.01125,0.007625,5.7,11.892
1994-10-12,wheat/winter wheat,2,0.408,0,0.96,94.4,93.1,0,0,0.1746,0,0.200839,0.217728,0.22738,0.215316,0.007916,0.011248,0.007624,8.1,10.871
1994-10-13,wheat/winter wheat,2,0.408,0,0.96,98.5,97,0,0,0.1861,0,0.19982,0.217462,0.227289,0.214857,0.007915,0.011246,0.007624,8.7,2.622
1994-10-14,wheat/winter wheat,2,0.408,0,0.96,105.5,103.9,0,0,0.1938,0,0.197411,0.21683,0.227072,0.213771,0.007914,0.011244,0.007623,10.4,9.403
1994-10-15,wheat/winter wheat,2,0.408,0,0.95,112.5,110.6,0,0,0.2075,0,0.1951,0.216217,0.226866,0.212727,0.007913,0.011241,0.007622,8.9,10.244
1994-10-16,wheat/winter wheat,2,0.408,0,0.95,119.6,117.5,0,0,0.2209,0,0.192578,0.21554,0.226641,0.211586,0.007913,0.011238,0.007622,8.1,8.435
1994-10-17,wheat/winter wheat,2,0.408,0,0.95,125.3,123,0,0,0.2346,0,0.190575,0.214995,0.226464,0.210678,0.007912,0.011236,0.007621,2.7,10.946
1994-10-18,wheat/winter wheat,2,0.408,0,0.95,130.4,127.9,0,0,0.2457,0,0.189081,0.214585,0.226331,0.209999,0.007912,0.011235,0.00762,0.8,7.81
1994-10-19,wheat/winter wheat,2,0.408,0,0.95,136.3,133.6,0,0,0.2555,0,0.186136,0.213771,0.226072,0.20866,0.007911,0.011233,0.00762,2.2,9.137
1994-10-20,wheat/winter wheat,2,0.409,0,0.95,143.1,140.2,0,0,0.2668,0,0.181873,0.212579,0.225697,0.206716,0.007911,0.011231,0.007619,4.4,9.817
1994-10-21,wheat/winter wheat,2,0.409,0,0.94,150.3,147.1,0,0,0.2799,0,0.178506,0.211625,0.225402,0.205178,0.007911,0.01123,0.007619,4.9,9.635
1994-10-22,wheat/winter wheat,2,0.41,0,0.94,159,155.6,0,0,0.2937,0,0.175295,0.210749,0.224954,0.203666,0.00791,0.011228,0.007619,8.1,7.846
1994-10-23,wheat/winter wheat,2,0.411,0,0.95,166.7,162.9,0,0,0.3105,0.1,0.17387,0.210119,0.224629,0.202873,0.007909,0.011226,0.007618,9.7,5.014
1994-10-24,wheat/winter wheat,2,0.412,0,0.94,176.9,172.6,0,0,0.3253,0,0.171815,0.209545,0.224332,0.201898,0.007909,0.011224,0.007618,10.2,8.561
1994-10-25,wheat/winter wheat,2,0.413,0,0.94,187.3,182.5,0,0,0.3445,0,0.169935,0.209015,0.224055,0.201001,0.007908,0.011222,0.007617,9.5,7.885
1994-10-26,wheat/winter wheat,2,0.413,0,0.95,197.2,191.9,0,0,0.3642,1,0.178266,0.208586,0.223829,0.203561,0.007907,0.01122,0.007616,8.4,6.367
1994-10-27,wheat/winter wheat,2,0.414,0,0.95,205.8,200.1,0,0,0.3829,0.5,0.181416,0.208107,0.223576,0.204367,0.007906,0.011217,0.007616,7.9,4.795
1994-10-28,wheat/winter wheat,2,0.415,0,0.95,214.8,208.5,0,0,0.3991,0.3,0.183233,0.20782,0.223423,0.204825,0.007906,0.011215,0.007615,6.7,5.113
1994-10-29,wheat/winter wheat,2,0.416,0,0.95,224.8,217.9,0,0,0.4159,0.1,0.182859,0.207478,0.22324,0.204526,0.007905,0.011213,0.007615,5.8,6.833
1994-10-30,wheat/winter wheat,2,0.417,0,0.87,231.8,224.5,0,0,0.4347,5,0.232056,0.207408,0.223145,0.220869,0.007904,0.011211,0.007614,9.5,2.495
1994-10-31,wheat/winter wheat,2,0.419,0,0.82,239.1,231.2,0,0,0.4477,5.8,0.243215,0.241694,0.23331,0.239406,0.007904,0.011209,0.007614,13.9,2.456
1994-11-01,wheat/winter wheat,2,0.421,0,0.93,250.7,241.9,0,0,0.461,0.8,0.237712,0.240557,0.239089,0.23912,0.007903,0.011206,0.007613,11.1,4.937
1994-11-02,wheat/winter wheat,2,0.422,0,0.97,262.4,252.6,0,0,0.4823,0,0.235579,0.238432,0.238728,0.23758,0.007902,0.011204,0.007612,6.7,6.293
1994-11-03,wheat/winter wheat,2,0.422,0,0.97,271.7,261.1,0,0,0.5035,0,0.234948,0.237335,0.238066,0.236783,0.007901,0.011202,0.007612,2.4,6.335
1994-11-04,wheat/winter wheat,2,0.423,0,0.97,282.8,271.3,0,0,0.5205,0,0.233084,0.236227,0.237264,0.235525,0.007901,0.0112,0.007611,5.1,6.268
1994-11-05,wheat/winter wheat,2,0.424,0,0.97,295.2,282.5,0,0,0.5406,0,0.231504,0.235483,0.236609,0.234532,0.0079,0.011198,0.007611,7.3,5.674
1994-11-06,wheat/winter wheat,2,0.425,0,0.98,308.1,294.2,0,0,0.5629,0,0.230757,0.235138,0.236192,0.234029,0.007899,0.011196,0.00761,7.7,5.727
1994-11-07,wheat/winter wheat,2,0.427,0,0.98,314,299.5,0,0,0.586,0.1,0.230886,0.234891,0.235875,0.233884,0.007899,0.011194,0.00761,7.3,1.211
1994-11-08,wheat/winter wheat,2,0.428,0,0.98,320.1,305,0,0,0.5965,0.2,0.232038,0.234682,0.235615,0.234111,0.007898,0.011192,0.007609,6,1.351
1994-11-09,wheat/winter wheat,2,0.429,0,0.98,329,312.9,0,0,0.6075,0,0.231528,0.234506,0.2354,0.233811,0.007898,0.011191,0.007609,5.4,2.818
1994-11-10,wheat/winter wheat,2,0.43,0,0.98,337.5,320.5,0,0,0.6232,0,0.230975,0.234328,0.235207,0.233503,0.007897,0.011189,0.007608,4.7,2.584
1994-11-11,wheat/winter wheat,2,0.43,0,0.98,348.5,330.2,0,0,0.6381,0,0.229946,0.234012,0.234955,0.232971,0.007897,0.011188,0.007608,2.9,6.486
1994-11-12,wheat/winter wheat,2,0.43,0,0.98,348.3,330.1,0,0,0.6574,0,0.229924,0.234005,0.234903,0.232944,0.007897,0.011187,0.007607,-1.1,2.56
1994-11-13,wheat/winter wheat,2,0.43,0,0.98,348.1,330,0,0,0.6572,0,0.229902,0.233998,0.234856,0.232919,0.007896,0.011186,0.007607,-1.8,4.451
1994-11-14,wheat/winter wheat,2,0.431,0,0.95,355,336.1,0,0,0.657,7.8,0.307443,0.233979,0.234794,0.258739,0.007896,0.011185,0.007607,5.9,1.649
1994-11-15,wheat/winter wheat,2,0.434,0,0.89,366.6,346.2,0,0,0.669,5.3,0.358675,0.233789,0.234525,0.275663,0.007896,0.011184,0.007606,10.9,3.053
1994-11-16,wheat/winter wheat,2,0.436,0,1.38,377.4,355.5,0,0,0.6889,9.9,0.3555,0.246098,0.245918,0.282506,0.007896,0.011183,0.007606,7.8,2.92
1994-11-17,wheat/winter wheat,2,0.438,0,0.94,385.6,362.6,0,0,0.7074,3.2,0.28694,0.246242,0.246232,0.259805,0.007896,0.011181,0.007606,5.8,2.051
1994-11-18,wheat/winter wheat,2,0.439,0,0.99,393.8,369.6,0,0,0.7213,0.5,0.244979,0.245128,0.245186,0.245098,0.007895,0.01118,0.007605,4.4,2.137
1994-11-19,wheat/winter wheat,2,0.439,0,0.99,404.1,378.4,0,0,0.7352,0.3,0.240608,0.241733,0.242346,0.241563,0.007895,0.011179,0.007605,3.9,2.975
1994-11-20,wheat/winter wheat,2,0.442,0,0.99,412.8,385.7,0,0,0.7526,1.9,0.242582,0.242681,0.242671,0.242645,0.007894,0.011177,0.007605,10.2,1.884
1994-11-21,wheat/winter wheat,2,0.445,0,0.99,426.7,397.4,0,0,0.7669,0.3,0.239609,0.240713,0.241215,0.240513,0.007894,0.011176,0.007604,8.2,3.912
1994-11-22,wheat/winter wheat,2,0.446,0,0.98,435.9,405,0,0,0.7899,0,0.237604,0.239092,0.239863,0.238853,0.007893,0.011174,0.007604,5,2.139
1994-11-23,wheat/winter wheat,2,0.447,0,0.98,444.4,412,0,0,0.8049,0,0.236756,0.238085,0.238896,0.237913,0.007893,0.011173,0.007604,2.1,2.168
1994-11-24,wheat/winter wheat,2,0.449,0,0.92,450.4,417,0,0,0.8187,0.9,0.239993,0.239504,0.239274,0.239591,0.007893,0.011172,0.007603,7.7,1.13
1994-11-25,wheat/winter wheat,2,0.451,0,0.95,463.7,427.9,0,0,0.8285,0.8,0.240073,0.240256,0.240057,0.240129,0.007892,0.011171,0.007603,5.7,4.229
1994-11-26,wheat/winter wheat,2,0.452,0,0.97,470.2,433.1,0,0,0.8499,2.1,0.243065,0.242754,0.242366,0.242728,0.007892,0.011169,0.007602,4.8,1.213
1994-11-27,wheat/winter wheat,2,0.454,0,0.98,476.3,438,0,0,0.8602,0,0.239216,0.240452,0.240967,0.240212,0.007891,0.011168,0.007602,6,1.147
1994-11-28,wheat/winter wheat,2,0.456,0,0.98,490.2,449.1,0,0,0.8698,0,0.237442,0.238922,0.239693,0.238685,0.007891,0.011167,0.007602,7.3,4.585
1994-11-29,wheat/winter wheat,2,0.458,0,0.98,498.1,455.4,0,0,0.8915,0,0.236274,0.237848,0.238707,0.23761,0.00789,0.011165,0.007601,6.4,1.535
1994-11-30,wheat/winter wheat,2,0.46,0,1,506.1,461.7,0,0,0.9038,0.1,0.236342,0.237307,0.238068,0.237239,0.00789,0.011164,0.007601,4.7,1.525
1994-12-01,wheat/winter wheat,2,0.46,0,1,505.9,461.5,0,0,0.9162,0,0.236342,0.236701,0.237531,0.236858,0.00789,0.011163,0.007601,-1.5,4.253
1994-12-02,wheat/winter wheat,2,0.46,0,1,505.6,461.4,0,0,0.9159,0,0.236342,0.236288,0.237104,0.236578,0.00789,0.011162,0.0076,-2.9,2.06
1994-12-03,wheat/winter wheat,2,0.46,0,1,505.4,461.3,0,0,0.9157,0,0.236342,0.235989,0.236764,0.236365,0.00789,0.011161,0.0076,-1,3.029
1994-12-04,wheat/winter wheat,2,0.462,0,1,518.3,471.4,0,0,0.9154,0.9,0.244848,0.235762,0.236489,0.239033,0.007889,0.011161,0.0076,5.9,3.721
1994-12-05,wheat/winter wheat,2,0.465,0,0.95,528.5,479.2,0,0,0.9352,1,0.254141,0.235538,0.236212,0.241964,0.007889,0.01116,0.0076,7.7,1.853
1994-12-06,wheat/winter wheat,2,0.467,0,0.92,539.8,487.8,0,0,0.9505,1,0.262754,0.23526,0.235874,0.244629,0.007889,0.011159,0.007599,5.8,2.117
1994-12-07,wheat/winter wheat,2,0.468,0,0.85,552,497.1,0,0,0.9673,0,0.242981,0.242247,0.241003,0.242077,0.007888,0.011158,0.007599,3.4,4.255
1994-12-08,wheat/winter wheat,2,0.47,0,0.99,564.9,506.9,0,0,0.9855,0.4,0.240157,0.240873,0.24093,0.240653,0.007888,0.011157,0.007599,4.9,2.841
1994-12-09,wheat/winter wheat,2,0.472,0,0.97,574.1,513.8,0,0,1.0046,7,0.245591,0.245532,0.245408,0.24551,0.007888,0.011156,0.007599,6.1,1.57
1994-12-10,wheat/winter wheat,2,0.473,0,1,585.2,522.1,0,0,1.018,2.1,0.243666,0.243827,0.243953,0.243815,0.007887,0.011155,0.007598,2.1,2.214
1994-12-11,wheat/winter wheat,2,0.477,0,1,590.3,525.8,0,0,1.0341,1.7,0.242965,0.243137,0.243241,0.243114,0.007887,0.011154,0.007598,10.6,0.848
1994-12-12,wheat/winter wheat,2,0.482,0,0.95,596.9,530.5,0,0,1.0414,10.9,0.250988,0.246173,0.246131,0.247764,0.007887,0.011153,0.007598,11.1,1.09
1994-12-13,wheat/winter wheat,2,0.486,0,0.99,610.5,540.1,0,0,1.0505,1.8,0.243493,0.243918,0.244118,0.243843,0.007886,0.011152,0.007597,7.8,2.172
1994-12-14,wheat/winter wheat,2,0.486,0,0.99,621.5,547.9,0,0,1.0692,0.8,0.241442,0.241992,0.242357,0.24193,0.007886,0.01115,0.007597,2.1,2.026
1994-12-15,wheat/winter wheat,2,0.486,0,1,621.2,547.7,0,0,1.0844,0,0.23888,0.240027,0.240708,0.239872,0.007885,0.011149,0.007597,-0.9,4.366
1994-12-16,wheat/winter wheat,2,0.486,0,1,620.9,547.6,0,0,1.084,0.1,0.239233,0.238238,0.239305,0.238925,0.007885,0.011148,0.007596,-1,1.91
1994-12-17,wheat/winter wheat,2,0.486,0,1,632.8,556,0,0,1.0837,0,0.239233,0.23728,0.238352,0.238288,0.007885,0.011148,0.007596,1.6,3.298
1994-12-18,wheat/winter wheat,2,0.486,0,1,644.3,564.1,0,0,1.1001,0,0.239233,0.236684,0.237683,0.237866,0.007885,0.011147,0.007596,0.4,3.775
1994-12-19,wheat/winter wheat,2,0.487,0,1,651.1,568.9,0,0,1.1158,0,0.239233,0.236276,0.237193,0.237567,0.007885,0.011147,0.007596,1.3,1.164
1994-12-20,wheat/winter wheat,2,0.487,0,1,650.8,568.8,0,0,1.1252,0,0.239233,0.23598,0.236819,0.237344,0.007885,0.011146,0.007596,-0.6,2.662
1994-12-21,wheat/winter wheat,2,0.487,0,0.92,657.4,573.4,0,0,1.1249,0,0.239087,0.235727,0.236496,0.237103,0.007885,0.011146,0.007596,1.2,1.087
1994-12-22,wheat/winter wheat,2,0.487,0,0.9,664.1,578.2,0,0,1.1339,0,0.238856,0.23551,0.236216,0.236861,0.007885,0.011145,0.007595,1.4,1.112
1994-12-23,wheat/winter wheat,2,0.487,0,1,675.7,586.3,0,0,1.1431,0,0.238856,0.235381,0.236032,0.236756,0.007885,0.011145,0.007595,0,2.348
1994-12-24,wheat/winter wheat,2,0.487,0,0.9,675.3,586.1,0,0,1.1589,0,0.238841,0.23527,0.235874,0.236662,0.007885,0.011145,0.007595,-2.6,0.877
1994-12-25,wheat/winter wheat,2,0.487,0,0.9,675,586,0,0,1.1586,0,0.238835,0.235178,0.235742,0.236585,0.007885,0.011145,0.007595,-3.2,0.853
1994-12-26,wheat/winter wheat,2,0.487,0,0.9,674.7,585.8,0,0,1.1583,0,0.23883,0.2351,0.235629,0.23652,0.007885,0.011144,0.007595,-0.8,1.814
1994-12-27,wheat/winter wheat,2,0.488,0,1,682.3,591.1,0,0,1.1579,7,0.308114,0.235034,0.235531,0.259559,0.007885,0.011144,0.007595,3.2,1.246
1994-12-28,wheat/winter wheat,2,0.49,0,1,690.8,597,0,0,1.1683,1.7,0.324574,0.234975,0.235445,0.264998,0.007884,0.011144,0.007595,4.5,1.413
1994-12-29,wheat/winter wheat,2,0.494,0,0.94,700.3,603.5,0,0,1.1797,0.3,0.32642,0.234752,0.23519,0.265454,0.007884,0.011143,0.007595,11,1.428
1994-12-30,wheat/winter wheat,2,0.497,0,0.93,715.8,614,0,0,1.1923,2.7,0.251594,0.245914,0.245734,0.247748,0.007884,0.011142,0.007594,7.4,2.402
1994-12-31,wheat/winter wheat,2,0.499,0,0.99,725.3,620.4,0,0,1.2125,0.7,0.242186,0.242951,0.243309,0.242815,0.007884,0.011141,0.007594,5.1,1.433
1995-01-01,wheat/winter wheat,2,0.499,0,0.86,738,628.8,0,0,1.2248,2.5,0.243694,0.243634,0.24361,0.243646,0.007883,0.01114,0.007594,1.3,2.187
1995-01-02,wheat/winter wheat,2,0.499,0,1,737.6,628.6,0,0,1.2412,0.7,0.24153,0.241939,0.242228,0.241899,0.007883,0.01114,0.007594,-0.9,1.779
1995-01-03,wheat/winter wheat,2,0.499,0,1,737.3,628.4,0,0,1.2408,0.2,0.243726,0.239086,0.240192,0.241001,0.007883,0.011139,0.007594,-1.8,4.992
1995-01-04,wheat/winter wheat,2,0.499,0,1,737,628.3,0,0,1.2405,0,0.243726,0.237757,0.238914,0.240132,0.007883,0.011139,0.007593,-7.3,5.04
1995-01-05,wheat/winter wheat,2,0.499,0,1,736.8,628.2,0,0,1.2402,0,0.243726,0.236989,0.238068,0.239594,0.007883,0.011138,0.007593,-6.6,2.899
1995-01-06,wheat/winter wheat,2,0.499,0,1,736.5,628.1,0,0,1.24,0,0.243726,0.236488,0.237471,0.239228,0.007883,0.011138,0.007593,-8.8,4.263
1995-01-07,wheat/winter wheat,2,0.499,0,1,736.3,628,0,0,1.2398,0,0.243726,0.236136,0.23703,0.238964,0.007883,0.011138,0.007593,-6.1,1.882
1995-01-08,wheat/winter wheat,2,0.499,0,1,736,627.8,0,0,1.2395,0,0.243726,0.235875,0.236691,0.238764,0.007883,0.011138,0.007593,-5.7,2.377
1995-01-09,wheat/winter wheat,2,0.499,0,1,735.7,627.7,0,0,1.2392,0.8,0.252675,0.235673,0.236422,0.24159,0.007883,0.011138,0.007593,-2.4,1.894
1995-01-10,wheat/winter wheat,2,0.5,0,0.83,745,633.9,0,0,1.2389,3.1,0.283701,0.235474,0.236175,0.251783,0.007883,0.011138,0.007593,1.7,1.496
1995-01-11,wheat/winter wheat,2,0.5,0,0.46,754.6,640.3,0,0,1.251,0,0.2836,0.235276,0.235941,0.251606,0.007883,0.011138,0.007593,0.3,1.628
1995-01-12,wheat/winter wheat,2,0.5,0,0.47,754.2,640.1,0,0,1.2633,0,0.283597,0.235182,0.235793,0.251524,0.007883,0.011138,0.007593,-0.9,1.753
1995-01-13,wheat/winter wheat,2,0.5,0,0.47,753.8,639.9,0,0,1.2629,0,0.283593,0.235179,0.235607,0.25146,0.007883,0.011138,0.007593,-2,3.086
1995-01-14,wheat/winter wheat,2,0.5,0,0.47,753.5,639.7,0,0,1.2626,0,0.283591,0.235178,0.235459,0.251409,0.007883,0.011138,0.007593,-1.5,1.828
1995-01-15,wheat/winter wheat,2,0.5,0,1,762.6,645.8,0,0,1.2623,1,0.292768,0.235178,0.235338,0.254428,0.007883,0.011138,0.007593,1.8,1.396
1995-01-16,wheat/winter wheat,2,0.501,0,1,779.5,657,0,0,1.274,0,0.292768,0.235178,0.235237,0.254394,0.007883,0.011138,0.007593,2.3,3.063
1995-01-17,wheat/winter wheat,2,0.501,0,0.96,795.3,667.5,0,0,1.2957,0,0.292655,0.235153,0.235134,0.254314,0.007883,0.011137,0.007593,0.3,5.423
1995-01-18,wheat/winter wheat,2,0.501,0,0.88,794.9,667.3,0,0,1.316,0,0.292633,0.235148,0.23506,0.25428,0.007883,0.011137,0.007593,-0.5,5.147
1995-01-19,wheat/winter wheat,2,0.501,0,1,794.5,667.1,0,0,1.3156,0.3,0.295051,0.235148,0.234998,0.255066,0.007883,0.011137,0.007593,-2.5,1.312
1995-01-20,wheat/winter wheat,2,0.501,0,1,794.2,667,0,0,1.3153,1.2,0.308209,0.235148,0.234944,0.259434,0.007883,0.011137,0.007593,-1.6,3.592
1995-01-21,wheat/winter wheat,2,0.501,0,1,811.8,678.7,0,0,1.3149,1.1,0.319411,0.235148,0.234897,0.263152,0.007883,0.011137,0.007592,1.1,3.709
1995-01-22,wheat/winter wheat,2,0.502,0,1,825.7,687.9,0,0,1.3375,8.6,0.405174,0.235148,0.234854,0.291726,0.007883,0.011137,0.007592,2.7,2.318
1995-01-23,wheat/winter wheat,2,0.504,0,0.91,845.5,700.8,0,0,1.3553,3,0.433073,0.234856,0.234605,0.300845,0.007883,0.011137,0.007592,5.3,3.218
1995-01-24,wheat/winter wheat,2,0.505,0,1.62,862.7,712.1,0,0,1.3803,2,0.443907,0.234856,0.234588,0.30445,0.007883,0.011137,0.007592,3.9,2.823
1995-01-25,wheat/winter wheat,2,0.506,0,1,875.8,720.6,0,0,1.402,1.6,0.349355,0.334856,0.234572,0.306261,0.007883,0.011136,0.007592,2.6,1.976
1995-01-26,wheat/winter wheat,2,0.509,0,0.98,891.3,730.5,0,0,1.4184,6.7,0.330842,0.434646,0.234463,0.333317,0.007883,0.011136,0.007592,7.1,2.139
1995-01-27,wheat/winter wheat,2,0.51,0,0.98,912.4,744,0,0,1.4375,2.4,0.318281,0.47031,0.234451,0.341014,0.007883,0.011136,0.007592,1.7,4.624
1995-01-28,wheat/winter wheat,2,0.511,0,0.99,925.2,752.1,0,0,1.4635,2.5,0.246147,0.466362,0.246106,0.319538,0.007882,0.011136,0.007592,3,1.777
1995-01-29,wheat/winter wheat,2,0.514,0,0.99,941.2,762.2,0,0,1.4792,5.8,0.245381,0.423963,0.24625,0.305198,0.007882,0.011136,0.007592,6,2.216
1995-01-30,wheat/winter wheat,2,0.515,0,1,957.2,772.2,0,0,1.4986,1,0.242264,0.336068,0.246273,0.274868,0.007882,0.011136,0.007592,2.9,2.353
1995-01-31,wheat/winter wheat,2,0.515,0,1,956.7,772,0,0,1.5178,0,0.242263,0.246142,0.246144,0.24485,0.007882,0.011136,0.007591,-1,4.124
1995-02-01,wheat/winter wheat,2,0.517,0,0.95,974.2,782.9,0,0,1.5174,0.1,0.24125,0.240254,0.241569,0.241025,0.007882,0.011135,0.007591,5.4,2.422
1995-02-02,wheat/winter wheat,2,0.519,0,0.99,996.6,796.6,0,0,1.5382,0.6,0.239719,0.240135,0.240561,0.240138,0.007881,0.011135,0.007591,5,3.475
1995-02-03,wheat/winter wheat,2,0.519,0,0.99,1019.7,810.9,0,0,1.5647,0,0.23739,0.238748,0.239441,0.238527,0.007881,0.011134,0.007591,0.4,4.811
1995-02-04,wheat/winter wheat,2,0.521,0,0.98,1037.3,821.6,0,0,1.592,5.5,0.244982,0.244829,0.244574,0.244795,0.007881,0.011134,0.007591,4.2,2.346
1995-02-05,wheat/winter wheat,2,0.523,0,0.99,1068,840.2,0,0,1.6127,0.1,0.239212,0.241006,0.241775,0.240664,0.007881,0.011133,0.007591,4.9,5.123
1995-02-06,wheat/winter wheat,2,0.527,0,0.99,1081.6,848.3,0,0,1.6482,0,0.23725,0.239039,0.239996,0.238762,0.007881,0.011132,0.007591,7.6,1.362
1995-02-07,wheat/winter wheat,2,0.529,0,0.97,1095.9,856.8,0,0,1.6637,3.5,0.243808,0.243598,0.243259,0.243555,0.00788,0.011132,0.00759,6.3,1.366
1995-02-08,wheat/winter wheat,2,0.529,0,1,1112.8,866.7,0,0,1.6799,2.2,0.243606,0.243605,0.243573,0.243595,0.00788,0.011131,0.00759,0.6,2.24
1995-02-09,wheat/winter wheat,2,0.529,0,1,1112.2,866.4,0,0,1.6989,0,0.243606,0.23971,0.240861,0.241392,0.00788,0.01113,0.00759,-1.2,7.553
1995-02-10,wheat/winter wheat,2,0.529,0,1,1111.7,866.1,0,0,1.6984,0,0.243606,0.238082,0.239302,0.24033,0.00788,0.01113,0.00759,-1.2,6.329
1995-02-11,wheat/winter wheat,2,0.53,0,1,1134.9,879.7,0,0,1.6979,2.7,0.270015,0.237187,0.23832,0.248507,0.00788,0.011129,0.00759,2.5,3.585
1995-02-12,wheat/winter wheat,2,0.534,0,0.95,1170.9,900.5,0,0,1.7239,3.8,0.305555,0.236188,0.237246,0.259663,0.00788,0.011129,0.00759,7.3,5.413
1995-02-13,wheat/winter wheat,2,0.537,0,0.99,1211,923.4,0,0,1.7636,0,0.243566,0.244484,0.24449,0.24418,0.007879,0.011129,0.007589,6.2,7.763
1995-02-14,wheat/winter wheat,2,0.54,0,0.99,1241.9,940.7,0,0,1.8072,1,0.24117,0.242039,0.242467,0.241892,0.007879,0.011128,0.007589,6.8,4.282
1995-02-15,wheat/winter wheat,2,0.543,0,1,1267.4,954.9,0,0,1.8402,4.9,0.244678,0.244759,0.244702,0.244713,0.007879,0.011127,0.007589,5.5,3.118
1995-02-16,wheat/winter wheat,2,0.546,0,0.99,1313,979.9,0,0,1.8672,2.4,0.242404,0.243288,0.243561,0.243085,0.007879,0.011126,0.007589,6.9,7.931
1995-02-17,wheat/winter wheat,2,0.549,0,0.99,1345.7,997.6,0,0,1.9147,3.6,0.243305,0.243904,0.244026,0.243745,0.007878,0.011126,0.007589,5.7,4.447
1995-02-18,wheat/winter wheat,2,0.551,0,1,1377.9,1014.9,0,0,1.9482,0.6,0.240416,0.241387,0.24192,0.241241,0.007878,0.011125,0.007589,4.2,4.64
1995-02-19,wheat/winter wheat,2,0.553,0,0.99,1412.1,1033.1,0,0,1.9811,1.5,0.242141,0.242036,0.242017,0.242064,0.007877,0.011124,0.007588,4.5,4.868
1995-02-20,wheat/winter wheat,2,0.556,0,0.99,1463.5,1060,0,0,2.0155,9.6,0.244225,0.245262,0.245492,0.244993,0.007877,0.011123,0.007588,6.6,7.976
1995-02-21,wheat/winter wheat,2,0.56,0,0.99,1518.2,1088.1,0,0,2.0665,5.2,0.243581,0.244525,0.244786,0.244297,0.007877,0.011122,0.007588,7.9,8.247
1995-02-22,wheat/winter wheat,2,0.563,0,0.99,1568.4,1113.7,0,0,2.1198,0.1,0.237773,0.240248,0.241321,0.239781,0.007876,0.011121,0.007588,4.9,10.218
1995-02-23,wheat/winter wheat,2,0.564,0,0.99,1605.7,1132.6,0,0,2.1681,0,0.235051,0.237838,0.239161,0.23735,0.007876,0.01112,0.007587,3.1,5.484
1995-02-24,wheat/winter wheat,2,0.565,0,1,1646.4,1153.1,0,0,2.2038,0.2,0.234857,0.236938,0.238119,0.236638,0.007875,0.011119,0.007587,3,6.533
1995-02-25,wheat/winter wheat,2,0.566,0,0.99,1682.1,1171,0,0,2.2425,7.4,0.245488,0.245326,0.245092,0.245302,0.007875,0.011118,0.007587,2.3,5.251
1995-02-26,wheat/winter wheat,2,0.566,0,1,1681.4,1170.6,0,0,2.2764,8.6,0.246139,0.246128,0.246113,0.246127,0.007875,0.011117,0.007587,-0.7,2.857
1995-02-27,wheat/winter wheat,2,0.566,0,0.93,1719.8,1189.9,0,0,2.2757,0,0.240425,0.241748,0.242483,0.241552,0.007875,0.011116,0.007586,0.6,7.12
1995-02-28,wheat/winter wheat,2,0.569,0,1,1747.3,1203.6,0,0,2.3121,2.6,0.243537,0.243359,0.243266,0.243387,0.007875,0.011116,0.007586,5.3,1.653
1995-03-01,wheat/winter wheat,2,0.573,0,0.99,1780.2,1219.6,0,0,2.3378,0,0.237529,0.239806,0.24073,0.239355,0.007875,0.011115,0.007586,8.4,2.865
1995-03-02,wheat/winter wheat,2,0.575,0,0.99,1830,1243.5,0,0,2.3679,2.6,0.241722,0.242124,0.24207,0.241972,0.007874,0.011115,0.007586,4.6,7.521
1995-03-03,wheat/winter wheat,2,0.577,0,1,1871.4,1263.2,0,0,2.4129,1.2,0.241434,0.241693,0.241789,0.241639,0.007874,0.011114,0.007586,3.8,5.394
1995-03-04,wheat/winter wheat,2,0.578,0,0.99,1919.9,1286.3,0,0,2.4501,0,0.237448,0.239258,0.240051,0.238919,0.007874,0.011114,0.007586,2,8.597
1995-03-05,wheat/winter wheat,2,0.579,0,0.99,1977.3,1313.4,0,0,2.4935,0,0.234513,0.237105,0.238303,0.23664,0.007874,0.011113,0.007585,2.6,12.625
1995-03-06,wheat/winter wheat,2,0.581,0,0.98,2029.7,1338,0,0,2.5445,1.2,0.239123,0.238605,0.238383,0.238703,0.007874,0.011113,0.007585,3.7,8.152
1995-03-07,wheat/winter wheat,2,0.582,0,0.99,2087.9,1365.2,0,0,2.5907,0,0.236134,0.23741,0.237759,0.237101,0.007873,0.011112,0.007585,2.6,10.74
1995-03-08,wheat/winter wheat,2,0.582,0,0.99,2146.7,1392.6,0,0,2.6417,0,0.233474,0.235768,0.236645,0.235296,0.007873,0.011111,0.007585,2.2,13.031
1995-03-09,wheat/winter wheat,2,0.583,0,0.99,2202.2,1418.4,0,0,2.6932,0,0.23192,0.234827,0.235861,0.234202,0.007873,0.011111,0.007585,2.1,10.053
1995-03-10,wheat/winter wheat,2,0.584,0,0.99,2266.4,1448,0,0,2.7415,0,0.229761,0.233722,0.234967,0.232817,0.007873,0.01111,0.007585,3,14.236
1995-03-11,wheat/winter wheat,2,0.584,0,0.99,2324.7,1474.9,0,0,2.7971,0,0.228545,0.233114,0.234505,0.232054,0.007872,0.011109,0.007584,1,13.697
1995-03-12,wheat/winter wheat,2,0.585,0,0.99,2379.2,1500,0,0,2.8476,0,0.227163,0.232416,0.23402,0.231199,0.007872,0.011108,0.007584,1.6,9.782
1995-03-13,wheat/winter wheat,2,0.586,0,0.99,2419.1,1518.2,0,0,2.8947,0,0.225882,0.231764,0.233576,0.230407,0.007872,0.011108,0.007584,2.2,3.463
1995-03-14,wheat/winter wheat,2,0.586,0,0.99,2418.2,1517.8,0,0,2.929,0,0.225837,0.231741,0.23356,0.230379,0.007872,0.011107,0.007584,-3.2,9.278
1995-03-15,wheat/winter wheat,2,0.586,0,1,2417.2,1517.3,0,0,2.9282,0.1,0.225837,0.231741,0.23356,0.230379,0.007872,0.011107,0.007584,-0.6,7.915
1995-03-16,wheat/winter wheat,2,0.586,0,1,2456.8,1535.4,0,0,2.9272,1.7,0.242117,0.231741,0.23356,0.235806,0.007872,0.011106,0.007584,0.4,3.518
1995-03-17,wheat/winter wheat,2,0.587,0,0.99,2508.1,1558.8,0,0,2.9612,4.1,0.281278,0.231536,0.233392,0.248735,0.007872,0.011106,0.007583,3.7,5.82
1995-03-18,wheat/winter wheat,2,0.59,0,0.97,2568,1585.7,0,0,3.0049,1.5,0.291904,0.230659,0.232673,0.251746,0.007871,0.011106,0.007583,5.4,7.31
1995-03-19,wheat/winter wheat,2,0.592,0,0.98,2631.2,1613.8,0,0,3.0553,6.2,0.350813,0.23035,0.23242,0.271194,0.007871,0.011105,0.007583,3.5,9.112
1995-03-20,wheat/winter wheat,2,0.594,0,0.98,2687.9,1638.8,0,0,3.1078,4.2,0.289648,0.245729,0.24555,0.260309,0.007871,0.011105,0.007583,3.1,7.041
1995-03-21,wheat/winter wheat,2,0.596,0,0.99,2762.1,1671.3,0,0,3.1546,0,0.242334,0.243644,0.244112,0.243363,0.007871,0.011104,0.007583,4.1,11.497
1995-03-22,wheat/winter wheat,2,0.597,0,1,2835.8,1703.3,0,0,3.2153,0.5,0.238465,0.240205,0.241131,0.239933,0.007871,0.011104,0.007583,2.9,12.499
1995-03-23,wheat/winter wheat,2,0.601,0,1,2928.9,1742.9,0,0,3.275,0.1,0.234276,0.23712,0.238541,0.236646,0.007871,0.011103,0.007583,7.1,13.321
1995-03-24,wheat/winter wheat,2,0.607,0,0.99,3034.6,1786.7,0,0,3.3489,0,0.229041,0.233742,0.235792,0.232858,0.00787,0.011103,0.007583,9.2,14.398
1995-03-25,wheat/winter wheat,2,0.611,0,1,3103.5,1814.8,0,0,3.4303,8,0.244354,0.244562,0.244399,0.244439,0.00787,0.011102,0.007582,5.9,7.574
1995-03-26,wheat/winter wheat,2,0.613,0,1,3183.4,1846.9,0,0,3.4824,1.1,0.240017,0.24132,0.241939,0.241092,0.00787,0.011101,0.007582,4.6,11.465
1995-03-27,wheat/winter wheat,2,0.614,0,0.99,3245.7,1871.9,0,0,3.5421,13.4,0.270667,0.245974,0.245966,0.254202,0.007869,0.0111,0.007582,2,7.958
1995-03-28,wheat/winter wheat,2,0.614,0,1,3244.3,1871.1,0,0,3.5885,0.4,0.244132,0.244257,0.244366,0.244252,0.007869,0.011099,0.007582,-0.3,7.868
1995-03-29,wheat/winter wheat,2,0.614,0,0.93,3305.2,1895.5,0,0,3.5871,0.3,0.240325,0.241247,0.241855,0.241142,0.007869,0.011099,0.007582,0.5,8.825
1995-03-30,wheat/winter wheat,2,0.615,0,1,3388.4,1928.8,0,0,3.6324,0,0.235423,0.237899,0.23915,0.237491,0.007869,0.011098,0.007581,2,15.615
1995-03-31,wheat/winter wheat,2,0.616,0,1,3466,1959.5,0,0,3.6941,2,0.240737,0.240419,0.240124,0.240427,0.007869,0.011098,0.007581,3,11.765
1995-04-01,wheat/winter wheat,2,0.621,0,1,3573.5,2001.2,0,0,3.7511,0.3,0.235716,0.237709,0.238483,0.237303,0.007869,0.011097,0.007581,7,15.201
1995-04-02,wheat/winter wheat,2,0.627,0,1,3656.1,2032.3,0,0,3.8282,0.9,0.235586,0.236462,0.237078,0.236376,0.007868,0.011097,0.007581,9.7,9.157
1995-04-03,wheat/winter wheat,2,0.633,0,1,3728.5,2058.6,0,0,3.8854,0,0.232432,0.234475,0.235573,0.23416,0.007868,0.011096,0.007581,9.5,6.266
1995-04-04,wheat/winter wheat,2,0.638,0,1,3832.9,2095.7,0,0,3.9339,3.1,0.240236,0.240111,0.239101,0.239816,0.007868,0.011095,0.007581,6.6,13.781
1995-04-05,wheat/winter wheat,2,0.64,0,1,3941.4,2133.9,0,0,4.0022,0,0.234612,0.236925,0.237562,0.236366,0.007867,0.011095,0.00758,4.2,18.064
1995-04-06,wheat/winter wheat,2,0.646,0,1,4014.1,2158.7,0,0,4.0723,1.1,0.23765,0.237273,0.237229,0.237384,0.007867,0.011094,0.00758,8.5,6.095
1995-04-07,wheat/winter wheat,2,0.65,0,1,4078,2180,0,0,4.1178,5.8,0.244247,0.244293,0.244053,0.244197,0.007867,0.011093,0.00758,7,4.115
1995-04-08,wheat/winter wheat,2,0.653,0,1,4163,2207.9,0,0,4.1567,0.3,0.23725,0.239548,0.240632,0.239143,0.007866,0.011092,0.00758,4.2,10.312
1995-04-09,wheat/winter wheat,2,0.655,0,1,4257.2,2238.5,0,0,4.2079,0,0.232943,0.236065,0.237718,0.235575,0.007866,0.011091,0.00758,3.5,13.765
1995-04-10,wheat/winter wheat,2,0.657,0,1,4372.4,2275.4,0,0,4.2639,0,0.229021,0.233461,0.235439,0.23264,0.007865,0.01109,0.007579,4.7,17.97
1995-04-11,wheat/winter wheat,2,0.66,0,1,4454.8,2301.5,0,0,4.3313,0.4,0.228269,0.23296,0.234965,0.232065,0.007865,0.011088,0.007579,4.5,8.551
1995-04-12,wheat/winter wheat,2,0.664,0,1,4539.8,2327.7,0,0,4.3787,0,0.226088,0.231633,0.233969,0.230564,0.007865,0.011087,0.007579,5.7,8.464
1995-04-13,wheat/winter wheat,2,0.666,0,1,4614.5,2350.6,0,0,4.4266,0,0.224469,0.230643,0.233264,0.229459,0.007864,0.011086,0.007578,3.2,6.833
1995-04-14,wheat/winter wheat,2,0.67,0,1,4751.8,2391.7,0,0,4.4683,0,0.219378,0.227518,0.231033,0.225976,0.007864,0.011085,0.007578,6.4,21.218
1995-04-15,wheat/winter wheat,2,0.674,0,1,4843.7,2418.6,0,0,4.543,11.8,0.244479,0.244772,0.24469,0.244647,0.007863,0.011084,0.007578,5.8,11.212
1995-04-16,wheat/winter wheat,2,0.676,0,1,4925.7,2442.3,0,0,4.5918,3.1,0.243582,0.243821,0.243948,0.243784,0.007863,0.011083,0.007578,4,8.048
1995-04-17,wheat/winter wheat,2,0.678,0,1,5014.7,2467.7,0,0,4.6348,3.9,0.244138,0.244246,0.244284,0.244223,0.007862,0.011082,0.007577,3.1,10.287
1995-04-18,wheat/winter wheat,2,0.683,0,0.99,5108.2,2493.7,0,0,4.6809,13.2,0.270623,0.245665,0.245774,0.254021,0.007862,0.011081,0.007577,7.4,8.859
1995-04-19,wheat/winter wheat,2,0.686,0,1,5200.6,2518.8,0,0,4.7278,3,0.24425,0.244651,0.24485,0.244584,0.007862,0.01108,0.007577,5.2,8.567
1995-04-20,wheat/winter wheat,2,0.69,0,1,5292.8,2543.4,0,0,4.7732,9.8,0.245515,0.245735,0.245832,0.245694,0.007861,0.011079,0.007577,5.2,8.12
1995-04-21,wheat/winter wheat,2,0.693,0,1,5405.1,2572.6,0,0,4.8176,0,0.237475,0.239847,0.241092,0.239472,0.007861,0.011077,0.007576,5.4,12.584
1995-04-22,wheat/winter wheat,3,0.705,0,1,5592.1,2619.3,0,0,4.8703,0,0.225497,0.231315,0.234405,0.230406,0.00786,0.011076,0.007576,16,22.876
1995-04-23,wheat/winter wheat,3,0.718,0,1,5771.7,2664.1,0,0,4.9541,0,0.210818,0.221967,0.227673,0.220152,0.007859,0.011074,0.007576,19.5,22.619
1995-04-24,wheat/winter wheat,3,0.73,0,1,5972.3,2713.9,0,0,5.0343,0,0.199537,0.21473,0.222459,0.212242,0.007859,0.011072,0.007575,17.3,22.091
1995-04-25,wheat/winter wheat,3,0.741,0,1,6181.5,2765.7,0,0,5.1234,0,0.187593,0.207013,0.216891,0.203832,0.007858,0.01107,0.007575,16.7,23.603
1995-04-26,wheat/winter wheat,3,0.748,0,1,6373,2813.1,0,0,5.2161,0,0.180698,0.202489,0.213621,0.198936,0.007856,0.011068,0.007574,11.7,21.667
1995-04-27,wheat/winter wheat,3,0.753,0,1,6472.8,2837.8,0,0,5.3008,0,0.178867,0.201273,0.212742,0.197627,0.007855,0.011065,0.007573,6.7,7.244
1995-04-28,wheat/winter wheat,3,0.757,0,1,6578,2863.7,0,0,5.3448,0,0.175462,0.199004,0.211099,0.195188,0.007854,0.011062,0.007573,7,7.969
1995-04-29,wheat/winter wheat,3,0.761,0,1,6764.5,2909.8,0,0,5.3912,0,0.169238,0.19483,0.208076,0.190715,0.007853,0.01106,0.007572,6.5,24.08
1995-04-30,wheat/winter wheat,3,0.767,0,1,6963.1,2958.7,0,0,5.4732,0,0.161561,0.189639,0.204302,0.185167,0.007852,0.011057,0.007572,9.9,23.29
1995-05-01,wheat/winter wheat,3,0.775,0,1,7162.9,3007.8,0,0,5.5604,0,0.153397,0.184057,0.200219,0.179224,0.007852,0.011054,0.007571,10.6,23.159
1995-05-02,wheat/winter wheat,3,0.78,0,1,7369.7,3058.6,0,0,5.6479,0,0.146534,0.178619,0.196215,0.173789,0.007851,0.011052,0.00757,8.9,26.104
1995-05-03,wheat/winter wheat,3,0.789,0,1,7584.2,3111.2,0,0,5.7382,0,0.140087,0.17281,0.191914,0.16827,0.00785,0.011049,0.00757,11.7,25.051
1995-05-04,wheat/winter wheat,3,0.799,0,1,7785.1,3160.4,0,0,5.8316,0,0.132888,0.16546,0.186452,0.1616,0.007849,0.011047,0.007569,14.8,22.532
1995-05-05,wheat/winter wheat,3,0.81,0,1,7981.1,3208.3,0,0,5.9187,0,0.126988,0.158504,0.18126,0.155584,0.007848,0.011044,0.007568,15.4,22.624
1995-05-06,wheat/winter wheat,3,0.821,0,1,8193,3259.9,0,0,6.0034,0,0.120622,0.150166,0.174623,0.148471,0.007848,0.011041,0.007567,14.9,24.382
1995-05-07,wheat/winter wheat,3,0.828,0,1,8367.2,3302.2,0,0,6.0946,0,0.11706,0.145295,0.170052,0.144136,0.007847,0.011039,0.007567,10.7,19.547
1995-05-08,wheat/winter wheat,3,0.837,0,1,8486.7,3331.2,0,0,6.1694,2.7,0.133788,0.14401,0.168721,0.14884,0.007846,0.011036,0.007566,11.9,11.504
1995-05-09,wheat/winter wheat,3,0.843,0,1,8596.3,3357.8,0,0,6.2206,5.9,0.182819,0.143673,0.168349,0.164947,0.007845,0.011034,0.007565,8.7,9.23
1995-05-10,wheat/winter wheat,3,0.848,0,0.99,8738.6,3392.3,0,0,6.2675,0,0.178072,0.141419,0.16584,0.161777,0.007843,0.011031,0.007564,7.4,15.046
1995-05-11,wheat/winter wheat,3,0.853,0,0.99,8893.8,3429.8,0,0,6.3282,0,0.172438,0.138841,0.16283,0.158036,0.007842,0.011029,0.007564,7.6,17.521
1995-05-12,wheat/winter wheat,3,0.859,0,1,9009.7,3457.8,0,0,6.3943,3.5,0.196616,0.138544,0.162464,0.165875,0.007841,0.011027,0.007563,8.1,10.132
1995-05-13,wheat/winter wheat,3,0.864,0,1,9100.4,3479.7,0,0,6.4435,13.3,0.245869,0.21197,0.162464,0.206768,0.00784,0.011024,0.007562,7.1,1.567
1995-05-14,wheat/winter wheat,3,0.869,0,0.99,9218.6,3508.2,0,0,6.482,0,0.236348,0.214686,0.160496,0.203843,0.007839,0.011021,0.007562,7.6,10.695
1995-05-15,wheat/winter wheat,3,0.875,0,0.99,9394,3550.4,0,0,6.532,0,0.228538,0.209976,0.156946,0.198486,0.007838,0.011018,0.007561,8.2,20.719
1995-05-16,wheat/winter wheat,3,0.883,0,0.99,9550.7,3588.1,0,0,6.6061,0.2,0.222608,0.205984,0.154291,0.194295,0.007837,0.011015,0.007561,10.3,16.615
1995-05-17,wheat/winter wheat,3,0.892,0,1,9649.5,3611.8,0,0,6.6721,1.1,0.222132,0.205663,0.154087,0.193961,0.007836,0.011012,0.00756,11.5,8.042
1995-05-18,wheat/winter wheat,3,0.9,0,1,9766.7,3639.9,0,0,6.7136,7.3,0.243163,0.238872,0.157818,0.213284,0.007835,0.01101,0.007559,10.9,10.05
1995-05-19,wheat/winter wheat,3,0.906,0,1,9927,3678.2,0,0,6.7627,0.5,0.234547,0.23582,0.158709,0.209692,0.007834,0.011007,0.007559,8.5,17.648
1995-05-20,wheat/winter wheat,3,0.914,0,1,10103.8,3720.4,0,0,6.8297,0,0.226971,0.230373,0.155378,0.204241,0.007833,0.011004,0.007558,10.4,19.606
1995-05-21,wheat/winter wheat,3,0.921,0,1,10297.6,3766.6,0,0,6.9033,0,0.218643,0.224556,0.151701,0.1983,0.007832,0.011001,0.007558,9.1,22.9
1995-05-22,wheat/winter wheat,3,0.928,0,1,10522.9,3820.3,0,0,6.9839,0,0.208268,0.21729,0.147395,0.190984,0.007831,0.010999,0.007557,9.3,29.302
1995-05-23,wheat/winter wheat,3,0.939,0,1,10730.9,3869.7,0,0,7.0773,0,0.197712,0.209872,0.143331,0.183638,0.00783,0.010996,0.007557,13.3,24.409
1995-05-24,wheat/winter wheat,3,0.952,0,1,10963,3924.7,0,0,7.1631,0,0.183103,0.199575,0.13811,0.173596,0.007829,0.010993,0.007556,16,28.384
1995-05-25,wheat/winter wheat,3,0.965,0,1,11197.9,3980.2,0,0,7.2584,0,0.168116,0.188834,0.133206,0.163385,0.007827,0.01099,0.007556,16.7,29.225
1995-05-26,wheat/winter wheat,3,0.98,0,1,11390.8,4025.7,0,0,7.3545,0,0.154767,0.179164,0.129191,0.154374,0.007826,0.010986,0.007555,18.2,24.662
1995-05-27,wheat/winter wheat,3,0.997,0,1,11529.9,4058.3,0,0,7.4329,0.8,0.144773,0.170854,0.126074,0.147234,0.007825,0.010983,0.007555,20.3,20.7
1995-05-28,wheat/winter wheat,3,1.012,0,1,11730.5,4105.3,0,0,7.4891,0,0.133508,0.159418,0.122132,0.138353,0.007824,0.01098,0.007554,18.1,26.006
1995-05-29,wheat/winter wheat,3,1.03,0,1,11929.2,4151.6,0,0,7.5697,0,0.122559,0.145791,0.117742,0.128697,0.007823,0.010977,0.007554,20.6,27.388
1995-05-30,wheat/winter wheat,3,1.044,0,1,12010.3,4170.5,0,0,7.6492,16,0.243724,0.168726,0.117742,0.176731,0.007821,0.010973,0.007553,16.7,8.348
1995-05-31,wheat/winter wheat,3,1.056,0,1,12083,4187.3,0,0,7.6814,3,0.242753,0.183657,0.117742,0.181384,0.007819,0.010968,0.007553,14.9,5.56
1995-06-01,wheat/winter wheat,3,1.068,0,1,12159.9,4205.1,0,0,7.7102,0.4,0.23874,0.186546,0.117621,0.180969,0.007818,0.010964,0.007552,14.1,5.375
1995-06-02,wheat/winter wheat,3,1.076,0,1,12253.5,4226.7,0,0,7.7406,20.6,0.32812,0.244936,0.15923,0.244096,0.007817,0.010959,0.007551,10,5.062
1995-06-03,wheat/winter wheat,3,1.087,0,1,12434.2,4268.4,0,0,7.7774,0,0.237879,0.240194,0.234385,0.237486,0.007815,0.010955,0.00755,13.1,20.926
1995-06-04,wheat/winter wheat,3,1.099,0,1,12585.5,4303.2,0,0,7.8482,0.2,0.227804,0.232077,0.231419,0.230433,0.007813,0.01095,0.007549,14.9,18.575
1995-06-05,wheat/winter wheat,4,1.1,0,1,12796.9,4348,15.9,13.5,7.9071,2,0.222492,0.22638,0.227225,0.225366,0.007812,0.010946,0.007548,16,24.868
1995-06-06,wheat/winter wheat,4,1.1,0,1,12895.8,4367.3,30.4,25.8,7.9827,7.7,0.244267,0.243113,0.240595,0.242658,0.00781,0.010942,0.007547,14.6,9.76
1995-06-07,wheat/winter wheat,4,1.1,0,1,13013,4388.2,55.9,47.6,8.0152,6.9,0.243414,0.243868,0.244046,0.243776,0.007808,0.010937,0.007545,15,12.439
1995-06-08,wheat/winter wheat,4,1.1,0,1,13223.6,4422.6,115,97.7,8.0501,2.2,0.234082,0.236696,0.238452,0.23641,0.007807,0.010933,0.007544,13.3,23.656
1995-06-09,wheat/winter wheat,4,1.1,0,1,13325.3,4438.1,148.2,126,8.1076,6.2,0.244518,0.244009,0.243538,0.244022,0.007805,0.010929,0.007543,10.4,7.348
1995-06-10,wheat/winter wheat,4,1.1,0,1,13503.7,4462.8,217.3,184.7,8.1334,0.2,0.232439,0.235683,0.237642,0.235254,0.007803,0.010924,0.007542,13.2,19.52
1995-06-11,wheat/winter wheat,4,1.1,0,1,13601.4,4475.1,260,221,8.1742,12,0.246114,0.245949,0.245791,0.245951,0.007802,0.01092,0.007541,11.2,7.377
1995-06-12,wheat/winter wheat,4,1.1,0,1,13738.3,4490.6,327.5,278.4,8.1946,2.9,0.241716,0.242419,0.242912,0.242349,0.0078,0.010916,0.00754,12.8,13.371
1995-06-13,wheat/winter wheat,4,1.1,0,1,13830.8,4499.9,377.8,321.1,8.2201,28.5,0.370313,0.246226,0.246184,0.287574,0.0078,0.010912,0.007539,11.5,4.339
1995-06-14,wheat/winter wheat,4,1.1,0,1,14044.7,4518.4,507.3,431.2,8.2355,0,0.299017,0.239827,0.241465,0.260103,0.007799,0.010909,0.007538,14.3,23.558
1995-06-15,wheat/winter wheat,4,1.1,0,1,14149.8,4526.3,576,489.6,8.2657,1.7,0.245383,0.245203,0.245066,0.245217,0.007798,0.010905,0.007537,11.7,8.44
1995-06-16,wheat/winter wheat,4,1.1,0,1,14313.4,4536.5,691.6,587.8,8.2785,2.9,0.239375,0.240627,0.241484,0.240495,0.007796,0.010901,0.007536,12.4,17.789
1995-06-17,wheat/winter wheat,4,1.1,0,1,14461.4,4543.9,804,683.4,8.2951,2,0.235465,0.237238,0.238537,0.23708,0.007795,0.010897,0.007535,12.9,15.56
1995-06-18,wheat/winter wheat,4,1.1,0,1,14599.1,4548.8,916.6,779.2,8.307,1.7,0.233209,0.235202,0.236667,0.235026,0.007794,0.010893,0.007534,14.2,13.732
1995-06-19,wheat/winter wheat,4,1.1,0,1,14820.9,4553.8,1110.8,944.2,8.315,0,0.220226,0.225785,0.229441,0.225151,0.007792,0.01089,0.007533,14.3,24.117
1995-06-20,wheat/winter wheat,4,1.1,0,1,15011.3,4554.7,1291.6,1097.8,8.323,0,0.20838,0.217264,0.223162,0.216269,0.00779,0.010885,0.007532,18.3,21.925
1995-06-21,wheat/winter wheat,5,1.093,0,1,15119.3,4553,1398.1,1188.4,8.3245,20.8,0.295724,0.244977,0.244607,0.261769,0.00779,0.010882,0.007531,17.7,12.198
1995-06-22,wheat/winter wheat,5,1.091,0,1,15253.8,4551.1,1530.7,1301.1,8.3143,2.6,0.245478,0.245464,0.245439,0.24546,0.007788,0.010878,0.00753,10.7,11.816
1995-06-23,wheat/winter wheat,5,1.089,0,1,15364.7,4548.6,1640.7,1394.6,8.3025,0,0.235904,0.238414,0.239947,0.238088,0.007787,0.010874,0.007529,11.8,8.889
1995-06-24,wheat/winter wheat,5,1.085,0,1,15543.3,4545.2,1817.7,1545,8.2879,1.7,0.230332,0.233646,0.235878,0.233285,0.007785,0.01087,0.007528,15.1,19.432
1995-06-25,wheat/winter wheat,5,1.079,0,1,15775.5,4540.4,2048.2,1741,8.2674,0,0.214676,0.222395,0.227387,0.221486,0.007783,0.010866,0.007527,17.7,27.158
1995-06-26,wheat/winter wheat,5,1.072,0,1,16028,4534.1,2300.1,1955.1,8.2385,0,0.198231,0.210578,0.21868,0.209163,0.007782,0.010862,0.007526,18.2,29.868
1995-06-27,wheat/winter wheat,5,1.065,0,1,16265.5,4526.4,2539.1,2158.3,8.2009,0,0.181578,0.198613,0.209865,0.196686,0.00778,0.010857,0.007524,18.4,29.506
1995-06-28,wheat/winter wheat,5,1.06,0,1,16519.4,4517.4,2795.4,2376.1,8.1543,0,0.166741,0.187796,0.201896,0.185478,0.007779,0.010853,0.007523,17,30.073
1995-06-29,wheat/winter wheat,5,1.052,0,0.98,16748.8,4506.7,3029.7,2575.2,8.1003,0,0.149302,0.175003,0.192382,0.172229,0.007777,0.010848,0.007522,19.8,30.015
1995-06-30,wheat/winter wheat,5,1.045,0,1,16966.2,4494.7,3253.7,2765.7,8.0364,0,0.136976,0.163499,0.183754,0.16141,0.007776,0.010844,0.007521,18.1,28.064
1995-07-01,wheat/winter wheat,5,1.04,0,1,17197.4,4481.6,3492.5,2968.6,7.9644,0,0.127849,0.152563,0.17551,0.151974,0.007774,0.01084,0.00752,16.9,26.37
1995-07-02,wheat/winter wheat,5,1.035,0,1,17400.6,4467.6,3704.9,3149.2,7.8857,0.4,0.12231,0.145395,0.169032,0.145579,0.007773,0.010837,0.007519,15.5,23.146
1995-07-03,wheat/winter wheat,5,1.029,0,1,17514.9,4452.4,3831.8,3257,7.8018,7,0.171767,0.143842,0.167381,0.160997,0.007771,0.010833,0.007517,17.8,14.516
1995-07-04,wheat/winter wheat,5,1.024,0,1,17690.9,4436.5,4019.8,3416.8,7.7106,0.1,0.160809,0.13827,0.161252,0.153444,0.00777,0.010829,0.007516,15.2,18.916
1995-07-05,wheat/winter wheat,5,1.02,0,1,17873,4419.9,4214.5,3582.3,7.615,0,0.149235,0.132875,0.154604,0.145571,0.007768,0.010826,0.007515,14.4,20.524
1995-07-06,wheat/winter wheat,5,1.015,0,1,18047.4,4402.4,4402.6,3742.2,7.5157,0,0.139881,0.127994,0.148505,0.138793,0.007767,0.010823,0.007514,16.9,21.182
1995-07-07,wheat/winter wheat,5,1.007,0,1,18251.6,4383.5,4621.4,3928.2,7.4107,0,0.12935,0.122195,0.140956,0.130834,0.007765,0.01082,0.007513,20.5,27.908
1995-07-08,wheat/winter wheat,5,0.997,0,1,18430.3,4363,4817.2,4094.6,7.2973,0,0.120008,0.116485,0.13342,0.123305,0.007764,0.010817,0.007512,22.4,27.773
1995-07-09,wheat/winter wheat,5,0.986,0,1,18578.7,4340.7,4985.1,4237.4,7.174,0,0.111998,0.111123,0.126025,0.116382,0.007763,0.010815,0.007511,23.9,27.313
1995-07-10,wheat/winter wheat,5,0.977,0,1,18720.3,4317.1,5147.8,4375.6,7.0404,0,0.106225,0.106989,0.120345,0.111187,0.007762,0.010812,0.007511,21.9,24.376
1995-07-11,wheat/winter wheat,5,0.968,0,1,18873.6,4292.3,5323.4,4524.9,6.8986,0,0.102211,0.103987,0.115493,0.107231,0.007761,0.010809,0.00751,21,24.016
1995-07-12,wheat/winter wheat,5,0.958,0,1,19031.7,4266.2,5505.1,4679.3,6.7499,0,0.098597,0.101197,0.110411,0.103402,0.00776,0.010807,0.007509,23.4,27.539
1995-07-13,wheat/winter wheat,5,0.948,0,0.99,19140.1,4238.8,5639.2,4793.4,6.5931,4.8,0.126098,0.100197,0.108158,0.111484,0.007758,0.010804,0.007508,23.3,23.723
1995-07-14,wheat/winter wheat,5,0.938,0,0.99,19281,4210.4,5806.6,4935.6,6.429,0.1,0.118003,0.099082,0.105757,0.107614,0.007756,0.010801,0.007507,22.8,23.222
1995-07-15,wheat/winter wheat,5,0.929,0,0.99,19403.3,4181.3,5956.5,5063,6.2586,1,0.113729,0.098446,0.104457,0.105544,0.007755,0.010799,0.007507,21.4,19.535
1995-07-16,wheat/winter wheat,5,0.921,0,1,19508,4151.6,6089.5,5176.1,6.0837,15,0.238412,0.10295,0.103932,0.148432,0.007752,0.010795,0.007506,19.9,16.246
1995-07-17,wheat/winter wheat,5,0.914,0,0.99,19662.9,4121.9,6272.4,5331.6,5.906,0.9,0.227283,0.103142,0.103056,0.144494,0.007748,0.010792,0.007505,18.2,20.675
1995-07-18,wheat/winter wheat,5,0.908,0,1,19765.5,4092,6403.8,5443.2,5.7272,5.2,0.240953,0.120482,0.102902,0.154779,0.007745,0.010788,0.007504,18.1,13.43
1995-07-19,wheat/winter wheat,5,0.9,0,0.99,19914.8,4061.9,6581.7,5594.5,5.5479,0.1,0.225507,0.11946,0.102002,0.14899,0.007742,0.010784,0.007504,19.6,20.059
1995-07-20,wheat/winter wheat,5,0.892,0,0.98,20099.8,4031.6,6795.2,5775.9,5.3674,0,0.210128,0.115762,0.101063,0.142318,0.007739,0.010781,0.007503,20.1,24.859
1995-07-21,wheat/winter wheat,5,0.881,0,0.98,20232.8,4000.9,6957.9,5914.2,5.1859,0,0.191136,0.111786,0.100035,0.134319,0.007736,0.010777,0.007502,24.6,26.288
1995-07-22,wheat/winter wheat,5,0.872,0,0.98,20323.2,3970,7078.5,6016.7,5.0013,0.6,0.182272,0.110193,0.099616,0.130694,0.007733,0.010774,0.007501,21,13.695
1995-07-23,wheat/winter wheat,5,0.867,0,0.98,20498.9,3939.7,7283.3,6190.8,4.8163,0,0.168968,0.108031,0.099022,0.12534,0.007731,0.01077,0.0075,16.2,22.138
1995-07-24,wheat/winter wheat,5,0.861,0,0.97,20675.9,3909.8,7489.2,6365.8,4.6344,0,0.15395,0.105995,0.098406,0.11945,0.007728,0.010767,0.0075,17.6,24.778
1995-07-25,wheat/winter wheat,5,0.855,0,0.97,20861.6,3880.3,7703.3,6547.8,4.4548,0,0.13957,0.104122,0.097783,0.113825,0.007726,0.010764,0.007499,17.3,26.149
1995-07-26,wheat/winter wheat,5,0.849,0,0.97,21049.1,3851.3,7918.8,6731,4.2781,0,0.125764,0.102173,0.097073,0.108337,0.007725,0.010761,0.007498,17.9,27.82
1995-07-27,wheat/winter wheat,5,0.84,0,0.96,21205.8,3822.6,8103.7,6888.1,4.1041,0,0.112488,0.100145,0.09626,0.102964,0.007723,0.010758,0.007498,20.9,26.558
1995-07-28,wheat/winter wheat,5,0.831,0,0.96,21323.1,3794.2,8249,7011.7,3.9318,0,0.104356,0.098815,0.095668,0.0996133,0.007722,0.010756,0.007497,21,23.017
1995-07-29,wheat/winter wheat,5,0.822,0,0.97,21465.5,3766.2,8419.2,7156.3,3.7614,0,0.096909,0.096521,0.09499,0.0961397,0.007721,0.010753,0.007496,21.8,26.786
1995-07-30,wheat/winter wheat,5,0.812,0,0.98,21583.3,3738.4,8564.5,7279.8,3.5931,0,0.091212,0.094596,0.094003,0.0932705,0.00772,0.01075,0.007495,23,25.704
1995-07-31,wheat/winter wheat,5,0.803,0,0.95,21704.7,3711.2,8713.2,7406.2,3.4267,0,0.086723,0.092862,0.093056,0.0908802,0.007719,0.010747,0.007495,22.2,25.586
1995-08-01,wheat/winter wheat,6,0.621,0,0.13,21826.6,3685,8861.2,7532,3.2631,0,0.083755,0.092027,0.092693,0.0894916,0.007718,0.010744,0.007494,20.6,26.759
1995-08-02,wheat/winter wheat,6,0.397,0,0.12,21869,3660.2,8928.4,7589.2,3.1063,0,0.082238,0.091549,0.092481,0.0887561,0.007717,0.010742,0.007493,19.2,24.535
1995-08-03,wheat/winter wheat,6,0.25,0,0.12,21869,3660.2,8928.4,7589.2,2.9572,0,0.081265,0.091221,0.092335,0.0882739,0.007716,0.010739,0.007493,19.9,23.499
1995-08-04,wheat/winter wheat,6,0.25,0,1,21869,3660.2,8928.4,7589.2,2.9572,4.9,0.115005,0.091221,0.092335,0.0995205,0.007715,0.010736,0.007492,19.1,12.104
1995-08-05,wheat/winter wheat,6,0.25,0,0.91,21869,3660.2,8928.4,7589.2,2.9572,0,0.114835,0.091218,0.092321,0.0994581,0.007713,0.010734,0.007491,19.9,22.493
1995-08-06,wheat/winter wheat,6,0.25,0,0.17,21869,3660.2,8928.4,7589.2,2.9572,0,0.113104,0.091188,0.092182,0.0988246,0.007712,0.010731,0.00749,20.2,25.477
1995-08-07,wheat/winter wheat,6,0.25,0,0.17,21869,3660.2,8928.4,7589.2,2.9572,0,0.111376,0.091157,0.092044,0.0981921,0.008053,0.011844,0.007678,20.3,24.653
1995-08-08,,0,0.75,0,0.85,0,0,0,0,0,0,0.08958,0.08727,0.090308,0.0890527,0.008052,0.012721,0.007677,17.6,23.488
1995-08-09,,0,0.75,0,0.67,0,0,0,0,0,0,0.074539,0.084264,0.088835,0.0825461,0.00805,0.012717,0.007676,15.9,25.906
1995-08-10,,0,0.75,0,0.35,0,0,0,0,0,0,0.067815,0.081335,0.087274,0.078808,0.008049,0.012713,0.007675,18.7,24.175
1995-08-11,,0,0.75,0,0.16,0,0,0,0,0,0,0.066762,0.079034,0.085927,0.077241,0.008048,0.012708,0.007674,19.1,24.081
1995-08-12,,0,0.75,0,0.17,0,0,0,0,0,0,0.065652,0.076882,0.084553,0.0756956,0.008047,0.012704,0.007673,20.4,24.743
1995-08-13,,0,0.75,0,0.16,0,0,0,0,0,0,0.064591,0.07508,0.083287,0.0743195,0.008046,0.0127,0.007672,21.9,19.605
1995-08-14,,0,0.75,0,0.14,0,0,0,0,0,0,0.064032,0.074245,0.082644,0.0736402,0.008045,0.012696,0.007671,19.5,9.155
1995-08-15,,0,0.75,0,0.1,0,0,0,0,0,1.6,0.079412,0.07416,0.081943,0.078505,0.008044,0.012693,0.00767,16.7,14.406
1995-08-16,,0,0.75,0,0.4,0,0,0,0,0,0,0.072737,0.073245,0.081199,0.0757272,0.008043,0.01269,0.00767,18,17.495
1995-08-17,,0,0.75,0,0.22,0,0,0,0,0,0,0.069272,0.072362,0.080344,0.0739927,0.008042,0.012687,0.007669,18.9,22.19
1995-08-18,,0,0.75,0,0.12,0,0,0,0,0,0,0.068304,0.071674,0.079516,0.0731648,0.008041,0.012684,0.007668,21.4,19.117
1995-08-19,,0,0.75,0,0.11,0,0,0,0,0,0,0.06725,0.07109,0.07864,0.0723265,0.00804,0.01268,0.007667,22.9,20.792
1995-08-20,,0,0.75,0,0.1,0,0,0,0,0,0,0.066219,0.07066,0.077811,0.0715632,0.008039,0.012677,0.007666,23.1,20.305
1995-08-21,,0,0.75,0,0.09,0,0,0,0,0,0,0.065287,0.070369,0.077086,0.0709141,0.008038,0.012673,0.007666,21.5,19.167
1995-08-22,,0,0.75,0,0.09,0,0,0,0,0,0,0.064228,0.070103,0.076287,0.0702061,0.008037,0.012669,0.007665,21,22.513
1995-08-23,,0,0.75,0,0.09,0,0,0,0,0,0,0.063291,0.069862,0.075605,0.0695859,0.008036,0.012665,0.007664,22.6,17.774
1995-08-24,,0,0.75,0,0.08,0,0,0,0,0,0,0.062576,0.069674,0.075102,0.0691171,0.008035,0.012662,0.007663,20.5,15.889
1995-08-25,,0,0.75,0,0.07,0,0,0,0,0,1.4,0.07574,0.069651,0.074528,0.0733065,0.008034,0.012658,0.007662,19.5,18.206
1995-08-26,,0,0.75,0,0.27,0,0,0,0,0,2.8,0.099506,0.069637,0.074169,0.0811039,0.008032,0.012655,0.007662,17,10.06
1995-08-27,,0,0.75,0,0.7,0,0,0,0,0,1.6,0.106315,0.069626,0.07392,0.0832868,0.008031,0.012653,0.007661,13.6,10.994
1995-08-28,,0,0.75,0,0.7,0,0,0,0,0,0.4,0.104305,0.069618,0.073767,0.0825636,0.00803,0.01265,0.00766,11.7,7.747
1995-08-29,,0,0.75,0,0.7,0,0,0,0,0,11.5,0.213635,0.069612,0.073627,0.118958,0.008027,0.012648,0.00766,10.9,9.058
1995-08-30,,0,0.75,0,0.76,0,0,0,0,0,0,0.201863,0.069599,0.073369,0.114944,0.008025,0.012647,0.007659,11.6,12.932
1995-08-31,,0,0.75,0,0.74,0,0,0,0,0,24.4,0.341535,0.169594,0.07336,0.19483,0.008025,0.01264,0.007659,10.8,3.326
1995-09-01,,0,0.75,0,1.47,0,0,0,0,0,17,0.370313,0.243965,0.09899,0.237756,0.008024,0.012632,0.007658,12.7,5.312
1995-09-02,,0,0.75,0,0.76,0,0,0,0,0,3.1,0.323513,0.246058,0.196636,0.255402,0.008023,0.012625,0.007657,12.9,10.396
1995-09-03,,0,0.75,0,0.96,0,0,0,0,0,0.1,0.238555,0.244334,0.243672,0.242187,0.008021,0.012619,0.007655,13.5,6.538
1995-09-04,,0,0.75,0,0.97,0,0,0,0,0,0.3,0.228086,0.238342,0.240399,0.235609,0.008019,0.012611,0.007653,13.9,7.972
1995-09-05,,0,0.75,0,0.96,0,0,0,0,0,0.8,0.22695,0.235519,0.238058,0.233509,0.008017,0.012604,0.007652,13.5,11.152
1995-09-06,,0,0.75,0,0.96,0,0,0,0,0,0,0.216691,0.233116,0.23627,0.228692,0.008015,0.012596,0.00765,13.8,12.945
1995-09-07,,0,0.75,0,0.96,0,0,0,0,0,0,0.201678,0.229771,0.234528,0.221992,0.008012,0.012588,0.007648,15.1,18.927
1995-09-08,,0,0.75,0,0.95,0,0,0,0,0,0.1,0.196898,0.228471,0.233953,0.219774,0.008009,0.01258,0.007647,13.9,7.127
1995-09-09,,0,0.75,0,0.94,0,0,0,0,0,3.3,0.224251,0.227198,0.2334,0.228283,0.008006,0.012571,0.007645,14.8,4.993
1995-09-10,,0,0.75,0,0.96,0,0,0,0,0,0,0.211716,0.224432,0.232199,0.222783,0.008004,0.012563,0.007643,15.6,15.376
1995-09-11,,0,0.75,0,0.95,0,0,0,0,0,0.5,0.208922,0.2227,0.231446,0.221023,0.008001,0.012555,0.007641,15,8.175
1995-09-12,,0,0.75,0,0.95,0,0,0,0,0,0,0.195862,0.219794,0.230183,0.21528,0.007998,0.012546,0.00764,16,16.366
1995-09-13,,0,0.75,0,0.94,0,0,0,0,0,0.1,0.184514,0.217026,0.228977,0.210173,0.007995,0.012537,0.007638,17.2,13.772
1995-09-14,,0,0.75,0,0.94,0,0,0,0,0,0.1,0.180596,0.215917,0.228493,0.208335,0.007993,0.012528,0.007636,15.7,4.402
1995-09-15,,0,0.75,0,0.93,0,0,0,0,0,0,0.173952,0.214414,0.227838,0.205401,0.00799,0.012519,0.007634,14.1,7.304
1995-09-16,,0,0.75,0,0.93,0,0,0,0,0,0,0.165502,0.212496,0.227001,0.201666,0.007988,0.012511,0.007632,14.1,11.269
1995-09-17,,0,0.75,0,0.93,0,0,0,0,0,0,0.156297,0.210396,0.226083,0.197592,0.007987,0.012503,0.00763,13.5,14.367
1995-09-18,,0,0.75,0,0.92,0,0,0,0,0,0,0.148184,0.208535,0.22527,0.193996,0.007985,0.012495,0.007629,13.4,12.014
1995-09-19,,0,0.75,0,0.92,0,0,0,0,0,0,0.14367,0.207494,0.224814,0.191993,0.007984,0.012488,0.007627,10.9,4.282
1995-09-20,,0,0.75,0,0.71,0,0,0,0,0,12.8,0.241917,0.234935,0.224852,0.233901,0.007982,0.012482,0.007626,10.5,1.4
1995-09-21,,0,0.75,0,0.9,0,0,0,0,0,0,0.230338,0.235076,0.225544,0.23032,0.00798,0.012476,0.007624,12.3,12.725
1995-09-22,wheat/winter wheat,1,0.4,0,0.9,53,53,0,0,0.106,0,0.225884,0.234029,0.225566,0.228493,0.007979,0.01247,0.007623,11,13.883
1995-09-23,wheat/winter wheat,1,0.4,0,0.9,53,53,0,0,0.106,0.1,0.223713,0.233327,0.225535,0.227525,0.007977,0.012464,0.007621,13.6,7.112
1995-09-24,wheat/winter wheat,1,0.4,0,0.9,53,53,0,0,0.106,0,0.218885,0.232256,0.225489,0.225543,0.007975,0.012458,0.00762,14.6,10.654
1995-09-25,wheat/winter wheat,1,0.4,0,0.89,53,53,0,0,0.106,0,0.213906,0.231149,0.225442,0.223499,0.007972,0.012452,0.007618,13.8,12.751
1995-09-26,wheat/winter wheat,1,0.4,0,0.89,53,53,0,0,0.106,6,0.240162,0.242221,0.239487,0.240624,0.00797,0.012445,0.007617,13.5,6.295
1995-09-27,wheat/winter wheat,1,0.4,0,0.97,53,53,0,0,0.106,6.4,0.244068,0.245116,0.245114,0.244766,0.007969,0.01244,0.007616,11,3.37
1995-09-28,wheat/winter wheat,1,0.4,0,0.97,53,53,0,0,0.106,1.4,0.23791,0.242013,0.24285,0.240924,0.007967,0.012434,0.007615,7.9,11.927
1995-09-29,wheat/winter wheat,1,0.4,0,0.97,53,53,0,0,0.106,2.3,0.240939,0.242531,0.242787,0.242086,0.007966,0.01243,0.007613,6,7.454
1995-09-30,wheat/winter wheat,1,0.4,0,0.97,53,53,0,0,0.106,0.2,0.23644,0.239797,0.240784,0.239007,0.007965,0.012426,0.007612,5.7,10.893
1995-10-01,wheat/winter wheat,1,0.4,0,0.97,53,53,0,0,0.106,1.3,0.237695,0.240171,0.240578,0.239481,0.007964,0.012422,0.007611,6.7,11.717
1995-10-02,wheat/winter wheat,1,0.4,0,0.97,53,53,0,0,0.106,0,0.232922,0.237765,0.239052,0.23658,0.007963,0.012418,0.00761,11.3,13.417
1995-10-03,wheat/winter wheat,1,0.4,0,0.96,53,53,0,0,0.106,0,0.229303,0.236196,0.237794,0.234431,0.007962,0.012414,0.007609,11.9,10.805
1995-10-04,wheat/winter wheat,2,0.408,0,0.96,57.5,57.3,0,0,0.106,0,0.225111,0.235058,0.236807,0.232325,0.00796,0.012409,0.007608,16.4,9.677
1995-10-05,wheat/winter wheat,2,0.408,0,0.96,62,61.7,0,0,0.1146,0.1,0.222216,0.234199,0.236061,0.230825,0.007958,0.012403,0.007607,15.6,9.065
1995-10-06,wheat/winter wheat,2,0.408,0,0.96,67,66.5,0,0,0.1234,0.5,0.224238,0.233462,0.235546,0.231082,0.007955,0.012397,0.007606,14.7,8.957
1995-10-07,wheat/winter wheat,2,0.408,0,0.96,72.5,71.8,0,0,0.133,0,0.220505,0.232535,0.23507,0.22937,0.007953,0.012391,0.007605,15.6,9.496
1995-10-08,wheat/winter wheat,2,0.408,0,0.83,77,76.3,0,0,0.1436,1.5,0.23279,0.232503,0.234773,0.233355,0.007951,0.012384,0.007603,16.1,5.789
1995-10-09,wheat/winter wheat,2,0.408,0,0.97,83.3,82.4,0,0,0.1524,0.1,0.230396,0.231652,0.234438,0.232162,0.007949,0.012377,0.007602,14.8,11.353
1995-10-10,wheat/winter wheat,2,0.408,0,0.97,90,88.8,0,0,0.1646,0,0.226948,0.230778,0.234122,0.230616,0.007946,0.01237,0.007601,15.3,11.434
1995-10-11,wheat/winter wheat,2,0.408,0,0.96,96,94.7,0,0,0.1775,0.2,0.226694,0.230219,0.233853,0.230255,0.007944,0.012363,0.007599,13.2,7.596
1995-10-12,wheat/winter wheat,2,0.408,0,0.96,100.5,98.9,0,0,0.1891,0.2,0.227406,0.229897,0.233696,0.230333,0.007942,0.012356,0.007598,12.6,2.923
1995-10-13,wheat/winter wheat,2,0.408,0,0.97,104.6,102.9,0,0,0.1976,0,0.225921,0.229524,0.233515,0.229653,0.00794,0.01235,0.007596,14.6,2.287
1995-10-14,wheat/winter wheat,2,0.408,0,0.96,108.9,107.1,0,0,0.2056,0,0.224424,0.229146,0.23333,0.228967,0.007938,0.012344,0.007595,13.7,2.394
1995-10-15,wheat/winter wheat,2,0.408,0,0.96,116,114,0,0,0.2139,0,0.222054,0.228544,0.233035,0.227877,0.007936,0.012337,0.007593,13.1,7.1
1995-10-16,wheat/winter wheat,2,0.408,0,0.96,123.1,120.9,0,0,0.2277,0,0.220364,0.22811,0.232821,0.227099,0.007934,0.012332,0.007592,11.5,6.647
1995-10-17,wheat/winter wheat,2,0.408,0,0.96,129.2,126.7,0,0,0.2414,0,0.21907,0.227776,0.232655,0.2265,0.007932,0.012326,0.007591,12.3,4.141
1995-10-18,wheat/winter wheat,2,0.408,0,0.96,135.8,133.2,0,0,0.2531,0.8,0.224773,0.227189,0.232367,0.228109,0.007931,0.012321,0.007589,11.8,4.97
1995-10-19,wheat/winter wheat,2,0.408,0,0.96,143.3,140.5,0,0,0.2659,0.1,0.222781,0.226424,0.231988,0.227064,0.007929,0.012316,0.007588,10.4,5.944
1995-10-20,wheat/winter wheat,2,0.408,0,0.84,149.2,146.2,0,0,0.2805,1.4,0.234754,0.226743,0.231785,0.231094,0.007928,0.012311,0.007587,10.4,3.179
1995-10-21,wheat/winter wheat,2,0.408,0,0.84,157.1,153.7,0,0,0.2918,0,0.23301,0.226644,0.231564,0.230406,0.007927,0.012307,0.007586,5.5,9.45
1995-10-22,wheat/winter wheat,2,0.408,0,0.85,164.4,160.8,0,0,0.307,0,0.231555,0.22653,0.231375,0.22982,0.007926,0.012304,0.007585,3.8,9.038
1995-10-23,wheat/winter wheat,2,0.408,0,0.85,172.5,168.7,0,0,0.3211,0,0.230051,0.226409,0.231176,0.229212,0.007926,0.0123,0.007584,5.3,8.116
1995-10-24,wheat/winter wheat,2,0.408,0,0.85,181.8,177.7,0,0,0.3368,0,0.228197,0.226255,0.230928,0.22846,0.007925,0.012297,0.007584,7.8,9.246
1995-10-25,wheat/winter wheat,2,0.408,0,0.97,192.4,187.9,0,0,0.3547,0,0.225342,0.225493,0.230539,0.227125,0.007924,0.012294,0.007583,9.4,8.864
1995-10-26,wheat/winter wheat,2,0.408,0,0.97,201.4,196.7,0,0,0.3751,0,0.224668,0.225311,0.230445,0.226808,0.007923,0.012291,0.007582,6.9,5.91
1995-10-27,wheat/winter wheat,2,0.408,0,0.85,213.2,208.1,0,0,0.3926,1.3,0.233936,0.225765,0.230023,0.229908,0.007922,0.012288,0.007581,13.5,6.166
1995-10-28,wheat/winter wheat,2,0.408,0,0.86,225.3,219.8,0,0,0.4154,0.1,0.233325,0.225663,0.229828,0.229605,0.007921,0.012284,0.00758,10.1,7.568
1995-10-29,wheat/winter wheat,2,0.408,0,0.85,235.2,229.4,0,0,0.4387,0,0.23271,0.225603,0.22974,0.229351,0.00792,0.012281,0.00758,4.9,6.373
1995-10-30,wheat/winter wheat,2,0.408,0,0.88,243,236.9,0,0,0.4579,0.1,0.232922,0.225544,0.229655,0.229373,0.007919,0.012278,0.007579,5.6,3.357
1995-10-31,wheat/winter wheat,2,0.408,0,0.86,253.1,246.7,0,0,0.4728,4.8,0.244317,0.243192,0.240975,0.242828,0.007919,0.012276,0.007578,4.4,6.393
1995-11-01,wheat/winter wheat,2,0.409,0,0.93,260.9,254.3,0,0,0.4924,2.5,0.243418,0.243725,0.243581,0.243574,0.007918,0.012273,0.007578,7.1,2.809
1995-11-02,wheat/winter wheat,2,0.409,0,0.97,269.4,262.4,0,0,0.5074,1.7,0.242612,0.243016,0.243126,0.242918,0.007918,0.012271,0.007577,3,4.261
1995-11-03,wheat/winter wheat,2,0.409,0,0.98,277.5,270.3,0,0,0.5237,4,0.244362,0.244552,0.244522,0.244478,0.007917,0.012269,0.007577,2.3,4.065
1995-11-04,wheat/winter wheat,2,0.409,0,0.47,284.8,277.3,0,0,0.5393,3.5,0.244587,0.244594,0.244597,0.244593,0.007917,0.012268,0.007576,0.9,3.633
1995-11-05,wheat/winter wheat,2,0.409,0,0.24,293.3,285.6,0,0,0.5534,0,0.239944,0.241194,0.241888,0.241008,0.007917,0.012267,0.007576,0.2,8.423
1995-11-06,wheat/winter wheat,2,0.409,0,0.95,298.8,290.8,0,0,0.5698,4.8,0.244691,0.244735,0.244654,0.244693,0.007917,0.012266,0.007575,2.4,1.219
1995-11-07,wheat/winter wheat,2,0.409,0,0.98,309.5,301.1,0,0,0.5803,2.7,0.243678,0.244024,0.244116,0.243939,0.007917,0.012265,0.007575,3.4,7.42
1995-11-08,wheat/winter wheat,2,0.409,0,0.98,309.3,301,0,0,0.6009,0,0.239731,0.240985,0.241677,0.240797,0.007916,0.012264,0.007575,-0.6,6.514
1995-11-09,wheat/winter wheat,2,0.409,0,0.99,315.2,306.7,0,0,0.6007,0.4,0.239362,0.240015,0.24052,0.239966,0.007916,0.012263,0.007574,2.7,1.487
1995-11-10,wheat/winter wheat,2,0.41,0,0.98,322.5,313.7,0,0,0.612,0,0.237495,0.238774,0.239466,0.238578,0.007916,0.012262,0.007574,5.9,2.151
1995-11-11,wheat/winter wheat,2,0.411,0,0.98,331.3,322.2,0,0,0.626,0,0.23655,0.237866,0.23863,0.237682,0.007916,0.012261,0.007574,4.1,3.129
1995-11-12,wheat/winter wheat,2,0.411,0,0.98,341.2,331.6,0,0,0.6429,0,0.235579,0.2371,0.237922,0.236867,0.007915,0.01226,0.007574,3.4,3.697
1995-11-13,wheat/winter wheat,2,0.411,0,1,341,331.5,0,0,0.6616,0,0.235579,0.236564,0.237409,0.236517,0.007915,0.012259,0.007573,-1.7,5.087
1995-11-14,wheat/winter wheat,2,0.411,0,0.98,346.1,336.4,0,0,0.6614,0,0.235159,0.236065,0.236935,0.236053,0.007915,0.012258,0.007573,2,1.055
1995-11-15,wheat/winter wheat,2,0.413,0,0.98,358.4,348.1,0,0,0.6712,0,0.2345,0.235623,0.236508,0.235544,0.007915,0.012257,0.007573,7.4,3.746
1995-11-16,wheat/winter wheat,2,0.414,0,0.9,370.2,359.3,0,0,0.6944,1.2,0.240231,0.238781,0.237677,0.238896,0.007914,0.012255,0.007572,8.6,3.337
1995-11-17,wheat/winter wheat,2,0.415,0,0.94,381.1,369.5,0,0,0.7167,0.3,0.23792,0.238732,0.238408,0.238353,0.007914,0.012254,0.007572,3,4.647
1995-11-18,wheat/winter wheat,2,0.415,0,0.88,380.9,369.4,0,0,0.7371,0,0.237903,0.237561,0.238011,0.237825,0.007914,0.012253,0.007572,-1.1,4.291
1995-11-19,wheat/winter wheat,2,0.415,0,1,391.1,379,0,0,0.7369,2.4,0.261655,0.236866,0.23755,0.245357,0.007913,0.012252,0.007572,1.7,3.922
1995-11-20,wheat/winter wheat,2,0.415,0,1,390.9,378.9,0,0,0.756,0,0.261655,0.236403,0.237145,0.245068,0.007913,0.012251,0.007571,-1.1,6.596
1995-11-21,wheat/winter wheat,2,0.415,0,1,390.7,378.8,0,0,0.7558,0,0.261655,0.236074,0.23681,0.244847,0.007913,0.01225,0.007571,-3.8,5.629
1995-11-22,wheat/winter wheat,2,0.415,0,1,390.5,378.8,0,0,0.7557,0,0.261655,0.236074,0.236365,0.244698,0.007913,0.01225,0.007571,-3.6,6.096
1995-11-23,wheat/winter wheat,2,0.415,0,0.85,396,383.9,0,0,0.7555,0,0.261489,0.23605,0.236029,0.244522,0.007913,0.01225,0.007571,0.7,1.307
1995-11-24,wheat/winter wheat,2,0.415,0,0.84,403.3,390.8,0,0,0.7657,0,0.261272,0.236019,0.235771,0.244354,0.007913,0.01225,0.007571,4,1.818
1995-11-25,wheat/winter wheat,2,0.415,0,1,403.1,390.7,0,0,0.7794,0,0.261272,0.236019,0.235592,0.244294,0.007913,0.012249,0.007571,-0.7,3.674
1995-11-26,wheat/winter wheat,2,0.415,0,1,402.9,390.6,0,0,0.7792,0,0.261272,0.236019,0.235447,0.244246,0.007913,0.012249,0.00757,-1.8,4.297
1995-11-27,wheat/winter wheat,2,0.415,0,1,402.7,390.5,0,0,0.779,0,0.261272,0.236019,0.235328,0.244206,0.007913,0.012249,0.00757,-2.4,4.493
1995-11-28,wheat/winter wheat,2,0.415,0,0.84,402.5,390.4,0,0,0.7788,0,0.261265,0.236018,0.235228,0.244171,0.007913,0.012249,0.00757,-1.4,0.972
1995-11-29,wheat/winter wheat,2,0.415,0,0.84,406.5,394.1,0,0,0.7786,0,0.261125,0.235998,0.23513,0.244084,0.007913,0.012248,0.00757,0,0.76
1995-11-30,wheat/winter wheat,2,0.415,0,0.84,406.3,394,0,0,0.7861,0,0.261118,0.235997,0.235059,0.244058,0.007913,0.012248,0.00757,-2.5,1.203
1995-12-01,wheat/winter wheat,2,0.415,0,1,406.1,394,0,0,0.7859,0,0.261118,0.235997,0.234997,0.244037,0.007913,0.012248,0.00757,-4.4,3.944
1995-12-02,wheat/winter wheat,2,0.415,0,0.84,405.9,393.9,0,0,0.7857,0,0.261106,0.235996,0.234942,0.244015,0.007913,0.012248,0.00757,-2.8,0.973
1995-12-03,wheat/winter wheat,2,0.415,0,0.84,405.7,393.8,0,0,0.7855,0,0.261102,0.235995,0.234942,0.244013,0.007913,0.012248,0.00757,-3.2,2.301
1995-12-04,wheat/winter wheat,2,0.415,0,0.84,405.5,393.7,0,0,0.7853,0,0.261084,0.235992,0.23494,0.244006,0.007913,0.012248,0.00757,-2.2,1.355
1995-12-05,wheat/winter wheat,2,0.415,0,0.84,405.3,393.6,0,0,0.7851,0,0.261069,0.23599,0.234939,0.243999,0.007913,0.012248,0.00757,-5.7,3.667
1995-12-06,wheat/winter wheat,2,0.415,0,0.84,405.2,393.5,0,0,0.785,0,0.26106,0.235989,0.234938,0.243996,0.007913,0.012248,0.00757,-6.9,1.892
1995-12-07,wheat/winter wheat,2,0.415,0,1,405,393.4,0,0,0.7848,3.7,0.302859,0.235989,0.234938,0.257929,0.007913,0.012248,0.00757,-4.3,0.967
1995-12-08,wheat/winter wheat,2,0.415,0,1,404.8,393.3,0,0,0.7846,0,0.302859,0.235989,0.234938,0.257929,0.007913,0.012248,0.00757,-2,3.28
1995-12-09,wheat/winter wheat,2,0.415,0,1,404.6,393.2,0,0,0.7844,0,0.302859,0.235989,0.234938,0.257929,0.007913,0.012248,0.00757,-1.7,0.957
1995-12-10,wheat/winter wheat,2,0.415,0,1,404.3,393.1,0,0,0.7842,0.3,0.305996,0.235989,0.234938,0.258974,0.007913,0.012248,0.007569,-0.2,1.262
1995-12-11,wheat/winter wheat,2,0.415,0,1,410.4,398.8,0,0,0.784,0.2,0.308035,0.235989,0.234938,0.259654,0.007913,0.012247,0.007569,1,1.577
1995-12-12,wheat/winter wheat,2,0.415,0,0.56,415.8,403.9,0,0,0.7953,0,0.307995,0.23596,0.234916,0.259624,0.007913,0.012247,0.007569,0.5,1.358
1995-12-13,wheat/winter wheat,2,0.415,0,1,415.6,403.7,0,0,0.8054,0.1,0.308709,0.23596,0.234916,0.259862,0.007913,0.012247,0.007569,-1.1,1.241
1995-12-14,wheat/winter wheat,2,0.415,0,1,415.4,403.6,0,0,0.8052,0,0.308709,0.23596,0.234916,0.259862,0.007913,0.012247,0.007569,-1,1.467
1995-12-15,wheat/winter wheat,2,0.415,0,1,415.2,403.6,0,0,0.805,0,0.308709,0.23596,0.234916,0.259862,0.007913,0.012247,0.007569,-6.6,3.778
1995-12-16,wheat/winter wheat,2,0.415,0,1,415.1,403.5,0,0,0.8048,0,0.308709,0.23596,0.234916,0.259862,0.007913,0.012247,0.007569,-7.2,2.171
1995-12-17,wheat/winter wheat,2,0.415,0,1,414.9,403.4,0,0,0.8047,0,0.308709,0.23596,0.234916,0.259862,0.007913,0.012247,0.007569,-6.4,1.142
1995-12-18,wheat/winter wheat,2,0.415,0,1,414.7,403.3,0,0,0.8045,0,0.308709,0.23596,0.234916,0.259862,0.007913,0.012246,0.007569,-2.4,1.045
1995-12-19,wheat/winter wheat,2,0.415,0,1,414.5,403.2,0,0,0.8043,0,0.308709,0.23596,0.234916,0.259862,0.007913,0.012246,0.007569,-1.1,1.158
1995-12-20,wheat/winter wheat,2,0.415,0,1,414.3,403.1,0,0,0.8041,0,0.308709,0.23596,0.234916,0.259862,0.007913,0.012246,0.007569,-1.5,1.878
1995-12-21,wheat/winter wheat,2,0.415,0,1,414.1,403,0,0,0.8039,0,0.308709,0.23596,0.234916,0.259862,0.007913,0.012246,0.007569,-7.5,3.778
1995-12-22,wheat/winter wheat,2,0.415,0,1,413.9,402.9,0,0,0.8037,8.9,0.410022,0.23596,0.234916,0.293633,0.007913,0.012246,0.007569,-5.4,1.522
1995-12-23,wheat/winter wheat,2,0.417,0,1,421.3,409.8,0,0,0.8036,4.4,0.43842,0.23596,0.234916,0.303099,0.007913,0.012246,0.007569,5.8,1.597
1995-12-24,wheat/winter wheat,2,0.417,0,1,421.1,409.7,0,0,0.8172,0.4,0.446366,0.23596,0.234916,0.305747,0.007913,0.012246,0.007569,-1.5,1.175
1995-12-25,wheat/winter wheat,2,0.417,0,1,420.9,409.6,0,0,0.817,0.6,0.450846,0.23596,0.234916,0.307241,0.007913,0.012246,0.007569,-3.1,0.931
1995-12-26,wheat/winter wheat,2,0.417,0,1,420.7,409.5,0,0,0.8168,0.1,0.453807,0.23596,0.234916,0.308228,0.007913,0.012245,0.007569,-3.6,2.979
1995-12-27,wheat/winter wheat,2,0.417,0,1,420.6,409.4,0,0,0.8166,0,0.455935,0.23596,0.234916,0.308937,0.007913,0.012245,0.007568,-8.8,3.079
1995-12-28,wheat/winter wheat,2,0.417,0,1,420.4,409.3,0,0,0.8165,0,0.45755,0.23596,0.234916,0.309475,0.007913,0.012245,0.007568,-8,1.233
1995-12-29,wheat/winter wheat,2,0.417,0,1,420.3,409.3,0,0,0.8163,0,0.458823,0.23596,0.234916,0.3099,0.007913,0.012245,0.007568,-11.1,2.856
1995-12-30,wheat/winter wheat,2,0.417,0,1,420.2,409.2,0,0,0.8162,0,0.459854,0.23596,0.234916,0.310243,0.007913,0.012245,0.007568,-14.2,3.09
1995-12-31,wheat/winter wheat,2,0.417,0,1,420.1,409.2,0,0,0.8161,0,0.460709,0.23596,0.234916,0.310528,0.007913,0.012245,0.007568,-12.8,2.215
1996-01-01,wheat/winter wheat,2,0.417,0,1,420,409.1,0,0,0.816,0,0.46143,0.23596,0.234916,0.310769,0.007913,0.012245,0.007568,-9.4,1.116
1996-01-02,wheat/winter wheat,2,0.417,0,1,419.9,409.1,0,0,0.8159,0,0.462046,0.23596,0.234916,0.310974,0.007913,0.012245,0.007568,-8.2,1.585
1996-01-03,wheat/winter wheat,2,0.417,0,1,419.7,409,0,0,0.8158,0,0.46258,0.23596,0.234916,0.311152,0.007913,0.012245,0.007568,-3.6,2.075
1996-01-04,wheat/winter wheat,2,0.417,0,1,419.5,408.9,0,0,0.8156,0,0.463047,0.23596,0.234916,0.311308,0.007913,0.012245,0.007568,-6.7,2.51
1996-01-05,wheat/winter wheat,2,0.417,0,1,419.3,408.8,0,0,0.8154,0,0.46346,0.23596,0.234916,0.311445,0.007913,0.012245,0.007568,-5.4,2.608
1996-01-06,wheat/winter wheat,2,0.417,0,1,419.2,408.7,0,0,0.8152,0,0.463827,0.23596,0.234916,0.311568,0.007913,0.012244,0.007568,-4,1.376
1996-01-07,wheat/winter wheat,2,0.417,0,1,419,408.6,0,0,0.8151,0.5,0.464155,0.23596,0.234916,0.311677,0.007913,0.012244,0.007568,-3.2,3.238
1996-01-08,wheat/winter wheat,2,0.417,0,1,424.8,414.1,0,0,0.8149,0,0.464452,0.23596,0.234916,0.311776,0.007913,0.012244,0.007568,0.1,1.5
1996-01-09,wheat/winter wheat,2,0.417,0,0.67,431,419.9,0,0,0.8257,0,0.464702,0.235959,0.234916,0.311859,0.007913,0.012244,0.007568,0.1,1.621
1996-01-10,wheat/winter wheat,2,0.417,0,0.26,437.6,426,0,0,0.8372,0,0.464909,0.235959,0.234916,0.311928,0.007913,0.012244,0.007568,0,1.731
1996-01-11,wheat/winter wheat,2,0.417,0,0.26,437.3,425.8,0,0,0.8494,0,0.465136,0.235959,0.234916,0.312003,0.007913,0.012244,0.007568,-0.5,2.15
1996-01-12,wheat/winter wheat,2,0.417,0,0.26,437.1,425.7,0,0,0.8491,0,0.465343,0.235958,0.234916,0.312072,0.007913,0.012244,0.007568,-0.9,2.297
1996-01-13,wheat/winter wheat,2,0.417,0,0.26,436.8,425.6,0,0,0.8489,0,0.46553,0.235958,0.234916,0.312135,0.007913,0.012244,0.007568,-1,2.024
1996-01-14,wheat/winter wheat,2,0.417,0,0.26,436.6,425.5,0,0,0.8486,0,0.465695,0.235958,0.234916,0.31219,0.007913,0.012244,0.007568,-1,1.04
1996-01-15,wheat/winter wheat,2,0.417,0,0.26,436.4,425.4,0,0,0.8484,0,0.46585,0.235958,0.234915,0.312241,0.007913,0.012244,0.007568,-1.5,1.289
1996-01-16,wheat/winter wheat,2,0.417,0,0.26,436.1,425.3,0,0,0.8482,0,0.465996,0.235958,0.234915,0.31229,0.007913,0.012243,0.007568,-2.5,1.598
1996-01-17,wheat/winter wheat,2,0.417,0,0.26,436,425.2,0,0,0.848,0,0.466131,0.235957,0.234915,0.312335,0.007913,0.012243,0.007568,-4.1,1.334
1996-01-18,wheat/winter wheat,2,0.417,0,0.26,435.7,425,0,0,0.8478,0,0.466256,0.235957,0.234915,0.312376,0.007913,0.012243,0.007568,-2.9,1.263
1996-01-19,wheat/winter wheat,2,0.417,0,1,435.5,424.9,0,0,0.8475,0.1,0.466385,0.235957,0.234915,0.312419,0.007913,0.012243,0.007567,-1.2,1.352
1996-01-20,wheat/winter wheat,2,0.417,0,1,435.3,424.8,0,0,0.8473,0,0.466505,0.235957,0.234915,0.312459,0.007913,0.012243,0.007567,-6.4,2.339
1996-01-21,wheat/winter wheat,2,0.417,0,1,435.2,424.8,0,0,0.8471,0,0.466618,0.235957,0.234915,0.312497,0.007913,0.012243,0.007567,-8.1,4.723
1996-01-22,wheat/winter wheat,2,0.417,0,1,435,424.7,0,0,0.847,0,0.466725,0.235957,0.234915,0.312532,0.007913,0.012243,0.007567,-6.9,2.927
1996-01-23,wheat/winter wheat,2,0.417,0,1,434.9,424.6,0,0,0.8468,0,0.466826,0.235957,0.234915,0.312566,0.007913,0.012243,0.007567,-7.7,5.707
1996-01-24,wheat/winter wheat,2,0.417,0,1,434.8,424.6,0,0,0.8467,0,0.466921,0.235957,0.234915,0.312598,0.007913,0.012243,0.007567,-9.8,5.702
1996-01-25,wheat/winter wheat,2,0.417,0,1,434.6,424.5,0,0,0.8466,0,0.467011,0.235957,0.234915,0.312628,0.007913,0.012243,0.007567,-12.2,5.76
1996-01-26,wheat/winter wheat,2,0.417,0,1,434.5,424.4,0,0,0.8465,0,0.467096,0.235957,0.234915,0.312656,0.007913,0.012243,0.007567,-11.9,3.701
1996-01-27,wheat/winter wheat,2,0.417,0,1,434.4,424.4,0,0,0.8464,0,0.467177,0.235957,0.234915,0.312683,0.007913,0.012243,0.007567,-10.9,2.698
1996-01-28,wheat/winter wheat,2,0.417,0,1,434.3,424.3,0,0,0.8462,0,0.467254,0.235957,0.234915,0.312709,0.007913,0.012243,0.007567,-7.7,6.312
1996-01-29,wheat/winter wheat,2,0.417,0,1,434.1,424.2,0,0,0.8461,0,0.467327,0.235957,0.234915,0.312733,0.007913,0.012243,0.007567,-7.2,7.236
1996-01-30,wheat/winter wheat,2,0.417,0,1,433.9,424.1,0,0,0.8459,0,0.467396,0.235957,0.234915,0.312756,0.007913,0.012243,0.007567,-4.3,1.433
1996-01-31,wheat/winter wheat,2,0.417,0,1,433.7,424.1,0,0,0.8458,0,0.467463,0.235957,0.234915,0.312778,0.007913,0.012243,0.007567,-3.4,4.063
1996-02-01,wheat/winter wheat,2,0.417,0,1,433.6,424,0,0,0.8456,0,0.467526,0.235957,0.234915,0.3128,0.007913,0.012243,0.007567,-5.1,7.194
1996-02-02,wheat/winter wheat,2,0.417,0,1,433.4,423.9,0,0,0.8454,0,0.467587,0.235957,0.234915,0.31282,0.007913,0.012242,0.007567,-8,4.762
1996-02-03,wheat/winter wheat,2,0.417,0,1,433.3,423.8,0,0,0.8453,0,0.467645,0.235957,0.234915,0.312839,0.007913,0.012242,0.007567,-5.4,3.321
1996-02-04,wheat/winter wheat,2,0.417,0,1,433.1,423.7,0,0,0.8451,0.3,0.467701,0.235957,0.234915,0.312858,0.007913,0.012242,0.007567,-4.6,1.673
1996-02-05,wheat/winter wheat,2,0.417,0,1,432.9,423.6,0,0,0.8449,0.9,0.467754,0.235957,0.234915,0.312875,0.007913,0.012242,0.007567,-7.1,6.86
1996-02-06,wheat/winter wheat,2,0.417,0,1,432.8,423.6,0,0,0.8448,0,0.467805,0.235957,0.234915,0.312892,0.007913,0.012242,0.007567,-11.2,7.824
1996-02-07,wheat/winter wheat,2,0.417,0,1,432.7,423.5,0,0,0.8447,0,0.467854,0.235957,0.234915,0.312909,0.007913,0.012242,0.007567,-11.4,7.723
1996-02-08,wheat/winter wheat,2,0.417,0,1,432.6,423.5,0,0,0.8446,0,0.467902,0.235957,0.234915,0.312925,0.007913,0.012242,0.007567,-12.6,8.173
1996-02-09,wheat/winter wheat,2,0.417,0,1,432.5,423.4,0,0,0.8445,0,0.467947,0.235957,0.234915,0.31294,0.007913,0.012242,0.007567,-13.9,8.293
1996-02-10,wheat/winter wheat,2,0.417,0,1,432.4,423.4,0,0,0.8444,0,0.467991,0.235957,0.234915,0.312954,0.007913,0.012242,0.007567,-12.1,5.087
1996-02-11,wheat/winter wheat,2,0.417,0,1,432.3,423.3,0,0,0.8443,0.1,0.468033,0.235957,0.234915,0.312968,0.007913,0.012242,0.007567,-5.8,3.616
1996-02-12,wheat/winter wheat,2,0.417,0,0.44,446.4,436.5,0,0,0.8441,0,0.467805,0.235951,0.234913,0.312889,0.007913,0.012242,0.007567,0.7,6.845
1996-02-13,wheat/winter wheat,2,0.417,0,1,446.2,436.4,0,0,0.8704,0.7,0.467854,0.235951,0.234913,0.312906,0.007913,0.012242,0.007567,-1.1,2.83
1996-02-14,wheat/winter wheat,2,0.417,0,1,446,436.3,0,0,0.8701,0,0.467901,0.235951,0.234913,0.312922,0.007913,0.012242,0.007567,-1.8,2.011
1996-02-15,wheat/winter wheat,2,0.417,0,1,445.8,436.2,0,0,0.8699,0,0.467947,0.235951,0.234913,0.312937,0.007913,0.012242,0.007567,-2.2,7.489
1996-02-16,wheat/winter wheat,2,0.418,0,0.73,456.1,445.8,0,0,0.8697,1.9,0.467935,0.23595,0.234912,0.312932,0.007913,0.012242,0.007567,2.1,1.805
1996-02-17,wheat/winter wheat,2,0.418,0,0.5,468.2,457.1,0,0,0.8888,2.2,0.467765,0.235945,0.23491,0.312873,0.007913,0.012242,0.007567,1.5,3.287
1996-02-18,wheat/winter wheat,2,0.418,0,0.66,480.2,468.2,0,0,0.9112,5.2,0.467721,0.235943,0.234909,0.312858,0.007913,0.012242,0.007567,0.4,3.391
1996-02-19,wheat/winter wheat,2,0.419,0,0.61,493.5,480.6,0,0,0.9334,0.1,0.467643,0.23594,0.234908,0.312831,0.007913,0.012242,0.007567,1.4,3.787
1996-02-20,wheat/winter wheat,2,0.419,0,0.29,493.3,480.4,0,0,0.9579,0,0.467692,0.23594,0.234908,0.312847,0.007913,0.012242,0.007567,-1,1.361
1996-02-21,wheat/winter wheat,2,0.419,0,1,493,480.3,0,0,0.9576,0.3,0.467746,0.23594,0.234908,0.312865,0.007913,0.012242,0.007567,-3.7,4.138
1996-02-22,wheat/winter wheat,2,0.419,0,1,492.8,480.2,0,0,0.9574,0,0.467797,0.23594,0.234908,0.312882,0.007913,0.012242,0.007567,-5.4,6.578
1996-02-23,wheat/winter wheat,2,0.419,0,1,492.7,480.1,0,0,0.9572,0,0.467847,0.23594,0.234908,0.312898,0.007913,0.012242,0.007567,-6.7,9.397
1996-02-24,wheat/winter wheat,2,0.419,0,1,492.5,480.1,0,0,0.9571,0,0.467894,0.23594,0.234908,0.312914,0.007913,0.012242,0.007567,-7.8,9.746
1996-02-25,wheat/winter wheat,2,0.419,0,1,492.3,479.9,0,0,0.9569,0,0.46794,0.23594,0.234908,0.312929,0.007913,0.012242,0.007567,-1.8,7.462
1996-02-26,wheat/winter wheat,2,0.42,0,2.56,515.4,501.3,0,0,0.9567,0,0.467984,0.23594,0.234908,0.312944,0.007913,0.012242,0.007567,4.2,10.92
1996-02-27,wheat/winter wheat,2,0.42,0,2.62,534.7,519,0,0,0.999,0,0.468026,0.23594,0.234908,0.312958,0.007913,0.012242,0.007567,0.6,10.587
1996-02-28,wheat/winter wheat,2,0.42,0,2.62,534.4,518.9,0,0,1.0342,0,0.468067,0.23594,0.234908,0.312972,0.007913,0.012242,0.007567,-1,3.139
1996-02-29,wheat/winter wheat,2,0.42,0,2.62,534.1,518.7,0,0,1.034,0,0.468107,0.23594,0.234908,0.312985,0.007913,0.012242,0.007567,-1.2,5.314
1996-03-01,wheat/winter wheat,2,0.42,0,2.62,554.1,537.1,0,0,1.0337,0,0.468145,0.23594,0.234908,0.312998,0.007913,0.012242,0.007567,0.1,11.151
1996-03-02,wheat/winter wheat,2,0.42,0,2.62,553.8,537,0,0,1.0702,0,0.468181,0.23594,0.234908,0.31301,0.007913,0.012242,0.007567,-0.9,7.93
1996-03-03,wheat/winter wheat,2,0.42,0,2.62,553.5,536.8,0,0,1.0699,0,0.468217,0.23594,0.234908,0.313022,0.007913,0.012242,0.007567,-2.2,5.608
1996-03-04,wheat/winter wheat,2,0.42,0,2.62,553.3,536.7,0,0,1.0697,0,0.468251,0.23594,0.234908,0.313033,0.007913,0.012242,0.007567,-2.9,8.482
1996-03-05,wheat/winter wheat,2,0.42,0,2.62,553,536.6,0,0,1.0694,0,0.468285,0.23594,0.234908,0.313044,0.007913,0.012242,0.007567,-1,9.938
1996-03-06,wheat/winter wheat,2,0.42,0,2.62,552.7,536.4,0,0,1.0692,0,0.468317,0.23594,0.234908,0.313055,0.007913,0.012242,0.007567,-0.3,3.15
1996-03-07,wheat/winter wheat,2,0.42,0,2.62,574.6,556.6,0,0,1.0689,0,0.468348,0.23594,0.234908,0.313065,0.007913,0.012242,0.007567,0.2,11.285
1996-03-08,wheat/winter wheat,2,0.42,0,2.62,574.3,556.5,0,0,1.109,0,0.468378,0.23594,0.234908,0.313075,0.007913,0.012242,0.007567,-1.3,13.946
1996-03-09,wheat/winter wheat,2,0.42,0,2.62,574.1,556.3,0,0,1.1087,0,0.468407,0.23594,0.234908,0.313085,0.007913,0.012242,0.007567,-2,13.757
1996-03-10,wheat/winter wheat,2,0.42,0,2.62,573.8,556.2,0,0,1.1084,0,0.468436,0.23594,0.234908,0.313095,0.007913,0.012242,0.007567,-3,6.416
1996-03-11,wheat/winter wheat,2,0.42,0,2.62,573.6,556.1,0,0,1.1082,0,0.468463,0.23594,0.234908,0.313104,0.007913,0.012242,0.007567,-3.7,6.484
1996-03-12,wheat/winter wheat,2,0.42,0,2.62,573.3,556,0,0,1.1079,0,0.46849,0.23594,0.234908,0.313113,0.007913,0.012242,0.007567,-4.1,10.358
1996-03-13,wheat/winter wheat,2,0.42,0,2.62,573.1,555.9,0,0,1.1077,0,0.468516,0.23594,0.234908,0.313121,0.007913,0.012242,0.007567,-3.1,6.443
1996-03-14,wheat/winter wheat,2,0.42,0,2.62,572.8,555.7,0,0,1.1075,0,0.468541,0.23594,0.234908,0.31313,0.007913,0.012242,0.007567,-1,4.945
1996-03-15,wheat/winter wheat,2,0.42,0,2.62,572.5,555.6,0,0,1.1072,0,0.468566,0.23594,0.234908,0.313138,0.007913,0.012242,0.007567,-0.7,8.523
1996-03-16,wheat/winter wheat,2,0.42,0,2.62,590.7,572.3,0,0,1.1069,0,0.46859,0.23594,0.234908,0.313146,0.007913,0.012242,0.007567,0.2,2.851
1996-03-17,wheat/winter wheat,2,0.42,0,2.62,609.8,590,0,0,1.1402,0,0.468613,0.23594,0.234908,0.313154,0.007913,0.012242,0.007567,0.6,2.834
1996-03-18,wheat/winter wheat,2,0.421,0,2.62,636.7,614.7,0,0,1.1752,0,0.468635,0.23594,0.234908,0.313161,0.007913,0.012242,0.007567,1.1,12.527
1996-03-19,wheat/winter wheat,2,0.421,0,2.62,663.2,639.1,0,0,1.2243,0,0.468657,0.23594,0.234908,0.313168,0.007913,0.012241,0.007567,0,13.529
1996-03-20,wheat/winter wheat,2,0.421,0,2.62,691.6,665.3,0,0,1.2727,0,0.468679,0.23594,0.234908,0.313176,0.007913,0.012241,0.007566,0.3,16.996
1996-03-21,wheat/winter wheat,2,0.421,0,2.62,691.2,665.1,0,0,1.3248,0,0.4687,0.23594,0.234908,0.313183,0.007913,0.012241,0.007566,-0.3,15.217
1996-03-22,wheat/winter wheat,2,0.422,0,2.61,723.6,694.8,0,0,1.3244,0,0.46872,0.23594,0.234908,0.313189,0.007913,0.01224,0.007566,2.5,12.311
1996-03-23,wheat/winter wheat,2,0.424,0,2.4,759.3,727.3,0,0,1.3833,1.2,0.46874,0.23594,0.234908,0.313196,0.007913,0.01224,0.007566,3.9,11.443
1996-03-24,wheat/winter wheat,2,0.425,0,1.89,786.6,752,0,0,1.4478,5.1,0.468759,0.23594,0.234908,0.313202,0.007913,0.012239,0.007566,2.6,2.504
1996-03-25,wheat/winter wheat,2,0.425,0,2.59,786.2,751.8,0,0,1.4968,0,0.468778,0.23594,0.234908,0.313209,0.007913,0.012239,0.007566,-0.1,3.842
1996-03-26,wheat/winter wheat,2,0.426,0,2.58,820.5,782.7,0,0,1.4964,0,0.368797,0.33594,0.234908,0.313215,0.007913,0.012239,0.007566,2.4,10.367
1996-03-27,wheat/winter wheat,2,0.426,0,0.96,860.4,818.6,0,0,1.5577,0,0.341309,0.434449,0.234191,0.33665,0.007913,0.012239,0.007566,1.8,19.894
1996-03-28,wheat/winter wheat,2,0.427,0,0.96,898.1,852.5,0,0,1.6289,0,0.302504,0.469133,0.23361,0.335082,0.007913,0.012239,0.007566,1.7,12.514
1996-03-29,wheat/winter wheat,2,0.427,0,0.66,930.9,881.9,0,0,1.696,1.8,0.318512,0.469996,0.233375,0.340628,0.007913,0.012239,0.007566,1.3,6.565
1996-03-30,wheat/winter wheat,2,0.427,0,0.72,963.9,911.5,0,0,1.7543,2.3,0.341096,0.470141,0.233248,0.348162,0.007913,0.012239,0.007565,0.6,6.956
1996-03-31,wheat/winter wheat,2,0.427,0,1,963.4,911.2,0,0,1.8129,0.2,0.342347,0.470313,0.233248,0.348636,0.007913,0.012239,0.007565,-0.4,9.749
1996-04-01,wheat/winter wheat,2,0.427,0,1,962.9,911,0,0,1.8124,0,0.342347,0.470313,0.233248,0.348636,0.007913,0.012239,0.007565,-0.6,16.014
1996-04-02,wheat/winter wheat,2,0.427,0,1,962.4,910.7,0,0,1.8119,0,0.342347,0.470313,0.233248,0.348636,0.007913,0.012239,0.007565,-0.2,17.018
1996-04-03,wheat/winter wheat,2,0.427,0,0.96,998.9,943.5,0,0,1.8114,0,0.340676,0.469611,0.232885,0.347724,0.007913,0.012239,0.007565,1,8.224
1996-04-04,wheat/winter wheat,2,0.429,0,0.96,1044.3,984,0,0,1.8763,0,0.337668,0.469328,0.232369,0.346455,0.007913,0.012239,0.007565,3,12.215
1996-04-05,wheat/winter wheat,2,0.43,0,0.97,1082.9,1018.2,0,0,1.9564,0,0.33561,0.469847,0.232119,0.345859,0.007913,0.012239,0.007565,3.4,3.695
1996-04-06,wheat/winter wheat,2,0.436,0,0.97,1159.1,1083.9,0,0,2.024,0,0.24082,0.45697,0.330846,0.342879,0.007912,0.012239,0.007565,8.9,18.541
1996-04-07,wheat/winter wheat,2,0.443,0,0.99,1241.7,1153.6,0,0,2.1537,0,0.232601,0.356447,0.429045,0.339364,0.007912,0.012238,0.007565,9,21.008
1996-04-08,wheat/winter wheat,2,0.448,0,0.99,1327.3,1224.1,0,0,2.2907,0,0.227839,0.312947,0.46883,0.336539,0.007911,0.012238,0.007565,8.6,19.478
1996-04-09,wheat/winter wheat,2,0.453,0,0.99,1401.7,1284.1,0,0,2.4293,0,0.224477,0.244119,0.43495,0.301182,0.00791,0.012236,0.007565,7.2,14.745
1996-04-10,wheat/winter wheat,2,0.457,0,0.99,1471.3,1339.6,0,0,2.5471,2,0.237284,0.239816,0.341136,0.272745,0.007909,0.012235,0.007565,5.7,13.567
1996-04-11,wheat/winter wheat,2,0.458,0,1,1518.5,1377,0,0,2.6559,2.2,0.242153,0.24207,0.253778,0.246,0.007909,0.012233,0.007565,1.9,3.257
1996-04-12,wheat/winter wheat,2,0.458,0,1,1517.7,1376.6,0,0,2.7292,0.3,0.239941,0.240582,0.242999,0.241174,0.007908,0.012231,0.007564,-0.6,14.16
1996-04-13,wheat/winter wheat,2,0.458,0,0.84,1568.2,1416.7,0,0,2.7285,0.7,0.240402,0.240448,0.241078,0.240643,0.007908,0.01223,0.007564,0.7,7.316
1996-04-14,wheat/winter wheat,2,0.46,0,0.99,1654,1483.9,0,0,2.807,0,0.234075,0.237073,0.238418,0.236522,0.007908,0.012229,0.007564,4.7,20.893
1996-04-15,wheat/winter wheat,2,0.465,0,0.99,1750,1558,0,0,2.9386,0,0.228726,0.233767,0.235778,0.232757,0.007908,0.012229,0.007564,6.1,23.446
1996-04-16,wheat/winter wheat,2,0.47,0,0.99,1857.4,1639.1,0,0,3.0833,0,0.223473,0.230972,0.233671,0.229372,0.007907,0.012228,0.007563,7.5,23.525
1996-04-17,wheat/winter wheat,2,0.476,0,0.99,1974,1724.9,0,0,3.2414,0,0.217482,0.227708,0.231406,0.225532,0.007907,0.012226,0.007563,8.9,23.207
1996-04-18,wheat/winter wheat,2,0.485,0,0.99,2104.2,1817.4,0,0,3.4082,0,0.210864,0.224015,0.228829,0.221236,0.007906,0.012225,0.007563,11.7,22.283
1996-04-19,wheat/winter wheat,2,0.495,0,0.99,2234,1905.8,0,0,3.5873,0,0.204714,0.220502,0.226364,0.217193,0.007905,0.012223,0.007562,13.4,19.999
1996-04-20,wheat/winter wheat,2,0.506,0,0.99,2367.1,1992.2,0,0,3.7578,0,0.197889,0.21652,0.223556,0.212655,0.007904,0.01222,0.007562,15.2,19.543
1996-04-21,wheat/winter wheat,2,0.52,0,0.99,2516.4,2083.8,0,0,3.9238,0,0.189639,0.211647,0.220109,0.207132,0.007903,0.012217,0.007561,17.6,22.254
1996-04-22,wheat/winter wheat,2,0.535,0,0.99,2663.4,2168.4,0,0,4.0986,0,0.181595,0.206774,0.216648,0.201672,0.007901,0.012213,0.007561,18.7,21.338
1996-04-23,wheat/winter wheat,2,0.55,0,0.99,2817,2251.1,0,0,4.2594,0,0.172331,0.201034,0.212556,0.195307,0.007899,0.012209,0.00756,19.7,22.003
1996-04-24,wheat/winter wheat,2,0.56,0,0.98,2900.9,2294.4,0,0,4.416,4.2,0.210408,0.200049,0.211794,0.207417,0.007897,0.012204,0.007559,12.9,6.477
1996-04-25,wheat/winter wheat,2,0.569,0,0.98,3048.5,2367.5,0,0,4.4977,0,0.204653,0.196735,0.209234,0.203541,0.007895,0.012199,0.007558,11.5,19.097
1996-04-26,wheat/winter wheat,2,0.576,0,0.98,3166,2423.8,0,0,4.6354,0.1,0.201077,0.19464,0.20762,0.201112,0.007893,0.012194,0.007557,10,13.043
1996-04-27,wheat/winter wheat,2,0.584,0,0.98,3340.1,2504.1,0,0,4.741,0,0.194765,0.190923,0.204752,0.196813,0.007891,0.012189,0.007556,10.4,25.81
1996-04-28,wheat/winter wheat,2,0.594,0,1,3487.1,2569.1,0,0,4.8914,0,0.189375,0.187485,0.20226,0.19304,0.007889,0.012185,0.007555,12.4,17.633
1996-04-29,wheat/winter wheat,2,0.601,0,0.99,3636.6,2632.8,0,0,5.0125,3,0.212758,0.185248,0.200532,0.199513,0.007888,0.01218,0.007554,9.5,16.542
1996-04-30,wheat/winter wheat,2,0.607,0,0.99,3742.3,2676.5,0,0,5.1312,0,0.210108,0.183637,0.199287,0.197678,0.007886,0.012175,0.007553,8.6,8.695
1996-05-01,wheat/winter wheat,2,0.616,0,0.99,3913.3,2744.3,0,0,5.2123,0,0.205056,0.180546,0.196897,0.194167,0.007884,0.01217,0.007552,11,19.541
1996-05-02,wheat/winter wheat,2,0.624,0,0.99,4010.1,2781.3,0,0,5.3378,0.1,0.203343,0.179488,0.196079,0.19297,0.007882,0.012166,0.007551,10,6.53
1996-05-03,wheat/winter wheat,2,0.632,0,0.99,4144.7,2830.4,0,0,5.406,20.4,0.301195,0.242994,0.229761,0.257983,0.007882,0.012162,0.00755,11,13.698
1996-05-04,wheat/winter wheat,2,0.639,0,1,4242.2,2864.8,0,0,5.4964,4.2,0.244622,0.245109,0.245129,0.244953,0.00788,0.012157,0.007549,9,5.827
1996-05-05,wheat/winter wheat,2,0.644,0,1,4378.9,2911.7,0,0,5.5596,0,0.235297,0.238236,0.239824,0.237786,0.007879,0.012153,0.007549,6.6,14.183
1996-05-06,wheat/winter wheat,2,0.65,0,1,4566.8,2974.3,0,0,5.6456,0,0.2296,0.233606,0.235903,0.233036,0.007877,0.012149,0.007548,7.7,23.285
1996-05-07,wheat/winter wheat,2,0.657,0,1,4679.1,3010.4,0,0,5.7601,0.1,0.226821,0.231746,0.234343,0.23097,0.007876,0.012145,0.007547,8.4,8.644
1996-05-08,wheat/winter wheat,2,0.662,0,1,4775.9,3040.7,0,0,5.826,17,0.292415,0.245967,0.245799,0.261394,0.007875,0.012142,0.007546,7,3.893
1996-05-09,wheat/winter wheat,2,0.666,0,1,4873.6,3070.6,0,0,5.8811,0.3,0.245017,0.245094,0.245143,0.245085,0.007874,0.012138,0.007545,5.3,2.341
1996-05-10,wheat/winter wheat,2,0.67,0,1,4972.3,3100.1,0,0,5.9355,3.6,0.244431,0.244471,0.244511,0.244471,0.007873,0.012135,0.007545,5.3,4.515
1996-05-11,wheat/winter wheat,2,0.677,0,1,5101.9,3137.4,0,0,5.9892,0,0.23678,0.239042,0.240311,0.238711,0.007872,0.012132,0.007544,8.8,11.225
1996-05-12,wheat/winter wheat,2,0.684,0,1,5204.9,3165.8,0,0,6.0567,0,0.234573,0.236762,0.238164,0.2365,0.007872,0.012129,0.007543,8.8,5.852
1996-05-13,wheat/winter wheat,2,0.695,0,1,5375.8,3209.9,0,0,6.108,0,0.229173,0.232681,0.23482,0.232225,0.00787,0.012126,0.007542,13.4,17.335
1996-05-14,wheat/winter wheat,3,0.706,0,1,5568.5,3258.1,0,0,6.1873,0,0.223092,0.228532,0.231758,0.227794,0.007869,0.012123,0.007542,13.2,20.575
1996-05-15,wheat/winter wheat,3,0.715,0,1,5717.8,3295.3,0,0,6.2738,0.1,0.218113,0.225126,0.229272,0.22417,0.007868,0.012119,0.007541,11.8,13.781
1996-05-16,wheat/winter wheat,3,0.722,0,1,5859.4,3330.5,0,0,6.3406,0.4,0.215356,0.223234,0.22789,0.22216,0.007867,0.012116,0.00754,9.3,12.032
1996-05-17,wheat/winter wheat,3,0.731,0,1,5981.4,3360.8,0,0,6.4037,0.9,0.216785,0.222192,0.227129,0.222035,0.007866,0.012112,0.007539,12.1,9.724
1996-05-18,wheat/winter wheat,3,0.744,0,1,6184,3411,0,0,6.4579,4.8,0.23642,0.232527,0.224695,0.231214,0.007865,0.012109,0.007539,16.6,21.699
1996-05-19,wheat/winter wheat,3,0.757,0,1,6380,3459.4,0,0,6.5475,0.2,0.228853,0.227866,0.221102,0.22594,0.007863,0.012105,0.007538,16.7,21.378
1996-05-20,wheat/winter wheat,3,0.766,0,1,6488.9,3486.2,0,0,6.6338,18.6,0.306477,0.245179,0.244864,0.265507,0.007863,0.012102,0.007537,11.2,7.498
1996-05-21,wheat/winter wheat,3,0.775,0,1,6716.3,3542.1,0,0,6.6816,0,0.236168,0.239048,0.240781,0.238666,0.007861,0.012098,0.007536,11.8,25.349
1996-05-22,wheat/winter wheat,3,0.784,0,1,6874.3,3580.9,0,0,6.7811,0.5,0.231469,0.234799,0.236941,0.234403,0.00786,0.012094,0.007535,11.9,14.548
1996-05-23,wheat/winter wheat,3,0.793,0,1,7021.5,3617,0,0,6.85,1.1,0.232558,0.233463,0.235518,0.233846,0.007858,0.01209,0.007535,10.9,12.49
1996-05-24,wheat/winter wheat,3,0.805,0,1,7197.6,3660,0,0,6.9139,1.7,0.234015,0.232348,0.233124,0.233162,0.007857,0.012086,0.007534,14.9,18.011
1996-05-25,wheat/winter wheat,3,0.817,0,1,7351.1,3697.4,0,0,6.9902,8.3,0.242283,0.24291,0.243048,0.242747,0.007855,0.012082,0.007533,14.9,15.051
1996-05-26,wheat/winter wheat,3,0.827,0,1,7544.1,3744.4,0,0,7.0563,5.4,0.240121,0.24148,0.242301,0.241301,0.007854,0.012077,0.007532,12,20.084
1996-05-27,wheat/winter wheat,3,0.837,0,1,7699,3782,0,0,7.1392,5.2,0.242058,0.242694,0.243071,0.242608,0.007852,0.012073,0.007531,12.7,14.711
1996-05-28,wheat/winter wheat,3,0.843,0,1,7822.8,3812,0,0,7.2056,3.3,0.242682,0.242869,0.242998,0.24285,0.007851,0.012069,0.00753,8.1,9.803
1996-05-29,wheat/winter wheat,3,0.853,0,1,8049.9,3866.9,0,0,7.2584,0,0.22879,0.233056,0.235677,0.232507,0.007849,0.012065,0.007529,11.8,25.9
1996-05-30,wheat/winter wheat,3,0.868,0,1,8191.4,3901,0,0,7.355,0,0.221452,0.227872,0.231709,0.227011,0.007848,0.01206,0.007528,18,14.866
1996-05-31,wheat/winter wheat,3,0.886,0,1,8406.8,3952.8,0,0,7.4148,0,0.206943,0.217606,0.224167,0.216239,0.007846,0.012056,0.007527,21.1,28.465
1996-06-01,wheat/winter wheat,3,0.9,0,1,8601.7,3999.5,0,0,7.5053,0.3,0.198285,0.211465,0.219653,0.209801,0.007844,0.01205,0.007526,15.9,21.989
1996-06-02,wheat/winter wheat,3,0.91,0,1,8719.2,4027.5,0,0,7.587,2.5,0.20971,0.210386,0.21886,0.212985,0.007842,0.012045,0.007525,12.4,10.132
1996-06-03,wheat/winter wheat,3,0.92,0,1,8824.7,4052.7,0,0,7.636,3.9,0.235935,0.21064,0.21882,0.221798,0.007841,0.01204,0.007524,12,7.394
1996-06-04,wheat/winter wheat,3,0.933,0,1,9066.9,4110.3,0,0,7.6798,0,0.223855,0.20255,0.212615,0.213007,0.007839,0.012035,0.007523,15.5,27.979
1996-06-05,wheat/winter wheat,3,0.948,0,1,9287.6,4162.7,0,0,7.7799,0,0.212174,0.194348,0.20649,0.204337,0.007837,0.012029,0.007522,17.6,25.865
1996-06-06,wheat/winter wheat,3,0.966,0,1,9519,4217.3,0,0,7.8706,0,0.196472,0.183319,0.198229,0.192673,0.007834,0.012024,0.007521,19.9,30.08
1996-06-07,wheat/winter wheat,3,0.985,0,1,9727.7,4266.4,0,0,7.9651,0,0.181252,0.172522,0.190169,0.181314,0.007832,0.012018,0.007519,22.2,28.922
1996-06-08,wheat/winter wheat,3,1.006,0,1,9882.8,4302.8,0,0,8.0498,1.3,0.168915,0.163698,0.183548,0.172054,0.00783,0.012013,0.007518,23.9,26.542
1996-06-09,wheat/winter wheat,3,1.025,0,1,10031.8,4337.6,0,0,8.1122,0.2,0.158273,0.156036,0.177775,0.164028,0.007828,0.012007,0.007517,21.4,20.415
1996-06-10,wheat/winter wheat,3,1.043,0,1,10218,4380.8,0,0,8.1719,0.1,0.145584,0.147098,0.170239,0.154307,0.007826,0.012002,0.007515,20.5,23.912
1996-06-11,wheat/winter wheat,3,1.062,0,1,10409.9,4425.3,0,0,8.2459,0,0.133941,0.138049,0.161092,0.14436,0.007824,0.011997,0.007514,21.7,26.692
1996-06-12,wheat/winter wheat,3,1.081,0,1,10577.3,4463.9,0,0,8.3217,0.1,0.124599,0.130193,0.151551,0.135448,0.007822,0.011992,0.007513,20.9,21.316
1996-06-13,wheat/winter wheat,3,1.092,0,1,10784.4,4511.6,0,0,8.3874,1.4,0.119686,0.125661,0.14584,0.130396,0.007821,0.011988,0.007512,13,22.868
1996-06-14,wheat/winter wheat,4,1.1,0,1,10974.2,4554.5,3.1,2.6,8.4684,0,0.114233,0.120478,0.139055,0.124589,0.007819,0.011984,0.00751,12.7,20.599
1996-06-15,wheat/winter wheat,4,1.1,0,1,11225.6,4607.1,25.3,21.5,8.541,0,0.108313,0.114675,0.131135,0.118041,0.007818,0.01198,0.007509,14.3,28.402
1996-06-16,wheat/winter wheat,4,1.1,0,1,11456.8,4651.5,61.8,52.6,8.6296,0,0.104657,0.110562,0.125316,0.113512,0.007817,0.011976,0.007508,14.1,25.383
1996-06-17,wheat/winter wheat,4,1.1,0,1,11661.7,4687.4,109.4,93,8.7042,0,0.101741,0.106747,0.119844,0.109444,0.007816,0.011973,0.007508,15.2,23.484
1996-06-18,wheat/winter wheat,4,1.1,0,1,11850.7,4717.1,167.4,142.3,8.7641,0.3,0.09951,0.103897,0.115048,0.106152,0.007815,0.01197,0.007507,15.6,19.684
1996-06-19,wheat/winter wheat,4,1.1,0,1,11973.7,4734.8,211.8,180,8.8136,0.5,0.098778,0.102979,0.1133,0.105019,0.007814,0.011967,0.007506,11.7,10.076
1996-06-20,wheat/winter wheat,4,1.1,0,1,12136.6,4756.4,279,237.1,8.8431,0,0.097579,0.101484,0.110342,0.103135,0.007813,0.011964,0.007505,11.4,15.757
1996-06-21,wheat/winter wheat,4,1.1,0,1,12288.1,4774.6,349,296.6,8.8787,1.1,0.096974,0.100737,0.108809,0.102173,0.007812,0.011961,0.007505,11.2,15.022
1996-06-22,wheat/winter wheat,4,1.1,0,1,12440.2,4791,427.2,363.1,8.9088,0,0.096128,0.099696,0.106734,0.100853,0.007812,0.011959,0.007504,11.8,14.182
1996-06-23,wheat/winter wheat,4,1.1,0,1,12552.7,4801.8,491,417.4,8.9358,0,0.09557,0.099006,0.105418,0.0999981,0.007811,0.011956,0.007503,12.1,8.993
1996-06-24,wheat/winter wheat,4,1.1,0,1,12680.7,4812.4,570.1,484.6,8.9535,0,0.094988,0.098287,0.104081,0.0991185,0.00781,0.011954,0.007503,12,10.783
1996-06-25,wheat/winter wheat,4,1.1,0,1,12799.1,4820.6,650.4,552.8,8.9709,0,0.094484,0.097664,0.102957,0.0983683,0.007809,0.011952,0.007502,13.9,10.474
1996-06-26,wheat/winter wheat,4,1.1,0,1,12988.2,4831,790,671.5,8.9842,0,0.093697,0.096688,0.101234,0.0972063,0.007809,0.01195,0.007502,14.5,19.873
1996-06-27,wheat/winter wheat,4,1.1,0,1,13143.6,4837.3,914.1,777,9.001,0,0.093082,0.095924,0.099932,0.0963128,0.007808,0.011948,0.007501,14.5,15.495
1996-06-28,wheat/winter wheat,4,1.1,0,1,13317.1,4842.2,1062,902.7,9.0112,0,0.092472,0.095165,0.09867,0.0954356,0.007808,0.011946,0.007501,13.4,17.852
1996-06-29,wheat/winter wheat,4,1.1,0,1,13413.4,4843.6,1149.5,977.1,9.019,28.3,0.256036,0.195127,0.098605,0.183256,0.007806,0.01194,0.0075,14.3,10.331
1996-06-30,wheat/winter wheat,4,1.1,0,1,13537.2,4843.9,1268,1077.8,9.0212,1.7,0.241176,0.20767,0.098558,0.182468,0.007804,0.011934,0.0075,12.5,10.64
1996-07-01,wheat/winter wheat,5,1.094,0,1,13703.3,4842.4,1430.8,1216.1,9.0218,2.6,0.237186,0.211705,0.098428,0.18244,0.007802,0.011928,0.007499,14.1,16.325
1996-07-02,wheat/winter wheat,5,1.091,17,1,13883,4840.2,1607.5,1366.4,9.0127,1.7,0.301213,0.241389,0.164216,0.235606,0.007801,0.011923,0.007498,13,18.236
1996-07-03,wheat/winter wheat,5,1.087,0,1,14079,4837,1801,1530.9,8.9993,0,0.232803,0.236132,0.209441,0.226125,0.007799,0.011918,0.007497,14.7,20.467
1996-07-04,wheat/winter wheat,5,1.081,0,1,14212,4832.3,1935,1644.8,8.9801,0.3,0.221958,0.227987,0.203904,0.21795,0.007797,0.011912,0.007495,17.7,15.12
1996-07-05,wheat/winter wheat,5,1.074,17,1.01,14384.3,4826,2108.9,1792.6,8.952,33.5,0.370313,0.246022,0.244907,0.287081,0.007797,0.011907,0.007494,18.6,20.707
1996-07-06,wheat/winter wheat,5,1.07,0,1,14486.6,4818.8,2215.6,1883.3,8.914,4.4,0.348435,0.24627,0.246254,0.280319,0.007797,0.011901,0.007493,14.1,9.205
1996-07-07,wheat/winter wheat,5,1.066,0,1.03,14671.4,4810.8,2403.5,2043,8.871,0.1,0.364479,0.246273,0.246273,0.285675,0.007796,0.011896,0.007492,14,19.395
1996-07-08,wheat/winter wheat,5,1.064,0,1,14760.6,4802.4,2498.8,2124,8.823,15.5,0.351982,0.246273,0.246273,0.281509,0.007796,0.011891,0.00749,12,3.157
1996-07-09,wheat/winter wheat,5,1.062,0,1,14859.1,4793.4,2603.6,2213,8.7723,5.8,0.360373,0.246273,0.246273,0.284306,0.007796,0.011885,0.007489,12.1,7.888
1996-07-10,wheat/winter wheat,5,1.058,0,1,15066.4,4783.6,2815.4,2393.1,8.7188,0,0.247269,0.236888,0.239285,0.241147,0.007794,0.01188,0.007488,14.7,22.508
1996-07-11,wheat/winter wheat,5,1.055,0,1,15149.1,4773.1,2906.5,2470.5,8.6599,1.7,0.24081,0.239619,0.239499,0.239976,0.007792,0.011875,0.007487,13.8,6.272
1996-07-12,wheat/winter wheat,5,1.049,0,1,15263,4761.4,3029.3,2574.9,8.5966,0.3,0.233696,0.235496,0.23661,0.235267,0.00779,0.01187,0.007485,16.5,12.196
1996-07-13,wheat/winter wheat,5,1.043,0,1,15425.8,4748.3,3201.3,2721.1,8.5264,0.2,0.224,0.228376,0.231159,0.227845,0.007789,0.011864,0.007484,18.1,19.022
1996-07-14,wheat/winter wheat,5,1.035,0,1,15574,4733.6,3360.6,2856.5,8.4479,0,0.213215,0.220605,0.22543,0.21975,0.007787,0.011858,0.007483,19.6,18.473
1996-07-15,wheat/winter wheat,5,1.031,0,1,15778.7,4718.1,3576.1,3039.7,8.3598,0,0.201464,0.212145,0.219195,0.210934,0.007785,0.011853,0.007481,15.2,21.914
1996-07-16,wheat/winter wheat,5,1.027,17,1,15980.1,4701.9,3789.1,3220.8,8.2667,0,0.259356,0.237117,0.238481,0.244984,0.007783,0.011847,0.00748,14.1,22.669
1996-07-17,wheat/winter wheat,5,1.023,0,1,16218.6,4685.1,4039.1,3433.2,8.1698,0,0.229714,0.232611,0.234419,0.232248,0.007781,0.011841,0.007479,14.5,26.44
1996-07-18,wheat/winter wheat,5,1.021,0,1,16340.2,4668.1,4175,3548.8,8.069,14.8,0.257851,0.245777,0.245664,0.249764,0.007779,0.011836,0.007478,12.1,12.504
1996-07-19,wheat/winter wheat,5,1.018,0,1,16556.9,4650.7,4404.4,3743.8,7.9666,0.1,0.232815,0.236023,0.238173,0.235671,0.007777,0.011831,0.007476,12.5,24.091
1996-07-20,wheat/winter wheat,5,1.015,0,1,16793,4632.9,4653.2,3955.2,7.8623,0,0.222035,0.228094,0.231717,0.227282,0.007775,0.011825,0.007475,13.4,26.296
1996-07-21,wheat/winter wheat,5,1.011,0,1,16989.9,4614.5,4864.4,4134.8,7.7555,0,0.212339,0.221185,0.226635,0.220053,0.007773,0.011819,0.007474,14.9,22.054
1996-07-22,wheat/winter wheat,5,1.006,0,1,17210.4,4595.2,5099.6,4334.6,7.6449,0,0.200593,0.212831,0.220491,0.211305,0.007771,0.011813,0.007472,16.3,25.847
1996-07-23,wheat/winter wheat,5,0.999,17,1,17416,4574.9,5321.4,4523.2,7.5296,0,0.255801,0.235414,0.237261,0.242825,0.007769,0.011807,0.007471,18.6,25.556
1996-07-24,wheat/winter wheat,5,0.993,0,1,17501,4553.9,5425.8,4611.9,7.4078,19.9,0.335522,0.246133,0.245998,0.275884,0.007769,0.011802,0.00747,16.7,9.894
1996-07-25,wheat/winter wheat,5,0.988,0,1,17599,4532.3,5543.6,4712.1,7.2815,1.9,0.246148,0.246148,0.246146,0.246147,0.007767,0.011796,0.007468,15.8,11.104
1996-07-26,wheat/winter wheat,5,0.985,0,1,17681.4,4510.3,5646.4,4799.4,7.1518,0,0.236959,0.239319,0.240705,0.238994,0.007765,0.01179,0.007467,14.5,7.713
1996-07-27,wheat/winter wheat,5,0.978,0,1,17897.9,4487.6,5881.8,4999.5,7.0199,0.1,0.224453,0.229719,0.233093,0.229088,0.007763,0.011784,0.007466,17.8,26.087
1996-07-28,wheat/winter wheat,5,0.972,0,1,18007.6,4464.2,6012.9,5110.9,6.8836,0,0.217904,0.225149,0.229744,0.224266,0.00776,0.011778,0.007464,17.1,13.135
1996-07-29,wheat/winter wheat,5,0.967,0,1,18179.2,4440.4,6205.6,5274.7,6.7436,0,0.208039,0.218291,0.224723,0.217018,0.007758,0.011772,0.007463,17.1,20.915
1996-07-30,wheat/winter wheat,5,0.961,17,1,18278.2,4416,6327.3,5378.2,6.6004,6.2,0.320284,0.245366,0.244968,0.270206,0.007757,0.011766,0.007461,16.9,13.091
1996-07-31,wheat/winter wheat,5,0.955,0,1,18392.1,4391.3,6464.2,5494.6,6.4544,0,0.239104,0.241212,0.242451,0.240923,0.007755,0.01176,0.00746,17,14.02
1996-08-01,wheat/winter wheat,5,0.947,0,1,18533,4365.8,6628.4,5634.2,6.3059,0.3,0.228845,0.233222,0.235915,0.232661,0.007753,0.011754,0.007459,19.8,19.361
1996-08-02,wheat/winter wheat,5,0.941,0,1,18705.8,4340,6824.6,5800.9,6.1532,2.7,0.231093,0.230054,0.233029,0.231392,0.007751,0.011747,0.007457,18.2,21.911
1996-08-03,wheat/winter wheat,5,0.936,0,1,18891.3,4314,7033.6,5978.5,5.9979,0,0.22164,0.223668,0.22838,0.224563,0.007748,0.011741,0.007456,15.6,20.921
1996-08-04,wheat/winter wheat,5,0.932,0,1,19062.2,4288.2,7228.1,6143.9,5.8423,0,0.213201,0.218005,0.224261,0.218489,0.007746,0.011734,0.007454,14.5,19.68
1996-08-05,wheat/winter wheat,5,0.927,17,0.99,19266.2,4262.4,7455.3,6337,5.6872,0.8,0.275153,0.240711,0.241408,0.252424,0.007744,0.011728,0.007453,15.4,24.347
1996-08-06,wheat/winter wheat,5,0.922,0,1,19429.6,4236.5,7642.5,6496.1,5.5324,0,0.23489,0.237865,0.23938,0.237378,0.007742,0.011722,0.007451,16.5,20.329
1996-08-07,wheat/winter wheat,5,0.916,0,1,19603,4210.6,7839.9,6663.9,5.3773,0,0.22396,0.229961,0.233173,0.229031,0.00774,0.011715,0.00745,17.5,21.769
1996-08-08,wheat/winter wheat,5,0.91,0,1,19709.1,4184.5,7970.8,6775.2,5.2216,0,0.216795,0.225314,0.229817,0.223976,0.007737,0.011709,0.007448,17.9,14.364
1996-08-09,wheat/winter wheat,5,0.902,0,1,19880.5,4158.3,8166.7,6941.7,5.0654,0,0.202935,0.216411,0.2234,0.214249,0.007735,0.011702,0.007446,19.5,23.211
1996-08-10,wheat/winter wheat,5,0.895,17,0.98,20051.1,4132.1,8361.8,7107.6,4.9082,0,0.258512,0.237215,0.23862,0.244782,0.007733,0.011695,0.007445,18.4,24.011
1996-08-11,wheat/winter wheat,5,0.887,0,1,20165.6,4105.8,8501.7,7226.4,4.751,0,0.230075,0.233998,0.235594,0.233222,0.00773,0.011688,0.007443,20.3,19.165
1996-08-12,wheat/winter wheat,5,0.88,0,1,20204.9,4079.6,8566.9,7281.9,4.5931,0,0.224359,0.23046,0.232919,0.229246,0.007727,0.011681,0.007442,18.9,8.281
1996-08-13,wheat/winter wheat,5,0.874,0,1,20258.3,4053.7,8645.8,7348.9,4.4358,10.3,0.245668,0.24524,0.244739,0.245216,0.007725,0.011674,0.00744,16.5,8.744
1996-08-14,wheat/winter wheat,5,0.869,0,1,20390.5,4028.2,8802.6,7482.2,4.2804,0,0.232951,0.237104,0.238986,0.236347,0.007722,0.011667,0.007438,16.5,19.267
1996-08-15,wheat/winter wheat,5,0.865,0,1,20433.7,4003.2,8870.5,7539.9,4.1273,1.8,0.233695,0.236566,0.237987,0.236083,0.00772,0.01166,0.007437,15.3,6.41
1996-08-16,wheat/winter wheat,5,0.859,0,1,20471.7,3978.6,8932.9,7592.9,3.9772,2.7,0.241662,0.240443,0.239662,0.240589,0.007718,0.011654,0.007435,16.3,6.707
1996-08-17,wheat/winter wheat,5,0.853,0,1,20565.1,3954.4,9050,7692.5,3.8298,0,0.233383,0.236338,0.237334,0.235685,0.007716,0.011647,0.007433,18.1,16.255
1996-08-18,wheat/winter wheat,5,0.846,0,1,20660.3,3930.5,9168.6,7793.3,3.6844,0,0.225152,0.231387,0.233673,0.230071,0.007713,0.01164,0.007432,17.7,17.327
1996-08-19,wheat/winter wheat,5,0.839,0,0.99,20780.9,3907,9312.2,7915.4,3.5415,0,0.214052,0.225233,0.229385,0.22289,0.007711,0.011633,0.00743,19.8,22.079
1996-08-20,wheat/winter wheat,5,0.83,0,0.99,20879.1,3883.8,9433.4,8018.4,3.4004,0,0.201674,0.218482,0.224702,0.214952,0.007708,0.011626,0.007428,20.7,21.233
1996-08-21,wheat/winter wheat,5,0.822,17,0.96,20971.4,3861,9548.3,8116.1,3.261,0,0.259966,0.240502,0.240995,0.247154,0.007705,0.011619,0.007427,20.3,19.951
1996-08-22,wheat/winter wheat,5,0.814,0,1,21059.4,3838.6,9658.6,8209.8,3.124,9.8,0.241192,0.243526,0.244276,0.242998,0.007702,0.011611,0.007425,19.7,19.384
1996-08-23,wheat/winter wheat,5,0.806,0,0.99,21152.5,3816.7,9773.6,8307.5,2.9896,0,0.227586,0.234737,0.237508,0.233277,0.007699,0.011603,0.007423,20,20.179
1996-08-24,wheat/winter wheat,6,0.772,0,0.8,21206.1,3795.4,9848.4,8371.1,2.8581,9.6,0.244767,0.245148,0.245061,0.244992,0.007696,0.011595,0.007421,19,14.564
1996-08-25,wheat/winter wheat,6,0.598,0,0.98,21240,3775.1,9902.5,8417.2,2.7303,1.1,0.240046,0.241403,0.242109,0.241186,0.007693,0.011587,0.007419,16.9,11.367
1996-08-26,wheat/winter wheat,6,0.418,0,0.32,21272.2,3755.9,9954,8460.9,2.609,0.1,0.235865,0.239042,0.240164,0.238357,0.007691,0.011579,0.007418,17.2,19.207
1996-08-27,wheat/winter wheat,6,0.266,0,1,21273.4,3737.7,9973.4,8477.4,2.4936,5,0.244126,0.243727,0.243391,0.243748,0.007688,0.011572,0.007416,15.9,8.908
1996-08-28,wheat/winter wheat,6,0.25,0,1,21273.4,3737.7,9973.4,8477.4,2.3841,2.1,0.243197,0.243256,0.24327,0.243241,0.007686,0.011565,0.007414,17.2,8.957
1996-08-29,wheat/winter wheat,6,0.25,0,1,21273.4,3737.7,9973.4,8477.4,2.3841,0.1,0.239566,0.240709,0.241332,0.240536,0.007683,0.011558,0.007412,16.5,18.899
1996-08-30,wheat/winter wheat,6,0.25,0,0.46,21273.4,3737.7,9973.4,8477.4,2.3841,0,0.236644,0.238916,0.239842,0.238467,0.007681,0.011551,0.00741,16.1,15.264
1996-08-31,wheat/winter wheat,6,0.25,0,1,21273.4,3737.7,9973.4,8477.4,2.3841,1.3,0.236248,0.237877,0.23881,0.237645,0.007679,0.011544,0.007409,14.6,12.489
1996-09-01,wheat/winter wheat,6,0.25,0,1,21273.4,3737.7,9973.4,8477.4,2.3841,0,0.235959,0.237238,0.238096,0.237097,0.007677,0.011538,0.007407,12.8,15.43
1996-09-02,wheat/winter wheat,6,0.25,0,0.69,21273.4,3737.7,9973.4,8477.4,2.3841,0,0.235272,0.236696,0.237531,0.2365,0.007675,0.011532,0.007406,12.9,13.25
1996-09-03,wheat/winter wheat,6,0.25,0,0.3,21273.4,3737.7,9973.4,8477.4,2.3841,0,0.233706,0.236024,0.236979,0.23557,0.007673,0.011526,0.007404,14.9,18.439
1996-09-04,wheat/winter wheat,6,0.25,0,0.3,21273.4,3737.7,9973.4,8477.4,2.3841,0,0.232655,0.235558,0.23654,0.234918,0.007671,0.011521,0.007403,13.6,13.482
1996-09-05,wheat/winter wheat,6,0.25,0,0.3,21273.4,3737.7,9973.4,8477.4,2.3841,1.8,0.231605,0.235188,0.236172,0.234322,0.008039,0.012648,0.007604,11.7,13.859
1996-09-06,,0,0.75,0,0.96,0,0,0,0,0,2.6,0.234383,0.239619,0.239296,0.237766,0.008036,0.013521,0.007602,9.5,11.848
1996-09-07,,0,0.75,0,0.97,0,0,0,0,0,1.3,0.228164,0.23772,0.238945,0.234943,0.008034,0.013512,0.0076,12.1,15.54
1996-09-08,,0,0.75,0,0.96,0,0,0,0,0,1.8,0.232314,0.237815,0.238595,0.236241,0.008032,0.013504,0.007598,11.1,10.9
1996-09-09,,0,0.75,0,0.96,0,0,0,0,0,2.7,0.234412,0.240346,0.240748,0.238502,0.00803,0.013496,0.007596,10.8,12.057
1996-09-10,,0,0.75,0,0.97,0,0,0,0,0,0.2,0.228377,0.236848,0.238717,0.234647,0.008028,0.013489,0.007595,10.2,9.961
1996-09-11,,0,0.75,0,0.97,0,0,0,0,0,0.2,0.217833,0.233618,0.236605,0.229352,0.008026,0.013482,0.007593,10.7,16.478
1996-09-12,,0,0.75,0,0.9,0,0,0,0,0,3.8,0.237607,0.239641,0.239387,0.238878,0.008024,0.013476,0.007592,10.2,7.126
1996-09-13,,0,0.75,0,0.97,0,0,0,0,0,10.4,0.240123,0.244786,0.245447,0.243452,0.008022,0.01347,0.00759,9.8,8.632
1996-09-14,,0,0.75,0,0.97,0,0,0,0,0,1.1,0.233316,0.240398,0.241923,0.238546,0.008021,0.013464,0.007589,11.1,12.26
1996-09-15,,0,0.75,0,0.97,0,0,0,0,0,0.9,0.230437,0.237727,0.23955,0.235905,0.008019,0.013458,0.007588,9.7,13.332
1996-09-16,,0,0.75,0,0.97,0,0,0,0,0,0.1,0.221865,0.234857,0.23746,0.231394,0.008017,0.013452,0.007586,10,11.45
1996-09-17,,0,0.75,0,0.97,0,0,0,0,0,0.1,0.218358,0.233817,0.236392,0.229523,0.008015,0.013446,0.007585,9.2,4.457
1996-09-18,,0,0.75,0,0.96,0,0,0,0,0,0,0.209426,0.231828,0.235206,0.225487,0.008014,0.013441,0.007584,9.4,14.926
1996-09-19,,0,0.75,0,0.96,0,0,0,0,0,0,0.200555,0.229842,0.234265,0.221554,0.008012,0.013435,0.007583,7.8,15.967
1996-09-20,,0,0.75,0,0.95,0,0,0,0,0,0,0.192572,0.228046,0.233485,0.218034,0.008011,0.01343,0.007581,7.6,10.749
1996-09-21,,0,0.75,0,0.95,0,0,0,0,0,0,0.186811,0.226743,0.23292,0.215491,0.008009,0.013425,0.00758,8.4,6.197
1996-09-22,wheat/winter wheat,1,0.4,0,0.95,53,53,0,0,0.106,0,0.181697,0.225583,0.232416,0.213232,0.008008,0.01342,0.007579,8.6,14.642
1996-09-23,wheat/winter wheat,1,0.4,0,0.94,53,53,0,0,0.106,0,0.178494,0.224854,0.232099,0.211816,0.008007,0.013415,0.007578,8.8,7.079
1996-09-24,wheat/winter wheat,1,0.4,0,0.94,53,53,0,0,0.106,2,0.196136,0.224317,0.231866,0.21744,0.008005,0.01341,0.007577,8.9,4.859
1996-09-25,wheat/winter wheat,1,0.4,0,0.95,53,53,0,0,0.106,2.3,0.217527,0.223955,0.231709,0.224397,0.008004,0.013406,0.007576,7.8,3.48
1996-09-26,wheat/winter wheat,1,0.4,0,0.96,53,53,0,0,0.106,0.1,0.215889,0.223371,0.231455,0.223572,0.008003,0.013401,0.007575,9.4,7.717
1996-09-27,wheat/winter wheat,1,0.4,0,0.76,53,53,0,0,0.106,4.3,0.240219,0.237838,0.232882,0.23698,0.008002,0.013397,0.007574,9.8,7.988
1996-09-28,wheat/winter wheat,1,0.4,0,0.91,53,53,0,0,0.106,0.1,0.234706,0.237458,0.234726,0.23563,0.008,0.013392,0.007573,11.9,10.304
1996-09-29,wheat/winter wheat,1,0.4,0,0.9,53,53,0,0,0.106,4.7,0.242672,0.243856,0.243543,0.243357,0.007999,0.013387,0.007572,10.5,3.899
1996-09-30,wheat/winter wheat,1,0.4,0,0.97,53,53,0,0,0.106,0.8,0.237802,0.241187,0.241917,0.240302,0.007997,0.013382,0.007571,15.4,6.469
1996-10-01,wheat/winter wheat,1,0.4,0,0.97,53,53,0,0,0.106,6.1,0.241448,0.244378,0.244751,0.243526,0.007995,0.013377,0.00757,14.5,8.171
1996-10-02,wheat/winter wheat,1,0.4,0,0.97,53,53,0,0,0.106,10.2,0.243651,0.245646,0.245951,0.245083,0.007993,0.013371,0.007569,9.6,8.125
1996-10-03,wheat/winter wheat,1,0.4,0,0.97,53,53,0,0,0.106,0.1,0.23649,0.240717,0.241975,0.239727,0.007992,0.013366,0.007568,9.1,13.067
1996-10-04,wheat/winter wheat,1,0.4,0,0.97,53,53,0,0,0.106,0.8,0.237369,0.239648,0.240474,0.239164,0.00799,0.013361,0.007567,10.1,4.358
1996-10-05,wheat/winter wheat,1,0.4,0,0.97,53,53,0,0,0.106,0.1,0.235189,0.23806,0.239138,0.237462,0.007989,0.013356,0.007566,8.6,8.995
1996-10-06,wheat/winter wheat,2,0.41,0,0.97,57,56.8,0,0,0.106,0.1,0.233362,0.236813,0.238064,0.23608,0.007987,0.013351,0.007565,9.9,9.457
1996-10-07,wheat/winter wheat,2,0.41,0,0.97,61.2,60.9,0,0,0.1136,7.1,0.243025,0.244765,0.244793,0.244195,0.007986,0.013347,0.007564,9.1,10.267
1996-10-08,wheat/winter wheat,2,0.41,0,0.97,64.7,64.3,0,0,0.1217,0.1,0.237961,0.240754,0.241774,0.240163,0.007984,0.013342,0.007563,11.7,4.91
1996-10-09,wheat/winter wheat,2,0.41,0,0.97,68.6,68,0,0,0.1285,0.2,0.236235,0.238825,0.239981,0.238347,0.007983,0.013337,0.007562,11.7,5.678
1996-10-10,wheat/winter wheat,2,0.41,0,0.97,72.7,71.9,0,0,0.136,0,0.234081,0.237308,0.23866,0.236683,0.007981,0.013332,0.007561,9.5,6.002
1996-10-11,wheat/winter wheat,2,0.41,0,0.97,77.3,76.3,0,0,0.1437,0,0.232212,0.236236,0.237685,0.235378,0.00798,0.013328,0.00756,6,10.047
1996-10-12,wheat/winter wheat,2,0.41,0,0.97,82.3,81.2,0,0,0.1525,0,0.230157,0.235435,0.236936,0.234176,0.007979,0.013324,0.007559,7.7,9.731
1996-10-13,wheat/winter wheat,2,0.41,0,0.97,87.6,86.3,0,0,0.1621,0,0.228283,0.234843,0.236364,0.233163,0.007978,0.01332,0.007558,7.9,9.294
1996-10-14,wheat/winter wheat,2,0.41,0,0.97,92.5,90.9,0,0,0.1723,0.1,0.227766,0.234419,0.235937,0.232707,0.007977,0.013316,0.007557,7.3,7.101
1996-10-15,wheat/winter wheat,2,0.41,0,0.97,98,96.2,0,0,0.1816,0.1,0.227095,0.233982,0.235579,0.232218,0.007975,0.013311,0.007556,8.4,7.877
1996-10-16,wheat/winter wheat,2,0.41,0,0.97,103.8,101.8,0,0,0.1922,0.1,0.226395,0.23354,0.235286,0.23174,0.007974,0.013307,0.007555,10.7,6.636
1996-10-17,wheat/winter wheat,2,0.41,0,0.78,107.5,105.4,0,0,0.2033,3.7,0.242482,0.242061,0.240614,0.241719,0.007973,0.013303,0.007554,11.1,1.839
1996-10-18,wheat/winter wheat,2,0.41,0,0.97,112.5,110.2,0,0,0.2105,0,0.238013,0.239917,0.240194,0.239375,0.007971,0.013298,0.007553,9.9,4.013
1996-10-19,wheat/winter wheat,2,0.41,0,0.97,119.9,117.3,0,0,0.22,0.8,0.238366,0.239773,0.240012,0.239384,0.00797,0.013294,0.007552,10.1,9.545
1996-10-20,wheat/winter wheat,2,0.41,0,0.78,125.2,122.4,0,0,0.2342,11.3,0.250379,0.246122,0.246061,0.24752,0.007969,0.01329,0.007551,8.1,4.343
1996-10-21,wheat/winter wheat,2,0.41,0,0.98,130.1,127.1,0,0,0.2444,3.4,0.243943,0.244667,0.244833,0.244481,0.007968,0.013286,0.007551,7.5,3.277
1996-10-22,wheat/winter wheat,2,0.41,0,0.98,135,131.8,0,0,0.2537,1.4,0.241848,0.242781,0.243111,0.24258,0.007966,0.013282,0.00755,9.1,2.773
1996-10-23,wheat/winter wheat,2,0.41,0,0.98,141.2,137.8,0,0,0.2631,0,0.238161,0.240111,0.240963,0.239745,0.007965,0.013278,0.007549,6.2,5.731
1996-10-24,wheat/winter wheat,2,0.41,0,0.98,147.1,143.4,0,0,0.275,0.1,0.236793,0.238624,0.239553,0.238323,0.007964,0.013275,0.007548,6.2,4.703
1996-10-25,wheat/winter wheat,2,0.41,0,0.98,153.9,149.9,0,0,0.2863,0,0.235129,0.237422,0.238469,0.237007,0.007964,0.013272,0.007547,4.4,8.905
1996-10-26,wheat/winter wheat,2,0.41,0,0.98,161,156.7,0,0,0.2992,0.2,0.235757,0.236897,0.237773,0.236809,0.007963,0.013269,0.007547,4.6,7.869
1996-10-27,wheat/winter wheat,2,0.411,0,0.93,168.1,163.5,0,0,0.3128,5.4,0.244187,0.244467,0.244258,0.244304,0.007962,0.013266,0.007546,8.7,4.477
1996-10-28,wheat/winter wheat,2,0.411,0,0.97,173,168.2,0,0,0.3263,5,0.24454,0.245017,0.245073,0.244876,0.007961,0.013263,0.007545,11.6,1.891
1996-10-29,wheat/winter wheat,2,0.412,0,0.98,179,174,0,0,0.3357,6.7,0.244108,0.245268,0.245462,0.244946,0.00796,0.013259,0.007545,10.5,2.797
1996-10-30,wheat/winter wheat,2,0.412,0,0.98,186.4,181,0,0,0.3471,4.7,0.243017,0.244561,0.244848,0.244142,0.007959,0.013256,0.007544,7.6,4.291
1996-10-31,wheat/winter wheat,2,0.413,0,0.98,194.2,188.4,0,0,0.3611,0.3,0.238809,0.241018,0.24188,0.240569,0.007958,0.013253,0.007543,8.5,4.331
1996-11-01,wheat/winter wheat,2,0.413,0,0.98,199.9,193.8,0,0,0.3759,0,0.236345,0.238858,0.239963,0.238389,0.007957,0.013249,0.007542,8.6,2.275
1996-11-02,wheat/winter wheat,2,0.414,0,0.93,205.6,199.2,0,0,0.3866,1.9,0.24152,0.241547,0.241358,0.241475,0.007956,0.013245,0.007542,10.6,2.134
1996-11-03,wheat/winter wheat,2,0.415,0,0.98,211.3,204.6,0,0,0.3973,0.5,0.239645,0.240575,0.240831,0.24035,0.007954,0.013241,0.007541,13.2,2.105
1996-11-04,wheat/winter wheat,2,0.416,0,0.98,222.5,215.1,0,0,0.408,0,0.237396,0.239,0.239693,0.238696,0.007953,0.013237,0.00754,12.6,6.308
1996-11-05,wheat/winter wheat,2,0.417,0,0.98,232.5,224.4,0,0,0.4289,0,0.235682,0.237752,0.238663,0.237366,0.007951,0.013233,0.007539,11.6,4.357
1996-11-06,wheat/winter wheat,2,0.418,0,0.98,239.8,231.2,0,0,0.4474,0.8,0.238786,0.238691,0.238693,0.238723,0.00795,0.013228,0.007538,9,2.814
1996-11-07,wheat/winter wheat,2,0.419,0,0.93,246.8,237.7,0,0,0.461,4.3,0.243915,0.244157,0.243933,0.244002,0.007949,0.013224,0.007537,9,2.479
1996-11-08,wheat/winter wheat,2,0.419,0,0.98,256.4,246.6,0,0,0.4738,0,0.23955,0.240982,0.241646,0.240726,0.007948,0.01322,0.007536,5.1,5.025
1996-11-09,wheat/winter wheat,2,0.42,0,0.99,264.6,254.1,0,0,0.4915,0.8,0.240643,0.240814,0.241031,0.240829,0.007947,0.013217,0.007536,4,3.79
1996-11-10,wheat/winter wheat,2,0.42,0,0.99,273.5,262.3,0,0,0.5065,0.4,0.239867,0.24021,0.240457,0.240178,0.007946,0.013214,0.007535,4.7,3.892
1996-11-11,wheat/winter wheat,2,0.421,0,0.96,283.3,271.4,0,0,0.5228,9.9,0.246025,0.24605,0.245994,0.246023,0.007946,0.013212,0.007534,5.9,4.063
1996-11-12,wheat/winter wheat,2,0.421,0,0.98,287.6,275.4,0,0,0.5407,0,0.240102,0.241671,0.242433,0.241402,0.007945,0.013209,0.007534,4,0.533
1996-11-13,wheat/winter wheat,2,0.422,0,0.98,291.7,279.1,0,0,0.5487,0,0.237484,0.239447,0.240417,0.239116,0.007944,0.013207,0.007533,6.2,0.56
1996-11-14,wheat/winter wheat,2,0.422,0,0.98,300.6,287.2,0,0,0.5561,0,0.236479,0.238184,0.239158,0.23794,0.007944,0.013205,0.007533,2.8,3.88
1996-11-15,wheat/winter wheat,2,0.422,0,0.98,304.7,291,0,0,0.5722,0,0.235679,0.237322,0.238271,0.237091,0.007943,0.013203,0.007532,1.1,0.56
1996-11-16,wheat/winter wheat,2,0.423,0,0.98,308.8,294.7,0,0,0.5796,0,0.234856,0.236624,0.237575,0.236352,0.007943,0.013201,0.007532,3.5,0.56
1996-11-17,wheat/winter wheat,2,0.424,0,0.98,312.8,298.4,0,0,0.5871,0,0.234164,0.236071,0.237022,0.235752,0.007943,0.013199,0.007531,4.5,0.56
1996-11-18,wheat/winter wheat,2,0.425,0,0.89,316.8,302,0,0,0.5944,5,0.244547,0.244316,0.2438,0.244221,0.007942,0.013197,0.007531,5.2,0.56
1996-11-19,wheat/winter wheat,2,0.425,0,0.99,320.5,305.3,0,0,0.6016,1,0.242024,0.242499,0.242702,0.242408,0.007942,0.013196,0.00753,2.8,0.56
1996-11-20,wheat/winter wheat,2,0.426,0,0.98,324.3,308.7,0,0,0.6081,0,0.238657,0.240155,0.240875,0.239896,0.007941,0.013194,0.00753,3.8,0.56
1996-11-21,wheat/winter wheat,2,0.426,0,0.98,328,312.1,0,0,0.6148,0,0.236999,0.238662,0.239537,0.238399,0.007941,0.013193,0.00753,4.4,0.4
1996-11-22,wheat/winter wheat,2,0.427,0,0.98,333,316.6,0,0,0.6215,0,0.235562,0.237525,0.238497,0.237195,0.00794,0.013191,0.007529,4,1.27
1996-11-23,wheat/winter wheat,2,0.427,0,0.98,336.5,319.7,0,0,0.6305,0,0.234815,0.236751,0.237737,0.236434,0.00794,0.013189,0.007529,0.5,0.4
1996-11-24,wheat/winter wheat,2,0.427,0,0.98,336.4,319.6,0,0,0.6367,0,0.23476,0.236342,0.237239,0.236114,0.00794,0.013188,0.007528,-0.3,0.47
1996-11-25,wheat/winter wheat,2,0.427,0,1,336.2,319.5,0,0,0.6365,0,0.234731,0.23605,0.236865,0.235882,0.00794,0.013187,0.007528,-0.3,5.37
1996-11-26,wheat/winter wheat,2,0.427,0,0.98,339.5,322.5,0,0,0.6363,0,0.234351,0.235725,0.236514,0.23553,0.00794,0.013187,0.007528,0.1,0.4
1996-11-27,wheat/winter wheat,2,0.427,0,1,339.3,322.4,0,0,0.6422,1,0.240127,0.238448,0.237452,0.238676,0.00794,0.013186,0.007528,-1.1,0.4
1996-11-28,wheat/winter wheat,2,0.427,0,0.76,342.5,325.3,0,0,0.642,3,0.24408,0.243627,0.242978,0.243562,0.007939,0.013185,0.007528,0.4,0.4
1996-11-29,wheat/winter wheat,2,0.427,0,1,342.3,325.2,0,0,0.6477,1,0.242259,0.242473,0.242547,0.242426,0.007939,0.013185,0.007527,-0.2,1.63
1996-11-30,wheat/winter wheat,2,0.427,0,0.86,345.4,328,0,0,0.6476,7,0.245754,0.245683,0.24561,0.245682,0.007939,0.013184,0.007527,1,0.4
1996-12-01,wheat/winter wheat,2,0.427,0,0.66,348.4,330.7,0,0,0.653,2,0.243619,0.243802,0.24395,0.24379,0.007939,0.013184,0.007527,1.3,0.25
1996-12-02,wheat/winter wheat,2,0.428,0,0.99,351.3,333.3,0,0,0.6583,3,0.244132,0.244173,0.244169,0.244158,0.007939,0.013183,0.007527,3.8,0.25
1996-12-03,wheat/winter wheat,2,0.429,0,0.98,358.2,339.4,0,0,0.6635,0,0.23952,0.240986,0.241696,0.240734,0.007939,0.013183,0.007527,4.1,1.89
1996-12-04,wheat/winter wheat,2,0.431,0,0.98,367.2,347.3,0,0,0.6757,0,0.236944,0.239006,0.239969,0.23864,0.007939,0.013182,0.007527,4.1,2.643
1996-12-05,wheat/winter wheat,2,0.431,0,1,367,347.2,0,0,0.6913,0,0.236458,0.237971,0.238901,0.237777,0.007939,0.013181,0.007526,-0.3,3.608
1996-12-06,wheat/winter wheat,2,0.431,0,1,366.8,347.1,0,0,0.6911,0,0.236458,0.237121,0.238103,0.237227,0.007939,0.013181,0.007526,-2.3,3.163
1996-12-07,wheat/winter wheat,2,0.431,0,0.98,366.6,347,0,0,0.6909,0,0.23645,0.236575,0.237514,0.236846,0.007938,0.01318,0.007526,-1.8,0.871
1996-12-08,wheat/winter wheat,2,0.431,0,0.88,366.4,346.9,0,0,0.6908,0,0.236439,0.236197,0.237069,0.236569,0.007938,0.01318,0.007526,-1.2,0.723
1996-12-09,wheat/winter wheat,2,0.431,0,0.88,366.2,346.8,0,0,0.6906,0,0.236433,0.23592,0.236725,0.236359,0.007938,0.013179,0.007526,-1.9,0.718
1996-12-10,wheat/winter wheat,2,0.431,0,0.88,366,346.7,0,0,0.6904,0,0.236426,0.235708,0.236451,0.236195,0.007938,0.013179,0.007526,-1,0.695
1996-12-11,wheat/winter wheat,2,0.431,0,0.88,365.8,346.6,0,0,0.6902,0,0.236417,0.235707,0.236108,0.236077,0.007938,0.013179,0.007526,-1.4,0.802
1996-12-12,wheat/winter wheat,2,0.431,0,0.88,365.6,346.5,0,0,0.69,0,0.236409,0.235706,0.235852,0.235989,0.007938,0.013179,0.007525,-0.3,0.674
1996-12-13,wheat/winter wheat,2,0.431,0,0.83,369.9,350.3,0,0,0.6898,0,0.23626,0.235687,0.235642,0.235863,0.007938,0.013178,0.007525,0.1,1.106
1996-12-14,wheat/winter wheat,2,0.431,0,1,369.7,350.2,0,0,0.6972,0,0.23626,0.235687,0.235488,0.235811,0.007938,0.013178,0.007525,-2.2,4.291
1996-12-15,wheat/winter wheat,2,0.431,0,0.57,374,354,0,0,0.697,1.5,0.251267,0.235651,0.235336,0.240752,0.007938,0.013178,0.007525,0.9,1.093
1996-12-16,wheat/winter wheat,2,0.431,0,0.3,373.8,353.9,0,0,0.7045,0,0.251266,0.23565,0.235235,0.240717,0.007938,0.013178,0.007525,-2.4,2.042
1996-12-17,wheat/winter wheat,2,0.431,0,0.3,373.6,353.8,0,0,0.7044,0,0.251265,0.23565,0.235149,0.240688,0.007938,0.013178,0.007525,-0.1,1.793
1996-12-18,wheat/winter wheat,2,0.431,0,0.83,377.4,357.1,0,0,0.7042,0,0.251081,0.235626,0.235059,0.240589,0.007938,0.013177,0.007525,0.9,0.897
1996-12-19,wheat/winter wheat,2,0.431,0,1,377.2,357,0,0,0.7108,1.3,0.264521,0.235626,0.234998,0.245048,0.007938,0.013177,0.007525,-0.3,2.119
1996-12-20,wheat/winter wheat,2,0.431,0,1,377,357,0,0,0.7106,0,0.264521,0.235626,0.234944,0.24503,0.007938,0.013177,0.007525,-4,2.499
1996-12-21,wheat/winter wheat,2,0.431,0,1,376.9,356.9,0,0,0.7104,0,0.264521,0.235626,0.234897,0.245015,0.007938,0.013177,0.007525,-7.3,4.963
1996-12-22,wheat/winter wheat,2,0.431,0,1,376.7,356.8,0,0,0.7103,0,0.264521,0.235626,0.234854,0.245,0.007938,0.013177,0.007525,-5.6,1.304
1996-12-23,wheat/winter wheat,2,0.431,0,1,376.6,356.7,0,0,0.7101,0,0.264521,0.235626,0.234816,0.244988,0.007938,0.013177,0.007525,-5.3,1.342
1996-12-24,wheat/winter wheat,2,0.431,0,1,376.4,356.7,0,0,0.71,0,0.264521,0.235626,0.234781,0.244976,0.007938,0.013177,0.007525,-6.9,3.287
1996-12-25,wheat/winter wheat,2,0.431,0,1,376.3,356.6,0,0,0.7099,0,0.264521,0.235626,0.23475,0.244966,0.007938,0.013177,0.007525,-5.4,4.456
1996-12-26,wheat/winter wheat,2,0.431,0,1,376.1,356.5,0,0,0.7097,0,0.264521,0.235626,0.23475,0.244966,0.007938,0.013177,0.007525,-7.4,2.165
1996-12-27,wheat/winter wheat,2,0.431,0,1,376,356.5,0,0,0.7096,0,0.264521,0.235626,0.23475,0.244966,0.007938,0.013177,0.007525,-9.6,2.068
1996-12-28,wheat/winter wheat,2,0.431,0,1,376,356.4,0,0,0.7095,0,0.264521,0.235626,0.23475,0.244966,0.007938,0.013177,0.007525,-14.1,3.288
1996-12-29,wheat/winter wheat,2,0.431,0,1,375.9,356.4,0,0,0.7094,1.8,0.284965,0.235626,0.23475,0.25178,0.007938,0.013177,0.007525,-12.1,1.403
1996-12-30,wheat/winter wheat,2,0.431,0,1,375.8,356.4,0,0,0.7093,0,0.284965,0.235626,0.23475,0.25178,0.007938,0.013177,0.007525,-13.5,4.822
1996-12-31,wheat/winter wheat,2,0.431,0,1,375.7,356.3,0,0,0.7092,0,0.284965,0.235626,0.23475,0.25178,0.007938,0.013177,0.007525,-15.5,3.424
1997-01-01,wheat/winter wheat,2,0.431,0,1,375.7,356.3,0,0,0.7092,0,0.284965,0.235626,0.23475,0.25178,0.007938,0.013177,0.007525,-18.4,4.115
1997-01-02,wheat/winter wheat,2,0.431,0,1,375.6,356.3,0,0,0.7091,0,0.284965,0.235626,0.23475,0.25178,0.007938,0.013177,0.007525,-18,4.082
1997-01-03,wheat/winter wheat,2,0.431,0,1,375.5,356.2,0,0,0.709,0,0.284965,0.235626,0.23475,0.25178,0.007938,0.013177,0.007525,-9.6,1.703
1997-01-04,wheat/winter wheat,2,0.431,0,1,375.4,356.2,0,0,0.7089,0,0.284965,0.235626,0.23475,0.25178,0.007938,0.013177,0.007525,-9.3,2.952
1997-01-05,wheat/winter wheat,2,0.431,0,1,375.3,356.1,0,0,0.7088,0,0.284965,0.235626,0.23475,0.25178,0.007938,0.013177,0.007525,-10.7,2.158
1997-01-06,wheat/winter wheat,2,0.431,0,1,375.2,356,0,0,0.7087,0,0.284965,0.235626,0.23475,0.25178,0.007938,0.013177,0.007525,-5.8,1.619
1997-01-07,wheat/winter wheat,2,0.431,0,1,375,356,0,0,0.7086,0,0.284965,0.235626,0.23475,0.25178,0.007938,0.013177,0.007525,-6.3,2.041
1997-01-08,wheat/winter wheat,2,0.431,0,1,374.9,355.9,0,0,0.7084,0,0.284965,0.235626,0.23475,0.25178,0.007938,0.013177,0.007525,-7.1,1.414
1997-01-09,wheat/winter wheat,2,0.431,0,1,374.7,355.8,0,0,0.7083,0,0.284965,0.235626,0.23475,0.25178,0.007938,0.013177,0.007525,-5.7,2.086
1997-01-10,wheat/winter wheat,2,0.431,0,1,374.6,355.8,0,0,0.7082,0,0.284965,0.235626,0.23475,0.25178,0.007938,0.013177,0.007525,-8,4.385
1997-01-11,wheat/winter wheat,2,0.431,0,1,374.5,355.7,0,0,0.7081,0,0.284965,0.235626,0.23475,0.25178,0.007938,0.013177,0.007525,-6.7,1.651
1997-01-12,wheat/winter wheat,2,0.431,0,1,374.3,355.6,0,0,0.7079,0,0.284965,0.235626,0.23475,0.25178,0.007938,0.013177,0.007525,-6.5,2.54
1997-01-13,wheat/winter wheat,2,0.431,0,1,374.1,355.5,0,0,0.7078,0,0.284965,0.235626,0.23475,0.25178,0.007938,0.013177,0.007525,-0.7,1.895
1997-01-14,wheat/winter wheat,2,0.431,0,1,383.4,363.7,0,0,0.7076,0,0.284965,0.235626,0.23475,0.25178,0.007938,0.013177,0.007525,1.8,4.565
1997-01-15,wheat/winter wheat,2,0.431,0,1,383.1,363.6,0,0,0.7237,0,0.284965,0.235626,0.23475,0.25178,0.007938,0.013177,0.007525,-1,4.872
1997-01-16,wheat/winter wheat,2,0.431,0,1,383,363.5,0,0,0.7235,0,0.284965,0.235626,0.23475,0.25178,0.007938,0.013177,0.007525,-2.8,5.03
1997-01-17,wheat/winter wheat,2,0.431,0,1,382.8,363.4,0,0,0.7233,0,0.284965,0.235626,0.23475,0.25178,0.007938,0.013177,0.007525,-5.2,4.675
1997-01-18,wheat/winter wheat,2,0.431,0,1,382.6,363.3,0,0,0.7231,0,0.284965,0.235626,0.23475,0.25178,0.007938,0.013177,0.007525,-0.6,1.583
1997-01-19,wheat/winter wheat,2,0.431,0,0.84,388.4,368.4,0,0,0.723,0,0.284727,0.235594,0.234728,0.251683,0.007938,0.013177,0.007525,1.4,1.406
1997-01-20,wheat/winter wheat,2,0.431,0,1,388.2,368.3,0,0,0.7331,1.9,0.304469,0.235594,0.234728,0.258264,0.007938,0.013177,0.007525,-0.2,1.06
1997-01-21,wheat/winter wheat,2,0.431,0,1,397.6,376.6,0,0,0.7329,0,0.304469,0.235594,0.234728,0.258264,0.007938,0.013177,0.007525,0.1,4.423
1997-01-22,wheat/winter wheat,2,0.431,0,0.95,407.7,385.5,0,0,0.7493,0,0.304382,0.235582,0.23472,0.258228,0.007938,0.013177,0.007525,0.8,4.518
1997-01-23,wheat/winter wheat,2,0.432,0,0.94,418.5,395,0,0,0.7669,0.2,0.305898,0.235565,0.234707,0.258724,0.007938,0.013177,0.007525,3.4,3.167
1997-01-24,wheat/winter wheat,2,0.433,0,0.84,427.1,402.6,0,0,0.7856,0,0.305652,0.235529,0.234683,0.258621,0.007938,0.013176,0.007525,1.7,2.468
1997-01-25,wheat/winter wheat,2,0.433,0,0.84,426.9,402.5,0,0,0.8007,0,0.305638,0.235527,0.234681,0.258616,0.007938,0.013176,0.007524,-0.7,1.846
1997-01-26,wheat/winter wheat,2,0.433,0,0.84,426.7,402.4,0,0,0.8004,0,0.305631,0.235526,0.23468,0.258613,0.007938,0.013176,0.007524,-2.9,4.686
1997-01-27,wheat/winter wheat,2,0.433,0,0.84,426.5,402.3,0,0,0.8002,0,0.305626,0.235526,0.23468,0.25861,0.007938,0.013176,0.007524,-4.7,5.279
1997-01-28,wheat/winter wheat,2,0.433,0,1,433.5,408.3,0,0,0.8001,0.1,0.306281,0.235526,0.23468,0.258829,0.007938,0.013176,0.007524,0.1,1.577
1997-01-29,wheat/winter wheat,2,0.433,0,0.9,440.8,414.8,0,0,0.8121,0,0.306155,0.235507,0.234667,0.258776,0.007938,0.013176,0.007524,1.2,1.652
1997-01-30,wheat/winter wheat,2,0.434,0,1,448.7,421.7,0,0,0.8249,0.1,0.306768,0.235507,0.234667,0.258981,0.007938,0.013176,0.007524,2.2,1.687
1997-01-31,wheat/winter wheat,2,0.434,0,0.84,462.1,433.4,0,0,0.8384,0,0.305649,0.235337,0.234547,0.258511,0.007938,0.013176,0.007524,1.7,5.484
1997-02-01,wheat/winter wheat,2,0.434,0,0.84,461.9,433.3,0,0,0.8616,0,0.30563,0.235334,0.234545,0.258503,0.007938,0.013175,0.007524,-2,8.005
1997-02-02,wheat/winter wheat,2,0.434,0,0.84,461.7,433.2,0,0,0.8614,0,0.30562,0.235332,0.234544,0.258498,0.007938,0.013175,0.007524,-3.2,7.76
1997-02-03,wheat/winter wheat,2,0.434,0,1,461.5,433.1,0,0,0.8611,9.2,0.409775,0.235332,0.234544,0.293217,0.007938,0.013175,0.007524,-2.9,3.194
1997-02-04,wheat/winter wheat,2,0.434,0,0.59,473,443.1,0,0,0.8609,0.6,0.415788,0.235276,0.234502,0.295189,0.007938,0.013175,0.007524,1.2,3.61
1997-02-05,wheat/winter wheat,2,0.435,0,0.58,484.7,453.3,0,0,0.8808,0.1,0.416293,0.235213,0.234456,0.295321,0.007938,0.013175,0.007524,1.9,3.36
1997-02-06,wheat/winter wheat,2,0.435,0,0.36,498.5,465.3,0,0,0.9009,0,0.416196,0.235141,0.234402,0.295246,0.007938,0.013175,0.007524,1.4,4.658
1997-02-07,wheat/winter wheat,2,0.436,0,0.85,516.4,480.8,0,0,0.9246,0,0.414268,0.234822,0.234176,0.294422,0.007938,0.013175,0.007524,4,7.077
1997-02-08,wheat/winter wheat,2,0.438,0,0.85,535.6,497.2,0,0,0.9553,0,0.412542,0.234528,0.233968,0.293679,0.007938,0.013175,0.007524,4.2,8.363
1997-02-09,wheat/winter wheat,2,0.44,0,0.85,553.1,512.2,0,0,0.9877,0,0.411547,0.234353,0.233844,0.293248,0.007938,0.013174,0.007524,3.7,4.966
1997-02-10,wheat/winter wheat,2,0.443,0,0.95,577.2,532.4,0,0,1.0171,0.8,0.317227,0.33374,0.233609,0.294858,0.007938,0.013174,0.007524,7.7,7.171
1997-02-11,wheat/winter wheat,2,0.446,0,0.95,600.6,551.9,0,0,1.057,1,0.243523,0.413617,0.23328,0.296807,0.007938,0.013174,0.007524,5.5,6.242
1997-02-12,wheat/winter wheat,2,0.448,0,0.97,615.6,564.3,0,0,1.0953,4.3,0.244595,0.45459,0.233237,0.310807,0.007937,0.013174,0.007523,4,3.095
1997-02-13,wheat/winter wheat,2,0.451,0,0.96,633.8,579.1,0,0,1.1197,10,0.245567,0.452155,0.333142,0.343621,0.007937,0.013174,0.007523,6.9,3.447
1997-02-14,wheat/winter wheat,2,0.453,0,0.99,653.4,594.9,0,0,1.1488,1,0.241213,0.364391,0.432903,0.346169,0.007936,0.013174,0.007523,3.6,4.706
1997-02-15,wheat/winter wheat,2,0.453,0,1,653,594.8,0,0,1.1799,0.4,0.24012,0.331708,0.470313,0.34738,0.007936,0.013174,0.007523,-0.3,2.719
1997-02-16,wheat/winter wheat,2,0.453,0,1,652.7,594.6,0,0,1.1796,0.1,0.23877,0.334123,0.470313,0.347735,0.007936,0.013173,0.007523,-2.7,2.995
1997-02-17,wheat/winter wheat,2,0.453,0,1,652.4,594.5,0,0,1.1793,0,0.237585,0.335308,0.470313,0.347735,0.007936,0.013173,0.007523,-3.2,6.658
1997-02-18,wheat/winter wheat,2,0.453,0,0.9,666.8,606.1,0,0,1.179,5.7,0.245264,0.38582,0.470303,0.367129,0.007936,0.013173,0.007523,1,2.357
1997-02-19,wheat/winter wheat,2,0.454,0,0.99,688.9,623.9,0,0,1.2018,0,0.238476,0.390196,0.469936,0.366203,0.007936,0.013173,0.007523,3.4,5.643
1997-02-20,wheat/winter wheat,2,0.456,0,0.99,712.3,642.6,0,0,1.2368,3.5,0.242366,0.417826,0.469917,0.376703,0.007936,0.013173,0.007523,4.6,5.224
1997-02-21,wheat/winter wheat,2,0.46,0,0.99,729.2,655.8,0,0,1.2735,0.9,0.240127,0.426027,0.469996,0.378717,0.007935,0.013173,0.007523,6.8,1.957
1997-02-22,wheat/winter wheat,2,0.463,0,0.98,760.4,680,0,0,1.2994,0,0.235919,0.327013,0.46948,0.344138,0.007935,0.013173,0.007523,7.1,6.806
1997-02-23,wheat/winter wheat,2,0.468,0,0.98,799.5,709.8,0,0,1.3467,0,0.232914,0.244987,0.450075,0.309325,0.007934,0.013172,0.007523,9.1,9.149
1997-02-24,wheat/winter wheat,2,0.473,0,1,832.4,734.3,0,0,1.4047,1.4,0.238559,0.240859,0.420673,0.30003,0.007934,0.01317,0.007523,9.4,6.098
1997-02-25,wheat/winter wheat,2,0.479,0,2.07,858.5,753.3,0,0,1.4525,25.9,0.370313,0.246207,0.415326,0.343949,0.007934,0.013169,0.007523,9.9,3.676
1997-02-26,wheat/winter wheat,2,0.482,0,1.83,887.7,774.3,0,0,1.4894,6.6,0.348435,0.246272,0.41526,0.336656,0.007933,0.013167,0.007523,6.4,5.027
1997-02-27,wheat/winter wheat,2,0.483,0,0.93,922.1,798.9,0,0,1.5302,0,0.247805,0.245723,0.414733,0.302753,0.007933,0.013165,0.007523,3.4,8.528
1997-02-28,wheat/winter wheat,2,0.486,0,1,964.4,828.6,0,0,1.578,0,0.237493,0.240611,0.324516,0.26754,0.007932,0.013163,0.007523,6,10.966
1997-03-01,wheat/winter wheat,2,0.491,0,1,1009.9,860.2,0,0,1.6357,0,0.233054,0.237319,0.245069,0.238481,0.007931,0.013161,0.007523,8.3,8.865
1997-03-02,wheat/winter wheat,2,0.498,0,1,1064.3,896.8,0,0,1.6967,0.2,0.229109,0.234708,0.239108,0.234308,0.007931,0.013159,0.007522,11.5,11.504
1997-03-03,wheat/winter wheat,2,0.501,0,0.98,1114.2,929.9,0,0,1.7675,0,0.224687,0.232866,0.236628,0.231394,0.00793,0.013156,0.007522,6.7,11.429
1997-03-04,wheat/winter wheat,2,0.504,0,0.99,1161.4,960.8,0,0,1.8314,0,0.221653,0.23161,0.235437,0.229567,0.007929,0.013154,0.007522,4.9,13.169
1997-03-05,wheat/winter wheat,2,0.506,0,0.99,1209.5,992.2,0,0,1.8911,0,0.219528,0.230717,0.234748,0.228331,0.007928,0.013151,0.007521,4.9,12.567
1997-03-06,wheat/winter wheat,2,0.509,0,0.99,1242.2,1013.1,0,0,1.9515,0,0.218185,0.230144,0.234351,0.22756,0.007927,0.013149,0.007521,5.9,3.992
1997-03-07,wheat/winter wheat,2,0.511,0,0.99,1290.5,1043.9,0,0,1.9918,0,0.216049,0.229224,0.233752,0.226342,0.007926,0.013146,0.00752,3.9,13.965
1997-03-08,wheat/winter wheat,2,0.514,0,0.99,1338.7,1074.1,0,0,2.051,0,0.213994,0.228326,0.233169,0.225163,0.007925,0.013144,0.00752,6,8.707
1997-03-09,wheat/winter wheat,2,0.517,0,0.99,1390.4,1106.2,0,0,2.109,0,0.212271,0.227563,0.232671,0.224168,0.007925,0.013142,0.007519,5.3,10.244
1997-03-10,wheat/winter wheat,2,0.519,0,0.99,1441.4,1137.5,0,0,2.1707,0,0.210354,0.226701,0.232107,0.223054,0.007924,0.01314,0.007519,4.1,11.394
1997-03-11,wheat/winter wheat,2,0.523,0,0.99,1502.3,1174.4,0,0,2.2308,0,0.207784,0.225532,0.231337,0.221551,0.007923,0.013137,0.007518,6.6,12.539
1997-03-12,wheat/winter wheat,2,0.525,0,0.99,1537.3,1195.4,0,0,2.3015,0,0.206804,0.225079,0.231038,0.220973,0.007923,0.013135,0.007518,3.8,3.956
1997-03-13,wheat/winter wheat,2,0.527,0,0.99,1569.9,1214.7,0,0,2.3418,0,0.206092,0.224747,0.230818,0.220552,0.007922,0.013133,0.007517,5,2.357
1997-03-14,wheat/winter wheat,2,0.533,0,0.99,1610.6,1238.4,0,0,2.3787,0,0.203988,0.223758,0.230161,0.219303,0.007921,0.013131,0.007517,8.6,4.364
1997-03-15,wheat/winter wheat,2,0.537,0,0.98,1650.5,1261.1,0,0,2.4239,3.2,0.234072,0.223627,0.230042,0.229247,0.007921,0.013129,0.007517,8,3.866
1997-03-16,wheat/winter wheat,2,0.538,0,0.95,1702,1290.3,0,0,2.4672,0,0.231758,0.222766,0.229311,0.227945,0.00792,0.013127,0.007516,2.6,10.438
1997-03-17,wheat/winter wheat,2,0.538,0,0.82,1746,1315.2,0,0,2.5229,0.6,0.235507,0.222681,0.229008,0.229066,0.007919,0.013125,0.007516,0.3,9.359
1997-03-18,wheat/winter wheat,2,0.538,0,0.72,1796,1343.6,0,0,2.5704,0,0.234191,0.221932,0.228357,0.22816,0.007919,0.013123,0.007515,0.2,12.212
1997-03-19,wheat/winter wheat,2,0.538,0,1,1795.1,1343.1,0,0,2.6245,5,0.286542,0.221932,0.228357,0.24561,0.007919,0.013122,0.007515,-1,3.9
1997-03-20,wheat/winter wheat,2,0.538,0,1,1794.5,1342.8,0,0,2.6237,0,0.286542,0.221932,0.228357,0.24561,0.007919,0.013122,0.007515,-2.7,11.807
1997-03-21,wheat/winter wheat,2,0.538,0,1,1793.7,1342.4,0,0,2.623,0,0.286542,0.221932,0.228357,0.24561,0.007919,0.013121,0.007515,-1.5,13.446
1997-03-22,wheat/winter wheat,2,0.538,0,0.87,1840.1,1368.7,0,0,2.6223,0.1,0.286897,0.221688,0.228176,0.245587,0.007919,0.01312,0.007514,0,9.448
1997-03-23,wheat/winter wheat,2,0.538,0,0.74,1892.3,1398.3,0,0,2.6725,0,0.285933,0.220973,0.227647,0.244851,0.007919,0.01312,0.007514,0.2,12.512
1997-03-24,wheat/winter wheat,2,0.539,0,0.74,1953.3,1432.8,0,0,2.7289,0,0.284456,0.219879,0.226837,0.243724,0.007919,0.01312,0.007514,1.5,14.596
1997-03-25,wheat/winter wheat,2,0.539,0,0.96,2017,1468.7,0,0,2.7947,0,0.281601,0.218703,0.225863,0.242055,0.007919,0.013119,0.007514,1.8,15.1
1997-03-26,wheat/winter wheat,2,0.542,0,0.98,2091,1510.1,0,0,2.8632,0.9,0.242485,0.24204,0.239413,0.241312,0.007919,0.013119,0.007514,4.2,14.916
1997-03-27,wheat/winter wheat,2,0.548,0,0.99,2178.7,1557.9,0,0,2.9419,0.2,0.234062,0.237552,0.238149,0.236588,0.007918,0.013118,0.007514,9.4,13.256
1997-03-28,wheat/winter wheat,2,0.551,0,0.99,2242.9,1592.2,0,0,3.0326,9.8,0.244541,0.245127,0.245222,0.244963,0.007918,0.013118,0.007514,5.9,8.692
1997-03-29,wheat/winter wheat,2,0.553,0,0.99,2299.5,1622.3,0,0,3.0978,0,0.237862,0.240242,0.241339,0.239814,0.007918,0.013117,0.007514,4.2,6.809
1997-03-30,wheat/winter wheat,2,0.556,0,0.99,2383.2,1666.2,0,0,3.1548,0,0.234201,0.237202,0.238696,0.2367,0.007917,0.013116,0.007513,4.3,18.183
1997-03-31,wheat/winter wheat,2,0.561,0,0.99,2477.9,1714.8,0,0,3.238,0,0.230163,0.234469,0.236359,0.233664,0.007917,0.013114,0.007513,8.3,15.233
1997-04-01,wheat/winter wheat,2,0.567,0,0.99,2586.5,1768.9,0,0,3.3296,0,0.224809,0.231551,0.234032,0.23013,0.007916,0.013113,0.007513,9.5,18.941
1997-04-02,wheat/winter wheat,2,0.573,0,0.99,2660,1804.6,0,0,3.4315,0,0.221843,0.229915,0.232894,0.228217,0.007916,0.013111,0.007513,8.2,9.24
1997-04-03,wheat/winter wheat,2,0.578,0,0.97,2738.1,1841.7,0,0,3.4988,3,0.239149,0.236135,0.233012,0.236099,0.007915,0.013109,0.007512,7.7,10.855
1997-04-04,wheat/winter wheat,2,0.58,0,0.98,2816.6,1878.7,0,0,3.5686,0,0.234667,0.235072,0.232553,0.234097,0.007914,0.013107,0.007512,3.8,14.348
1997-04-05,wheat/winter wheat,2,0.581,0,1,2870.3,1903.9,0,0,3.6381,9.4,0.24588,0.245735,0.245432,0.245682,0.007914,0.013105,0.007511,2.3,5.77
1997-04-06,wheat/winter wheat,2,0.581,0,0.91,2938.9,1936,0,0,3.6854,2,0.242624,0.243053,0.243364,0.243014,0.007913,0.013104,0.007511,1.6,12.817
1997-04-07,wheat/winter wheat,2,0.582,0,1,3021.5,1974.5,0,0,3.7457,0,0.235822,0.238534,0.239841,0.238066,0.007913,0.013102,0.007511,1.8,19.178
1997-04-08,wheat/winter wheat,2,0.583,0,1,3095,2008.6,0,0,3.8181,0,0.232439,0.235716,0.237395,0.235183,0.007912,0.013101,0.00751,2.7,12.857
1997-04-09,wheat/winter wheat,2,0.588,0,1,3166.8,2041.1,0,0,3.882,0,0.228315,0.233149,0.235175,0.232213,0.007912,0.0131,0.00751,7.2,8.557
1997-04-10,wheat/winter wheat,2,0.594,0,1,3260.4,2082.5,0,0,3.9428,0,0.223254,0.230183,0.233004,0.228814,0.007912,0.013099,0.00751,8.5,12.981
1997-04-11,wheat/winter wheat,2,0.598,0,1,3339.8,2116.9,0,0,4.0201,1.1,0.228659,0.22847,0.231793,0.22964,0.007911,0.013097,0.00751,5.9,10.618
1997-04-12,wheat/winter wheat,2,0.599,0,1,3418.4,2150.8,0,0,4.0843,0,0.225501,0.226599,0.230467,0.227522,0.007911,0.013096,0.007509,2.7,13.887
1997-04-13,wheat/winter wheat,2,0.601,0,1,3505.8,2188.1,0,0,4.1476,0,0.221849,0.224419,0.228922,0.225063,0.00791,0.013095,0.007509,3.6,15.914
1997-04-14,wheat/winter wheat,2,0.605,0,0.99,3565.8,2213.1,0,0,4.2171,1.3,0.23117,0.223967,0.228569,0.227902,0.00791,0.013093,0.007509,6.7,4.104
1997-04-15,wheat/winter wheat,2,0.606,0,0.99,3642.9,2245.2,0,0,4.2637,1.2,0.236492,0.224862,0.227765,0.229707,0.00791,0.013092,0.007509,2.2,13.344
1997-04-16,wheat/winter wheat,2,0.608,0,0.98,3738.8,2284.7,0,0,4.3234,0,0.232317,0.223094,0.226117,0.227176,0.007909,0.013091,0.007508,3.1,18.52
1997-04-17,wheat/winter wheat,2,0.612,0,0.98,3829.5,2321.3,0,0,4.3968,0,0.227589,0.220444,0.22406,0.224031,0.007909,0.013089,0.007508,6.3,12.115
1997-04-18,wheat/winter wheat,2,0.616,0,0.98,3901.3,2349.9,0,0,4.4648,0.1,0.225473,0.219245,0.223131,0.222616,0.007908,0.013088,0.007508,5.3,6.385
1997-04-19,wheat/winter wheat,2,0.617,0,0.98,4000.8,2389.1,0,0,4.5178,0,0.222155,0.217353,0.221668,0.220392,0.007908,0.013086,0.007507,3,17.206
1997-04-20,wheat/winter wheat,2,0.618,0,0.98,4098.9,2427.5,0,0,4.5905,0,0.218811,0.215426,0.22018,0.218139,0.007907,0.013085,0.007507,2,17.99
1997-04-21,wheat/winter wheat,2,0.62,0,1,4210.7,2471.1,0,0,4.6618,0,0.214545,0.21276,0.218269,0.215192,0.007907,0.013083,0.007507,3.1,20.728
1997-04-22,wheat/winter wheat,2,0.623,0,1,4319.4,2512.7,0,0,4.7424,0,0.21024,0.210051,0.216324,0.212205,0.007906,0.013081,0.007506,5.1,15.015
1997-04-23,wheat/winter wheat,2,0.626,0,1,4444,2559.6,0,0,4.8193,0,0.205312,0.206929,0.21408,0.208774,0.007906,0.01308,0.007506,4.7,20.225
1997-04-24,wheat/winter wheat,2,0.634,0,1,4603.1,2617.3,0,0,4.9058,0,0.196173,0.201101,0.209885,0.202386,0.007905,0.013078,0.007506,10.4,21.11
1997-04-25,wheat/winter wheat,2,0.641,0,1,4749.5,2668.4,0,0,5.0119,0,0.190715,0.197587,0.20735,0.198551,0.007904,0.013076,0.007505,9.3,16.086
1997-04-26,wheat/winter wheat,2,0.646,0,1,4921.2,2726.9,0,0,5.1058,0,0.184367,0.193453,0.204365,0.194062,0.007903,0.013074,0.007505,7,24.041
1997-04-27,wheat/winter wheat,2,0.655,0,1,5089.3,2781.6,0,0,5.2129,0,0.175881,0.187882,0.200321,0.188028,0.007903,0.013072,0.007504,11.4,19.618
1997-04-28,wheat/winter wheat,2,0.664,0,0.99,5198.8,2815.5,0,0,5.3126,9.4,0.242,0.208935,0.19955,0.216828,0.007902,0.013069,0.007504,11.5,10.025
1997-04-29,wheat/winter wheat,2,0.672,0,0.99,5319.2,2851.1,0,0,5.3743,3,0.242272,0.231819,0.198843,0.224311,0.007901,0.013066,0.007503,11,11.221
1997-04-30,wheat/winter wheat,2,0.679,0,1,5405.7,2875.6,0,0,5.4388,5.9,0.245313,0.244789,0.236701,0.242268,0.0079,0.013064,0.007503,9.4,2.929
1997-05-01,wheat/winter wheat,2,0.686,0,1,5517.2,2905.9,0,0,5.4831,0,0.238,0.239927,0.239125,0.239018,0.007899,0.013061,0.007502,9.5,9.5
1997-05-02,wheat/winter wheat,2,0.698,0,1,5699.5,2952.1,0,0,5.5377,0,0.229169,0.23333,0.235011,0.232503,0.007898,0.013058,0.007502,14.2,19.983
1997-05-03,wheat/winter wheat,3,0.708,0,1,5902.2,3002.7,0,0,5.6208,0,0.221012,0.227913,0.231025,0.22665,0.007896,0.013054,0.007501,12.8,22.204
1997-05-04,wheat/winter wheat,3,0.717,0,1,6106,3053.4,0,0,5.7117,0,0.212878,0.222489,0.227085,0.220817,0.007895,0.013051,0.007501,13.1,23.337
1997-05-05,wheat/winter wheat,3,0.728,0,0.99,6229.4,3084.1,0,0,5.8027,3,0.233474,0.221044,0.225597,0.226705,0.007893,0.013047,0.0075,15.2,11.696
1997-05-06,wheat/winter wheat,3,0.738,0,0.99,6395.2,3125.2,0,0,5.8576,15.4,0.275403,0.242078,0.242539,0.25334,0.007892,0.013043,0.007499,14.6,18.913
1997-05-07,wheat/winter wheat,3,0.743,0,1,6560,3166,0,0,5.9311,0.1,0.239124,0.24069,0.241534,0.240449,0.007891,0.013039,0.007498,6.9,19.457
1997-05-08,wheat/winter wheat,3,0.749,0,1,6710.8,3203.3,0,0,6.0041,0,0.233581,0.23629,0.237927,0.235933,0.007889,0.013035,0.007498,8.6,15.5
1997-05-09,wheat/winter wheat,3,0.757,0,1,6881.1,3245.4,0,0,6.0707,0,0.226952,0.231499,0.234001,0.230817,0.007888,0.01303,0.007497,11.1,18.4
1997-05-10,wheat/winter wheat,3,0.765,0,1,7050.1,3287,0,0,6.1457,3,0.236399,0.234809,0.233107,0.234772,0.007886,0.013026,0.007496,11,18.5
1997-05-11,wheat/winter wheat,3,0.777,0,1,7264.6,3339.8,0,0,6.2199,0,0.225199,0.227655,0.227772,0.226875,0.007885,0.013021,0.007495,16.4,24.2
1997-05-12,wheat/winter wheat,3,0.79,0,1,7436.9,3382,0,0,6.3136,0,0.216238,0.22152,0.223293,0.22035,0.007883,0.013016,0.007494,16.6,18.6
1997-05-13,wheat/winter wheat,3,0.802,0,1,7603.6,3422.8,0,0,6.3886,0,0.208743,0.216372,0.219533,0.214883,0.007881,0.013011,0.007493,16,18.448
1997-05-14,wheat/winter wheat,3,0.815,0,1,7780.6,3465.9,0,0,6.4608,10,0.238551,0.239345,0.237154,0.23835,0.007879,0.013006,0.007492,17.7,21.5
1997-05-15,wheat/winter wheat,3,0.827,0,1,7925.3,3501.2,0,0,6.5371,0,0.230111,0.233362,0.234087,0.23252,0.007877,0.013001,0.007491,15,15.9
1997-05-16,wheat/winter wheat,3,0.842,0,1,8118.3,3548,0,0,6.5993,0,0.21651,0.223957,0.227208,0.222558,0.007875,0.012995,0.00749,19.8,23.392
1997-05-17,wheat/winter wheat,3,0.858,0,1,8317.3,3596,0,0,6.6816,0,0.201596,0.21361,0.219634,0.211614,0.007872,0.012988,0.007489,19.4,25.332
1997-05-18,wheat/winter wheat,3,0.873,0,1,8506.9,3641.7,0,0,6.7661,0,0.188155,0.204252,0.212781,0.201729,0.00787,0.012981,0.007487,19.1,24.631
1997-05-19,wheat/winter wheat,3,0.886,0,1,8635.3,3672.5,0,0,6.8462,7.2,0.238629,0.21028,0.211429,0.220112,0.007867,0.012974,0.007486,16.8,13.37
1997-05-20,wheat/winter wheat,3,0.898,0,1,8754.1,3701,0,0,6.9002,5.9,0.243481,0.240779,0.220461,0.234907,0.007865,0.012967,0.007485,14.6,11.468
1997-05-21,wheat/winter wheat,3,0.908,0,1,8909.5,3738.2,0,0,6.95,14.5,0.274011,0.244402,0.244432,0.254282,0.007863,0.012961,0.007483,13.4,15.23
1997-05-22,wheat/winter wheat,3,0.915,0,1,9006.5,3761.4,0,0,7.0149,0.9,0.244277,0.244285,0.244295,0.244286,0.007861,0.012954,0.007482,8.6,5.47
1997-05-23,wheat/winter wheat,3,0.921,0,1,9135.4,3792.1,0,0,7.0553,1.1,0.238624,0.240224,0.241135,0.239994,0.007859,0.012947,0.007481,8.1,11.736
1997-05-24,wheat/winter wheat,3,0.926,0,1,9326.3,3837.6,0,0,7.1089,0,0.229412,0.23316,0.235556,0.23271,0.007856,0.012941,0.007479,7.5,23.888
1997-05-25,wheat/winter wheat,3,0.934,0,1,9555.7,3892.1,0,0,7.1881,0,0.219361,0.226089,0.230229,0.225227,0.007854,0.012934,0.007478,9.4,28.564
1997-05-26,wheat/winter wheat,3,0.942,0,1,9715.6,3930.1,0,0,7.283,1.1,0.214977,0.222997,0.227958,0.221977,0.007852,0.012928,0.007477,11.1,16.77
1997-05-27,wheat/winter wheat,3,0.95,0,1,9824.6,3955.9,0,0,7.3489,9.9,0.245434,0.244535,0.243242,0.244404,0.007851,0.012922,0.007476,9.6,8.418
1997-05-28,wheat/winter wheat,3,0.957,0,1,10008.1,3999.4,0,0,7.3938,0,0.232969,0.236199,0.237956,0.235708,0.007849,0.012917,0.007474,9.4,21.017
1997-05-29,wheat/winter wheat,3,0.965,0,1,10151,4033.1,0,0,7.4691,0.1,0.227249,0.231872,0.234302,0.231141,0.007847,0.012911,0.007473,9.7,14.092
1997-05-30,wheat/winter wheat,3,0.972,0,1,10321.4,4073.3,0,0,7.5276,2.1,0.231213,0.229681,0.232686,0.231193,0.007845,0.012906,0.007472,9,18.595
1997-05-31,wheat/winter wheat,3,0.979,0,1,10523.8,4121,0,0,7.5971,0,0.221621,0.22287,0.227679,0.224057,0.007844,0.0129,0.007471,8.4,25.105
1997-06-01,wheat/winter wheat,3,0.988,0,1,10657.7,4152.5,0,0,7.6795,0.3,0.21654,0.219255,0.22502,0.220272,0.007842,0.012895,0.00747,10.8,13.511
1997-06-02,wheat/winter wheat,3,0.998,0,1,10903.8,4210.3,0,0,7.7339,0,0.202627,0.209344,0.21773,0.2099,0.00784,0.01289,0.007469,13,30.012
1997-06-03,wheat/winter wheat,3,1.01,0,1,11117.3,4260.3,0,0,7.8334,0,0.191305,0.20126,0.211781,0.201449,0.007839,0.012884,0.007467,13.5,25.429
1997-06-04,wheat/winter wheat,3,1.024,0,1,11322.6,4308.2,0,0,7.9193,0,0.178333,0.191926,0.204909,0.191722,0.007837,0.012879,0.007466,16.5,24.245
1997-06-05,wheat/winter wheat,3,1.039,0,1,11528.8,4356.2,0,0,8.0015,0,0.166885,0.183609,0.19875,0.183081,0.007835,0.012874,0.007465,18.1,25.2
1997-06-06,wheat/winter wheat,3,1.054,0,1,11738.3,4404.8,0,0,8.0837,2,0.158879,0.174945,0.192281,0.175368,0.007834,0.012868,0.007464,16.8,28.1
1997-06-07,wheat/winter wheat,3,1.07,0,0.99,11968.8,4458.1,0,0,8.1667,0,0.142216,0.162064,0.18262,0.1623,0.007832,0.012863,0.007463,19,30.9
1997-06-08,wheat/winter wheat,3,1.087,0,0.98,12158,4501.7,0,0,8.2575,0,0.129427,0.148289,0.172223,0.14998,0.007831,0.012858,0.007462,19.7,25.2
1997-06-09,wheat/winter wheat,4,1.1,0,1,12264.1,4525.6,2.1,1.8,8.3315,0,0.124198,0.142222,0.166229,0.144216,0.007829,0.012854,0.00746,18.5,12.322
1997-06-10,wheat/winter wheat,4,1.1,0,1,12494.3,4572.7,26.5,22.5,8.3719,0,0.116883,0.13334,0.156262,0.135495,0.007828,0.012849,0.007459,17.1,27.458
1997-06-11,wheat/winter wheat,4,1.1,0,1,12727.9,4615.3,73.3,62.3,8.4512,0,0.109641,0.123974,0.144551,0.126055,0.007827,0.012845,0.007458,19,29.825
1997-06-12,wheat/winter wheat,4,1.1,0,1,12912.2,4644.6,128.7,109.4,8.5224,0,0.104386,0.116784,0.13484,0.11867,0.007826,0.012841,0.007457,20.7,24.351
1997-06-13,wheat/winter wheat,4,1.1,0,1,13038.6,4661.9,178.2,151.5,8.571,11.9,0.204127,0.115162,0.132479,0.15059,0.007823,0.012837,0.007456,19.3,16.697
1997-06-14,wheat/winter wheat,4,1.1,0,1,13185.9,4679.2,247.9,210.7,8.5997,8.2,0.239091,0.137919,0.130909,0.169306,0.00782,0.012832,0.007455,17.8,17.484
1997-06-15,wheat/winter wheat,4,1.1,0,1,13334.5,4694.4,328.1,278.9,8.6283,0.3,0.22958,0.135579,0.128409,0.164522,0.007817,0.012827,0.007454,15,15.612
1997-06-16,wheat/winter wheat,4,1.1,0,1,13513.6,4710.4,434.5,369.3,8.6532,0,0.218208,0.13072,0.125155,0.158028,0.007814,0.012822,0.007453,12.6,18.401
1997-06-17,wheat/winter wheat,4,1.1,0,1,13769.8,4729.8,600.8,510.7,8.6793,0,0.202478,0.124748,0.120988,0.149405,0.007811,0.012817,0.007452,13,29.554
1997-06-18,wheat/winter wheat,4,1.1,0,1,13958.7,4741.9,733.3,623.3,8.711,0,0.191227,0.121174,0.118367,0.143589,0.007809,0.012813,0.007452,12.3,20.789
1997-06-19,wheat/winter wheat,4,1.1,0,1,14200.8,4753.8,917.9,780.2,8.7306,0,0.175786,0.116775,0.114993,0.135852,0.007806,0.012809,0.007451,14.7,26.818
1997-06-20,wheat/winter wheat,4,1.1,0,1,14308.5,4757.6,1006,855.1,8.7498,3.3,0.189458,0.116745,0.11497,0.140391,0.007804,0.012805,0.00745,13.4,10.04
1997-06-21,wheat/winter wheat,4,1.1,0,1,14418.7,4760.1,1102.3,936.9,8.7561,0,0.183019,0.115169,0.113725,0.137304,0.007801,0.012801,0.007449,14,10.8
1997-06-22,wheat/winter wheat,4,1.1,0,1,14517.9,4760.9,1195.5,1016.2,8.7601,13,0.243082,0.163078,0.113329,0.173163,0.007799,0.012795,0.007448,16.2,10.8
1997-06-23,wheat/winter wheat,5,1.096,0,1,14688,4759.9,1361.5,1157.3,8.7612,3.9,0.238439,0.178897,0.11255,0.176629,0.007797,0.012788,0.007448,14.6,18.229
1997-06-24,wheat/winter wheat,5,1.093,0,1,14825.9,4758.2,1497,1272.5,8.7554,2.1,0.23582,0.178953,0.112186,0.175653,0.007794,0.012781,0.007447,13.3,13.583
1997-06-25,wheat/winter wheat,5,1.091,0,1,14976.5,4756,1645.3,1398.5,8.7453,0,0.226716,0.172819,0.110837,0.170124,0.007792,0.012774,0.007446,11.8,14.786
1997-06-26,wheat/winter wheat,5,1.087,0,1,15088.2,4753.1,1756.8,1493.3,8.7323,1.9,0.225416,0.171901,0.110651,0.169323,0.00779,0.012768,0.007446,13.9,10.865
1997-06-27,wheat/winter wheat,5,1.082,0,1,15187.1,4748.9,1857.1,1578.5,8.7143,10.1,0.245455,0.233103,0.110631,0.196396,0.007788,0.012761,0.007445,15.8,10.454
1997-06-28,wheat/winter wheat,5,1.075,0,1,15366.5,4742.9,2037.5,1731.9,8.6894,0.5,0.2277,0.228155,0.109845,0.188567,0.007786,0.012754,0.007444,19.9,23.148
1997-06-29,wheat/winter wheat,5,1.064,0,0.99,15508.5,4734.5,2184.3,1856.6,8.6536,0.6,0.209605,0.215045,0.107493,0.177381,0.007783,0.012747,0.007444,23.9,25.44
1997-06-30,wheat/winter wheat,5,1.055,0,1,15603,4724,2286.7,1943.7,8.6028,0.3,0.199295,0.207574,0.106407,0.171092,0.00778,0.012739,0.007443,21.2,15.375
1997-07-01,wheat/winter wheat,5,1.05,0,1,15733.1,4712.4,2425.2,2061.4,8.5401,0,0.18974,0.200653,0.105501,0.165298,0.007778,0.012731,0.007442,16.5,14.584
1997-07-02,wheat/winter wheat,5,1.043,0,1,15939.2,4699.3,2639.4,2243.5,8.4704,0,0.173716,0.188957,0.104105,0.155593,0.007776,0.012724,0.007442,18.4,25.315
1997-07-03,wheat/winter wheat,5,1.036,0,1,16044.8,4684.9,2756.9,2343.4,8.3919,2.2,0.171934,0.185778,0.103776,0.153829,0.007773,0.012716,0.007441,18.3,15.575
1997-07-04,wheat/winter wheat,5,1.031,0,1,16169.6,4669.2,2894.5,2460.3,8.3051,1.8,0.168659,0.183368,0.103535,0.151854,0.007771,0.012708,0.00744,17.2,15.272
1997-07-05,wheat/winter wheat,5,1.025,0,1,16354.6,4652.4,3092,2628.2,8.2113,0.1,0.155301,0.173531,0.102576,0.143803,0.007768,0.012701,0.00744,17.2,22.174
1997-07-06,wheat/winter wheat,5,1.02,0,1,16467.7,4634.8,3220.3,2737.2,8.1107,0,0.14641,0.166057,0.10192,0.138129,0.007767,0.012694,0.007439,15.8,11.774
1997-07-07,wheat/winter wheat,5,1.013,0,1,16676.7,4615.9,3443.7,2927.1,8.0049,0,0.132048,0.151564,0.100739,0.128117,0.007765,0.012688,0.007438,18.5,25.543
1997-07-08,wheat/winter wheat,5,1.006,0,1,16897.2,4595.9,3679.7,3127.8,7.8916,0,0.120364,0.137815,0.099536,0.119238,0.007763,0.012682,0.007438,18.4,26.982
1997-07-09,wheat/winter wheat,5,1.001,0,1,17066.8,4575,3866.8,3286.8,7.7714,0,0.114627,0.130293,0.098776,0.114565,0.007762,0.012677,0.007437,17,19.573
1997-07-10,wheat/winter wheat,5,0.994,0,1,17280.8,4553,4098.6,3483.8,7.6457,0,0.10764,0.120893,0.097742,0.108758,0.007761,0.012673,0.007436,18.2,26.318
1997-07-11,wheat/winter wheat,5,0.988,0,1,17484.9,4530.2,4321.6,3673.4,7.514,0.2,0.103296,0.114333,0.096909,0.104846,0.00776,0.012669,0.007436,17.2,25.052
1997-07-12,wheat/winter wheat,5,0.982,0,1,17703.3,4506.7,4559.6,3875.7,7.3774,0,0.099558,0.107749,0.095991,0.101099,0.007759,0.012665,0.007435,17.5,26.818
1997-07-13,wheat/winter wheat,5,0.977,0,1,17930.4,4482.5,4806.8,4085.8,7.236,0,0.096878,0.103092,0.095175,0.0983818,0.007758,0.012662,0.007434,16.5,26.918
1997-07-14,wheat/winter wheat,5,0.97,0,0.99,18150.4,4457.7,5048,4290.8,7.0911,0,0.09473,0.099854,0.094423,0.0963358,0.007757,0.012659,0.007434,17.6,26.741
1997-07-15,wheat/winter wheat,5,0.964,0,0.99,18256,4432.2,5177.2,4400.6,6.942,1,0.094042,0.098904,0.09415,0.0956988,0.007756,0.012655,0.007433,17.7,14.789
1997-07-16,wheat/winter wheat,5,0.958,0,1,18371.6,4406.1,5317.1,4519.5,6.7892,6.9,0.143557,0.098447,0.093998,0.112001,0.007753,0.012652,0.007432,18,16.089
1997-07-17,wheat/winter wheat,5,0.952,0,1,18486.5,4379.6,5456.9,4638.3,6.6327,17.5,0.243057,0.152383,0.093938,0.163126,0.007751,0.012645,0.007432,17.5,14.716
1997-07-18,wheat/winter wheat,5,0.947,0,1,18544.9,4352.8,5541,4709.9,6.4733,17,0.294068,0.241922,0.104399,0.213463,0.007749,0.012637,0.007431,15.5,3.331
1997-07-19,wheat/winter wheat,5,0.941,0,1,18671.4,4325.8,5692.7,4838.8,6.313,9.8,0.281459,0.243937,0.199856,0.241751,0.007747,0.012628,0.007429,16.9,15.139
1997-07-20,wheat/winter wheat,5,0.936,0,1,18727,4298.8,5774.7,4908.5,6.151,47.6,0.370313,0.246245,0.245338,0.287299,0.007747,0.012621,0.007427,15.7,3.359
1997-07-21,wheat/winter wheat,5,0.931,0,1,18776,4271.6,5850.2,4972.7,5.9885,5.4,0.348435,0.246273,0.246262,0.280323,0.007746,0.012613,0.007426,16.3,3.101
1997-07-22,wheat/winter wheat,5,0.922,0,1.12,18856.6,4243.7,5957.8,5064.1,5.8253,0,0.364479,0.246273,0.246273,0.285675,0.007746,0.012605,0.007424,22,13.259
1997-07-23,wheat/winter wheat,5,0.915,0,0.9,19032.4,4215.6,6159.6,5235.6,5.658,0,0.332269,0.245839,0.244397,0.274168,0.007745,0.012597,0.007422,17.9,22.47
1997-07-24,wheat/winter wheat,5,0.908,0,1,19169.1,4187.4,6323.1,5374.6,5.4898,0.1,0.236877,0.239995,0.241643,0.239505,0.007742,0.012589,0.00742,19.2,18.768
1997-07-25,wheat/winter wheat,5,0.901,0,1,19312.1,4159,6493,5519.1,5.3202,0,0.226224,0.231782,0.234908,0.230971,0.007739,0.012581,0.007418,19.2,19.775
1997-07-26,wheat/winter wheat,5,0.894,0,0.99,19447.7,4130.6,6655.7,5657.3,5.1498,18.4,0.288191,0.243772,0.24413,0.258698,0.007737,0.012573,0.007417,18.4,17.968
1997-07-27,wheat/winter wheat,5,0.887,0,1,19574.2,4102.2,6809.5,5788.1,4.9795,0.1,0.233496,0.237597,0.239622,0.236905,0.007734,0.012564,0.007415,19.2,18.576
1997-07-28,wheat/winter wheat,5,0.88,0,1,19741.4,4074,7003.5,5953,4.8092,0,0.220107,0.228435,0.232313,0.226951,0.007731,0.012556,0.007413,17.7,23.231
1997-07-29,wheat/winter wheat,5,0.874,0,1,19865.5,4046.1,7154.6,6081.5,4.64,0.6,0.212491,0.223681,0.228908,0.221693,0.007728,0.012547,0.007411,17.5,18.148
1997-07-30,wheat/winter wheat,5,0.867,0,1,20031.9,4018.4,7347.6,6245.5,4.4725,0.1,0.201407,0.216852,0.22403,0.214096,0.007725,0.012538,0.007409,18.4,24.08
1997-07-31,wheat/winter wheat,5,0.862,0,1,20111.7,3991.2,7454.1,6336,4.3065,4.4,0.227705,0.216723,0.22393,0.222786,0.007722,0.012529,0.007407,16.5,10.628
1997-08-01,wheat/winter wheat,5,0.858,0,0.98,20246.3,3964.6,7614.5,6472.3,4.1432,0,0.219111,0.212075,0.220298,0.217161,0.00772,0.01252,0.007405,14.8,18.541
1997-08-02,wheat/winter wheat,5,0.852,0,0.99,20381.9,3938.5,7775.5,6609.2,3.9836,0,0.209875,0.206658,0.216468,0.211,0.007717,0.012512,0.007403,16.6,19.976
1997-08-03,wheat/winter wheat,5,0.845,0,0.99,20516.1,3912.7,7934.9,6744.7,3.827,0,0.19923,0.200511,0.212138,0.20396,0.007714,0.012503,0.007401,19.2,21.916
1997-08-04,wheat/winter wheat,5,0.837,0,0.99,20600.7,3887.3,8044.5,6837.9,3.6724,9.7,0.242068,0.234113,0.21133,0.229171,0.007711,0.012495,0.007399,19.6,15.746
1997-08-05,wheat/winter wheat,5,0.83,0,0.98,20750.2,3862.3,8218.6,6985.8,3.5199,0,0.226321,0.22942,0.20729,0.22101,0.007708,0.012486,0.007397,18.9,25.159
1997-08-06,wheat/winter wheat,5,0.823,0,0.99,20837,3837.9,8329.6,7080.2,3.3701,7,0.241834,0.242048,0.22775,0.237211,0.007706,0.012478,0.007395,18.5,16.495
1997-08-07,wheat/winter wheat,5,0.816,0,0.98,20920.5,3814,8436.9,7171.4,3.2234,0,0.230228,0.235426,0.22954,0.231731,0.007703,0.012469,0.007393,18.3,16.779
1997-08-08,wheat/winter wheat,5,0.808,0,0.99,21032.6,3790.6,8572.3,7286.5,3.0801,0,0.218045,0.228958,0.225301,0.224101,0.007699,0.01246,0.007391,20.2,22.706
1997-08-09,wheat/winter wheat,6,0.795,0,0.21,21175.6,3767.7,8738.2,7427.5,2.9396,0,0.21243,0.227712,0.225247,0.221796,0.007696,0.012451,0.007389,20.6,24.172
1997-08-10,wheat/winter wheat,6,0.795,0,0.21,21175.6,3767.7,8738.2,7427.5,2.9396,0,0.206839,0.226467,0.225193,0.2195,0.008051,0.013543,0.007584,21.4,23.5
1997-08-11,,0,0.75,0,0.96,0,0,0,0,0,0,0.184399,0.221453,0.223028,0.209627,0.008044,0.014406,0.00758,21.9,22.312
1997-08-12,,0,0.75,0,0.94,0,0,0,0,0,0,0.162434,0.216481,0.220877,0.19993,0.008039,0.014386,0.007577,22,23.503
1997-08-13,,0,0.75,0,0.93,0,0,0,0,0,0,0.143362,0.212106,0.21898,0.191483,0.008034,0.014365,0.007573,22.2,20.747
1997-08-14,,0,0.75,0,0.92,0,0,0,0,0,0,0.122704,0.207313,0.216898,0.182305,0.00803,0.014343,0.007569,23.5,18.555
1997-08-15,,0,0.75,0,0.91,0,0,0,0,0,0.5,0.116938,0.204783,0.215797,0.179173,0.008027,0.014323,0.007565,19.4,10.523
1997-08-16,,0,0.75,0,0.91,0,0,0,0,0,0,0.100509,0.200912,0.21411,0.171844,0.008025,0.014304,0.007562,19.2,19.991
1997-08-17,,0,0.75,0,0.9,0,0,0,0,0,0,0.082449,0.196612,0.212233,0.163765,0.008023,0.014286,0.007558,19.3,22.553
1997-08-18,,0,0.75,0,0.6,0,0,0,0,0,0,0.072033,0.192111,0.210265,0.158137,0.008022,0.014267,0.007554,18.7,22.42
1997-08-19,,0,0.75,0,0.34,0,0,0,0,0,0,0.068814,0.18717,0.2081,0.154695,0.008021,0.014249,0.007551,21,22.15
1997-08-20,,0,0.75,0,0.27,0,0,0,0,0,0,0.067694,0.182213,0.205924,0.151943,0.008019,0.014231,0.007547,20.8,21.584
1997-08-21,,0,0.75,0,0.27,0,0,0,0,0,0,0.066576,0.177138,0.203691,0.149135,0.008018,0.014213,0.007543,21.1,20.446
1997-08-22,,0,0.75,0,0.27,0,0,0,0,0,0,0.065721,0.173156,0.201935,0.146937,0.008017,0.014196,0.00754,22.4,17.491
1997-08-23,,0,0.75,0,0.27,0,0,0,0,0,1.4,0.079174,0.170556,0.200787,0.150172,0.008016,0.014179,0.007536,21.3,11.779
1997-08-24,,0,0.75,0,0.53,0,0,0,0,0,0,0.071766,0.166711,0.199087,0.145855,0.008014,0.014162,0.007532,23.1,17.405
1997-08-25,,0,0.75,0,0.32,0,0,0,0,0,0,0.068756,0.161645,0.196843,0.142415,0.008013,0.014146,0.007529,22.4,20.71
1997-08-26,,0,0.75,0,0.27,0,0,0,0,0,0,0.067591,0.156579,0.194594,0.139588,0.008011,0.014129,0.007525,22.2,19.555
1997-08-27,,0,0.75,0,0.26,0,0,0,0,0,0,0.066793,0.153018,0.19301,0.137607,0.00801,0.014114,0.007521,21.4,16.349
1997-08-28,,0,0.75,0,0.29,0,0,0,0,0,0,0.065709,0.148091,0.190814,0.134872,0.008009,0.014099,0.007517,21.5,18.946
1997-08-29,,0,0.75,0,0.07,0,0,0,0,0,37.6,0.341547,0.240941,0.197856,0.260115,0.008008,0.014083,0.007514,15,2.36
1997-08-30,,0,0.75,0,0.76,0,0,0,0,0,11.6,0.347444,0.245985,0.245079,0.279502,0.008007,0.014069,0.007511,15.9,12.005
1997-08-31,,0,0.75,0,0.97,0,0,0,0,0,0,0.231757,0.242815,0.244762,0.239778,0.008002,0.014055,0.007508,17.3,20.009
1997-09-01,,0,0.75,0,0.97,0,0,0,0,0,0,0.215325,0.235801,0.239465,0.230197,0.007997,0.014041,0.007505,18.3,19.487
1997-09-02,,0,0.75,0,0.96,0,0,0,0,0,0,0.199378,0.232055,0.236513,0.222649,0.007992,0.014026,0.007502,19.5,17.678
1997-09-03,,0,0.75,0,0.95,0,0,0,0,0,0,0.193877,0.230814,0.235617,0.220102,0.007988,0.014012,0.007499,17.9,4.99
1997-09-04,,0,0.75,0,0.95,0,0,0,0,0,0,0.188598,0.229619,0.23495,0.217722,0.007984,0.013999,0.007496,17.5,4.66
1997-09-05,,0,0.75,0,0.95,0,0,0,0,0,0,0.173719,0.226242,0.233437,0.211132,0.00798,0.013986,0.007494,19.9,17.407
1997-09-06,,0,0.75,0,0.94,0,0,0,0,0,3.2,0.194651,0.223707,0.232336,0.216898,0.007976,0.013973,0.007491,16.9,10.891
1997-09-07,,0,0.75,0,0.95,0,0,0,0,0,0,0.182802,0.221041,0.231176,0.211673,0.007973,0.013961,0.007489,15.1,10.986
1997-09-08,,0,0.75,0,0.94,0,0,0,0,0,0,0.168392,0.217776,0.229754,0.205307,0.00797,0.01395,0.007486,16.6,11.148
1997-09-09,,0,0.75,0,0.94,0,0,0,0,0,0.7,0.161953,0.214704,0.228415,0.201691,0.007967,0.01394,0.007484,13.7,12.722
1997-09-10,,0,0.75,0,0.93,0,0,0,0,0,0,0.149622,0.211879,0.227182,0.196227,0.007965,0.01393,0.007482,12,10.636
1997-09-11,,0,0.75,0,0.92,0,0,0,0,0,0,0.141993,0.210117,0.226412,0.192841,0.007964,0.013921,0.00748,12.1,9.432
1997-09-12,,0,0.75,0,0.92,0,0,0,0,0,2,0.151038,0.207577,0.2253,0.194638,0.007961,0.013912,0.007478,16.6,13.396
1997-09-13,,0,0.75,0,0.93,0,0,0,0,0,2.9,0.170333,0.205346,0.224323,0.200001,0.007959,0.013904,0.007476,13.7,10.667
1997-09-14,,0,0.75,0,0.93,0,0,0,0,0,0,0.158565,0.202685,0.223157,0.194802,0.007957,0.013895,0.007474,11.5,14
1997-09-15,,0,0.75,0,0.93,0,0,0,0,0,0,0.146908,0.200031,0.221992,0.189644,0.007955,0.013887,0.007472,12.5,14.725
1997-09-16,,0,0.75,0,0.92,0,0,0,0,0,0,0.128581,0.195828,0.220146,0.181519,0.007954,0.013879,0.007471,17.2,17.309
1997-09-17,,0,0.75,0,0.91,0,0,0,0,0,0,0.113661,0.192368,0.218624,0.174884,0.007952,0.01387,0.007469,16,12.388
1997-09-18,,0,0.75,0,0.9,0,0,0,0,0,0,0.106722,0.190744,0.217908,0.171791,0.007951,0.013862,0.007467,12,10.634
1997-09-19,,0,0.75,0,0.89,0,0,0,0,0,0,0.097282,0.188525,0.216929,0.167579,0.007951,0.013855,0.007465,10.6,15.871
1997-09-20,,0,0.75,0,0.89,0,0,0,0,0,0,0.089395,0.18666,0.216106,0.164054,0.00795,0.013848,0.007464,8.3,12.912
1997-09-21,,0,0.75,0,0.77,0,0,0,0,0,0,0.083409,0.184811,0.215289,0.16117,0.00795,0.013842,0.007462,8.5,14.61
1997-09-22,wheat/winter wheat,1,0.4,0,0.64,53,53,0,0,0.106,0,0.080908,0.183795,0.21484,0.159847,0.007949,0.013837,0.007461,10.3,13.257
1997-09-23,wheat/winter wheat,1,0.4,0,0.59,53,53,0,0,0.106,0,0.079378,0.183078,0.214522,0.158993,0.007949,0.013831,0.007459,10.7,5.747
1997-09-24,wheat/winter wheat,1,0.4,0,0.56,53,53,0,0,0.106,0,0.077446,0.18208,0.214081,0.157869,0.007948,0.013825,0.007458,11,14.532
1997-09-25,wheat/winter wheat,1,0.4,0,0.52,53,53,0,0,0.106,0,0.075513,0.180931,0.213573,0.156672,0.007948,0.01382,0.007457,12.5,14.393
1997-09-26,wheat/winter wheat,1,0.4,0,0.48,53,53,0,0,0.106,0,0.074256,0.180053,0.213184,0.155831,0.007947,0.013814,0.007455,11.6,12.826
1997-09-27,wheat/winter wheat,1,0.4,0,0.45,53,53,0,0,0.106,0,0.073248,0.179237,0.212822,0.155102,0.007947,0.013808,0.007454,11.6,10.792
1997-09-28,wheat/winter wheat,1,0.4,0,0.41,53,53,0,0,0.106,0,0.072485,0.178454,0.212475,0.154471,0.007946,0.013802,0.007453,8.8,14.294
1997-09-29,wheat/winter wheat,1,0.4,0,0.38,53,53,0,0,0.106,0,0.071795,0.177564,0.21208,0.153813,0.007946,0.013797,0.007451,11.3,13.008
1997-09-30,wheat/winter wheat,1,0.4,0,0.35,53,53,0,0,0.106,0.9,0.080137,0.176462,0.211591,0.156063,0.007946,0.013791,0.00745,13.5,10.112
1997-10-01,wheat/winter wheat,1,0.4,0,0.58,53,53,0,0,0.106,2.7,0.105385,0.175605,0.211211,0.164067,0.007945,0.013786,0.007449,11.4,10.059
1997-10-02,wheat/winter wheat,1,0.4,0,0.92,53,53,0,0,0.106,0.2,0.100944,0.174107,0.210546,0.161866,0.007944,0.013781,0.007447,10.9,9.124
1997-10-03,wheat/winter wheat,2,0.404,0,0.89,56.3,56.2,0,0,0.106,0.2,0.101037,0.173671,0.210352,0.161687,0.007944,0.013776,0.007446,9.5,6.043
1997-10-04,wheat/winter wheat,2,0.404,0,0.88,56.8,56.7,0,0,0.1125,0,0.098651,0.173126,0.21011,0.160629,0.007943,0.013771,0.007445,12.7,3.128
1997-10-05,wheat/winter wheat,2,0.404,0,0.92,57.2,57.1,0,0,0.1134,0.7,0.103809,0.172548,0.20992,0.162092,0.007942,0.013766,0.007444,14.7,3.342
1997-10-06,wheat/winter wheat,2,0.404,0,0.93,61.4,61.2,0,0,0.1142,0.1,0.102072,0.171709,0.20964,0.16114,0.007941,0.01376,0.007443,15.1,7.763
1997-10-07,wheat/winter wheat,2,0.404,0,0.92,65.1,64.9,0,0,0.1224,0,0.099048,0.170757,0.20933,0.159712,0.00794,0.013755,0.007441,15.5,5.381
1997-10-08,wheat/winter wheat,2,0.404,0,0.92,69.9,69.6,0,0,0.1298,0,0.095041,0.169458,0.208918,0.157806,0.00794,0.013749,0.00744,15.5,7.581
1997-10-09,wheat/winter wheat,2,0.404,0,0.88,73.8,73.5,0,0,0.1392,1.1,0.102246,0.168101,0.2085,0.159616,0.007939,0.013743,0.007438,17.8,4.688
1997-10-10,wheat/winter wheat,2,0.404,0,0.8,77.4,77,0,0,0.1469,6.8,0.16838,0.167946,0.208221,0.181515,0.007936,0.013737,0.007437,13.4,3.044
1997-10-11,wheat/winter wheat,2,0.404,0,0.83,81.7,81.3,0,0,0.1539,1.4,0.179207,0.167767,0.207837,0.184937,0.007935,0.013731,0.007436,10.6,5.195
1997-10-12,wheat/winter wheat,2,0.404,0,0.84,86.2,85.7,0,0,0.1624,0,0.177454,0.167666,0.207625,0.184249,0.007933,0.013726,0.007434,8.5,5.876
1997-10-13,wheat/winter wheat,2,0.404,0,0.84,91.7,91.1,0,0,0.1713,0.3,0.17821,0.167533,0.207351,0.184365,0.007932,0.013721,0.007433,8.3,8.461
1997-10-14,wheat/winter wheat,2,0.404,0,0.84,96.7,96,0,0,0.1821,6.1,0.236262,0.168823,0.207157,0.204081,0.007931,0.013717,0.007432,5.6,7.386
1997-10-15,wheat/winter wheat,2,0.404,0,0.87,101,100.2,0,0,0.1918,0.3,0.236761,0.170168,0.207027,0.204652,0.00793,0.013714,0.007431,4.4,5.366
1997-10-16,wheat/winter wheat,2,0.404,0,0.87,106.2,105.4,0,0,0.2003,0,0.234681,0.170495,0.206827,0.204001,0.007929,0.013711,0.00743,3.6,10.24
1997-10-17,wheat/winter wheat,2,0.404,0,0.87,112.3,111.3,0,0,0.2106,0,0.232749,0.170394,0.206593,0.203245,0.007928,0.013709,0.007429,5.6,9.1
1997-10-18,wheat/winter wheat,2,0.404,0,0.87,119.5,118.5,0,0,0.2225,0,0.229452,0.170172,0.206183,0.201935,0.007927,0.013706,0.007428,11,7.64
1997-10-19,wheat/winter wheat,2,0.404,0,0.87,127.6,126.5,0,0,0.2368,0,0.227353,0.170024,0.205918,0.201098,0.007926,0.013703,0.007428,11.4,9.109
1997-10-20,wheat/winter wheat,2,0.404,0,0.87,133.7,132.4,0,0,0.2527,0,0.225383,0.169878,0.205664,0.200309,0.007925,0.013699,0.007427,7.8,4.845
1997-10-21,wheat/winter wheat,2,0.404,0,0.87,139.6,138.2,0,0,0.2647,0,0.223955,0.169769,0.205478,0.199734,0.007924,0.013697,0.007426,2.2,9.871
1997-10-22,wheat/winter wheat,2,0.404,0,0.87,144.8,143.4,0,0,0.2762,0.1,0.223428,0.16967,0.205301,0.199466,0.007924,0.013694,0.007425,2.3,5.179
1997-10-23,wheat/winter wheat,2,0.404,0,0.87,152.2,150.6,0,0,0.2865,1.4,0.234472,0.170111,0.205017,0.2032,0.007923,0.013692,0.007425,6.3,6.686
1997-10-24,wheat/winter wheat,2,0.404,0,0.87,159,157.3,0,0,0.3009,0,0.232626,0.169983,0.204781,0.202463,0.007922,0.01369,0.007424,3.2,8.938
1997-10-25,wheat/winter wheat,2,0.404,0,0.31,163.1,161.3,0,0,0.3143,9.3,0.245965,0.241543,0.213746,0.233752,0.007922,0.013688,0.007424,1.4,1.694
1997-10-26,wheat/winter wheat,2,0.404,0,1,163,161.3,0,0,0.3223,0.4,0.241473,0.241488,0.222428,0.23513,0.007922,0.013686,0.007423,-0.7,5.784
1997-10-27,wheat/winter wheat,2,0.404,0,1,162.9,161.2,0,0,0.3222,0,0.238894,0.239868,0.226628,0.23513,0.007921,0.013685,0.007423,-0.2,8.985
1997-10-28,wheat/winter wheat,2,0.404,0,0.2,168.6,166.9,0,0,0.3222,0,0.237595,0.238694,0.228967,0.235086,0.007921,0.013684,0.007422,0.2,9.046
1997-10-29,wheat/winter wheat,2,0.404,0,0.93,173.9,172,0,0,0.3334,1.8,0.2414,0.241523,0.237587,0.24017,0.007921,0.013683,0.007422,3.3,3.198
1997-10-30,wheat/winter wheat,2,0.405,0,0.92,178.9,176.9,0,0,0.3437,0,0.238003,0.239637,0.238974,0.238871,0.007921,0.013682,0.007422,4.2,2.465
1997-10-31,wheat/winter wheat,2,0.405,0,0.97,183.4,181.4,0,0,0.3535,0,0.236484,0.238288,0.238605,0.237792,0.007921,0.013681,0.007421,3.6,1.704
1997-11-01,wheat/winter wheat,2,0.405,0,0.97,190.3,188.1,0,0,0.3623,0,0.235584,0.237365,0.238018,0.236989,0.00792,0.01368,0.007421,2.3,6.524
1997-11-02,wheat/winter wheat,2,0.406,0,0.86,194.5,192.2,0,0,0.3759,1,0.240005,0.239275,0.23876,0.239346,0.00792,0.013679,0.007421,3,1.246
1997-11-03,wheat/winter wheat,2,0.406,0,0.93,202.2,199.7,0,0,0.384,0.4,0.238863,0.239359,0.239238,0.239153,0.00792,0.013678,0.007421,3.3,6.981
1997-11-04,wheat/winter wheat,2,0.406,0,0.97,208.5,205.9,0,0,0.399,0,0.236778,0.238269,0.238708,0.237918,0.00792,0.013677,0.00742,0,6.726
1997-11-05,wheat/winter wheat,2,0.406,0,0.3,213,210.3,0,0,0.4113,0.2,0.237421,0.237859,0.238269,0.23785,0.007919,0.013676,0.00742,1.4,1.754
1997-11-06,wheat/winter wheat,2,0.407,0,0.94,218.2,215.4,0,0,0.4201,3.5,0.243638,0.243517,0.243075,0.24341,0.007919,0.013675,0.00742,5.5,1.883
1997-11-07,wheat/winter wheat,2,0.409,0,0.98,225.3,222.2,0,0,0.4302,1.2,0.241317,0.242284,0.242499,0.242033,0.007919,0.013674,0.007419,9.8,2.982
1997-11-08,wheat/winter wheat,2,0.41,0,0.98,231.8,228.5,0,0,0.4439,0,0.238164,0.239912,0.240689,0.239588,0.007918,0.013672,0.007419,6.8,2.533
1997-11-09,wheat/winter wheat,2,0.411,0,0.98,240.9,237.1,0,0,0.4563,0.1,0.23713,0.238613,0.239449,0.238397,0.007917,0.01367,0.007419,7.3,4.068
1997-11-10,wheat/winter wheat,2,0.413,0,0.98,249.2,245,0,0,0.4735,0.8,0.238881,0.239277,0.239379,0.239179,0.007917,0.013668,0.007418,8.2,3.397
1997-11-11,wheat/winter wheat,2,0.414,0,0.98,259.3,254.6,0,0,0.4893,0,0.237223,0.238348,0.238808,0.238127,0.007916,0.013666,0.007418,6.9,4.601
1997-11-12,wheat/winter wheat,2,0.415,0,0.98,264.7,259.6,0,0,0.5084,0,0.236215,0.237547,0.23819,0.237318,0.007915,0.013664,0.007417,4.1,1.618
1997-11-13,wheat/winter wheat,2,0.416,0,0.99,269.8,264.4,0,0,0.5184,0.1,0.236211,0.237089,0.237709,0.237003,0.007914,0.013662,0.007417,5.5,1.393
1997-11-14,wheat/winter wheat,2,0.417,0,0.98,274.1,268.4,0,0,0.5279,0,0.235359,0.236579,0.237252,0.236397,0.007914,0.01366,0.007417,4.6,0.931
1997-11-15,wheat/winter wheat,2,0.418,0,0.89,279.8,273.8,0,0,0.5358,6.9,0.245279,0.245234,0.244943,0.245152,0.007913,0.013658,0.007416,3.3,1.9
1997-11-16,wheat/winter wheat,2,0.418,0,0.99,286,279.5,0,0,0.5465,0.1,0.240273,0.241558,0.242192,0.241341,0.007913,0.013657,0.007416,3,2.12
1997-11-17,wheat/winter wheat,2,0.42,0,0.99,291,284.1,0,0,0.5578,0.1,0.238294,0.239688,0.240478,0.239486,0.007913,0.013655,0.007415,5.2,1.293
1997-11-18,wheat/winter wheat,2,0.42,0,0.42,298.7,291.2,0,0,0.567,0.1,0.237657,0.238632,0.239374,0.238554,0.007912,0.013654,0.007415,1.3,3.39
1997-11-19,wheat/winter wheat,2,0.42,0,1,298.6,291.2,0,0,0.5812,0.3,0.240645,0.237507,0.238462,0.238872,0.007912,0.013653,0.007415,-1.5,2.766
1997-11-20,wheat/winter wheat,2,0.42,0,1,298.4,291.1,0,0,0.581,0.3,0.243813,0.236831,0.237786,0.239477,0.007912,0.013652,0.007414,-0.4,4.401
1997-11-21,wheat/winter wheat,2,0.42,0,1,298.2,291,0,0,0.5809,3,0.275809,0.23638,0.23728,0.249823,0.007912,0.013651,0.007414,-0.5,1.042
1997-11-22,wheat/winter wheat,2,0.42,0,0.59,302.3,294.8,0,0,0.5807,1.2,0.288271,0.236036,0.236876,0.253728,0.007912,0.013651,0.007414,0.3,1.083
1997-11-23,wheat/winter wheat,2,0.42,0,0.25,302.2,294.7,0,0,0.5883,0,0.288268,0.235796,0.236571,0.253545,0.007912,0.01365,0.007414,-1,0.877
1997-11-24,wheat/winter wheat,2,0.42,0,1,302,294.6,0,0,0.5881,16,0.461966,0.235611,0.236327,0.311301,0.007912,0.01365,0.007414,-1.2,0.62
1997-11-25,wheat/winter wheat,2,0.42,0,1,301.8,294.6,0,0,0.5879,1.8,0.462511,0.235463,0.236126,0.311367,0.007912,0.013649,0.007414,-0.4,0.866
1997-11-26,wheat/winter wheat,2,0.42,0,1,301.7,294.5,0,0,0.5878,0,0.462986,0.235341,0.235959,0.311429,0.007912,0.013649,0.007413,-0.7,0.851
1997-11-27,wheat/winter wheat,2,0.42,0,1,301.5,294.4,0,0,0.5876,0.1,0.463406,0.23524,0.235817,0.311488,0.007912,0.013648,0.007413,-2.9,1.984
1997-11-28,wheat/winter wheat,2,0.42,0,1,301.4,294.3,0,0,0.5875,0,0.463778,0.235154,0.235696,0.311543,0.007912,0.013648,0.007413,-1.8,0.517
1997-11-29,wheat/winter wheat,2,0.42,0,0.76,304.5,297.2,0,0,0.5873,2,0.46409,0.23508,0.235588,0.311586,0.007912,0.013648,0.007413,1,0.67
1997-11-30,wheat/winter wheat,2,0.421,0,1.67,310.3,302.5,0,0,0.593,0.1,0.464393,0.235016,0.235496,0.311635,0.007912,0.013647,0.007413,5,1.672
1997-12-01,wheat/winter wheat,2,0.422,0,0.64,313.1,305.1,0,0,0.6035,5.7,0.464619,0.234959,0.23541,0.311663,0.007912,0.013647,0.007413,1.7,0.535
1997-12-02,wheat/winter wheat,2,0.422,0,1,313,305.1,0,0,0.6088,0,0.464873,0.234909,0.235339,0.311707,0.007912,0.013646,0.007413,-0.3,4.283
1997-12-03,wheat/winter wheat,2,0.422,0,2.61,316.2,308,0,0,0.6086,0,0.465104,0.234866,0.235274,0.311748,0.007912,0.013646,0.007413,1,0.763
1997-12-04,wheat/winter wheat,2,0.422,0,0.73,319.8,311.3,0,0,0.6146,0.1,0.365288,0.246125,0.245955,0.285789,0.007912,0.013646,0.007412,1.1,0.901
1997-12-05,wheat/winter wheat,2,0.422,0,1,319.6,311.2,0,0,0.6211,0.7,0.451459,0.2405,0.241772,0.311243,0.007912,0.013645,0.007412,-1,2.512
1997-12-06,wheat/winter wheat,2,0.422,0,0.7,324,315.3,0,0,0.6209,2.6,0.4542,0.238462,0.239777,0.310813,0.007912,0.013645,0.007412,1.1,1.252
1997-12-07,wheat/winter wheat,2,0.423,0,1.34,327,318,0,0,0.6289,4.6,0.456228,0.237411,0.238613,0.310751,0.007912,0.013645,0.007412,4.4,0.628
1997-12-08,wheat/winter wheat,2,0.425,0,1.31,333.5,323.8,0,0,0.6343,0.1,0.357778,0.246161,0.246051,0.28333,0.007912,0.013644,0.007412,4.1,1.79
1997-12-09,wheat/winter wheat,2,0.426,0,0.88,341.5,331.1,0,0,0.6458,0,0.338457,0.246248,0.24624,0.276982,0.007912,0.013644,0.007412,3.4,2.331
1997-12-10,wheat/winter wheat,2,0.428,0,1.07,344,333.3,0,0,0.6602,13.7,0.370313,0.246273,0.246272,0.287619,0.007912,0.013643,0.007412,6,0.494
1997-12-11,wheat/winter wheat,2,0.432,0,2.06,350.1,338.6,0,0,0.6646,9.6,0.348435,0.246273,0.246273,0.280327,0.007912,0.013642,0.007412,8.6,1.446
1997-12-12,wheat/winter wheat,2,0.435,0,0.96,352.9,341.1,0,0,0.6752,2.1,0.28945,0.246261,0.246258,0.260656,0.007911,0.013641,0.007411,6.8,0.588
1997-12-13,wheat/winter wheat,2,0.436,0,0.99,355.7,343.5,0,0,0.68,0.7,0.245138,0.245277,0.245327,0.245247,0.007911,0.01364,0.007411,3.4,0.58
1997-12-14,wheat/winter wheat,2,0.436,0,1,361.2,348.3,0,0,0.6849,2.5,0.243973,0.244074,0.244164,0.24407,0.00791,0.013638,0.007411,1.9,1.43
1997-12-15,wheat/winter wheat,2,0.436,0,1,361,348.2,0,0,0.6942,0.2,0.245829,0.23987,0.241083,0.242261,0.00791,0.013637,0.007411,-2.6,0.708
1997-12-16,wheat/winter wheat,2,0.436,0,1,360.9,348.1,0,0,0.694,0,0.245829,0.238161,0.239417,0.241136,0.00791,0.013637,0.00741,-9.9,3.553
1997-12-17,wheat/winter wheat,2,0.436,0,1,360.8,348.1,0,0,0.6939,0,0.245829,0.238161,0.237932,0.240641,0.00791,0.013637,0.00741,-11.6,3.752
1997-12-18,wheat/winter wheat,2,0.436,0,1,360.7,348,0,0,0.6938,0,0.245829,0.238161,0.237097,0.240362,0.00791,0.013637,0.00741,-7.1,3.251
1997-12-19,wheat/winter wheat,2,0.436,0,1,360.5,347.9,0,0,0.6937,0.4,0.250267,0.238161,0.236561,0.241663,0.00791,0.013637,0.00741,-3.9,2.036
1997-12-20,wheat/winter wheat,2,0.436,0,1,360.4,347.8,0,0,0.6936,0,0.250267,0.238161,0.236189,0.241539,0.00791,0.013637,0.00741,-2,1.523
1997-12-21,wheat/winter wheat,2,0.436,0,1,362.9,350.1,0,0,0.6934,0.3,0.253398,0.238161,0.235915,0.242491,0.00791,0.013637,0.00741,0.1,0.349
1997-12-22,wheat/winter wheat,2,0.436,0,0.43,367.2,353.7,0,0,0.6977,0,0.253361,0.238134,0.235684,0.242393,0.00791,0.013637,0.00741,0.3,1.068
1997-12-23,wheat/winter wheat,2,0.436,0,0.3,369.7,355.9,0,0,0.705,0,0.253294,0.238084,0.235485,0.242288,0.00791,0.013637,0.00741,0.1,0.44
1997-12-24,wheat/winter wheat,2,0.437,0,0.84,375,360.5,0,0,0.7093,0,0.253136,0.238062,0.235345,0.242181,0.00791,0.013636,0.00741,1.7,1.364
1997-12-25,wheat/winter wheat,2,0.44,0,0.9,385,369,0,0,0.7184,7.3,0.325435,0.238017,0.23521,0.266221,0.00791,0.013636,0.00741,7.7,3.277
1997-12-26,wheat/winter wheat,2,0.444,0,0.86,395.3,377.7,0,0,0.7351,0.3,0.326229,0.237769,0.234956,0.266318,0.00791,0.013635,0.00741,8.5,2.639
1997-12-27,wheat/winter wheat,2,0.446,0,0.98,399.2,380.9,0,0,0.7522,1.1,0.246057,0.328414,0.234898,0.26979,0.007909,0.013635,0.00741,5.4,0.791
1997-12-28,wheat/winter wheat,2,0.447,0,0.94,404.4,385.2,0,0,0.7586,0,0.240245,0.333919,0.234832,0.269665,0.007909,0.013635,0.007409,3.9,1.127
1997-12-29,wheat/winter wheat,2,0.448,0,1,410.2,390,0,0,0.7671,1.9,0.242902,0.349847,0.234796,0.275848,0.007909,0.013634,0.007409,2.8,1.297
1997-12-30,wheat/winter wheat,2,0.448,0,0.96,418.9,397.2,0,0,0.7764,0,0.239425,0.353281,0.23476,0.275822,0.007908,0.013634,0.007409,2,2.189
1997-12-31,wheat/winter wheat,2,0.449,0,0.93,428.5,405.1,0,0,0.7906,0,0.237629,0.254675,0.246093,0.246132,0.007908,0.013633,0.007409,2.7,2.681
